name,n,profile,term_count,method,score,T,CNOT,depth,gates,peak_ancilla,time_s,anf_verified,plan_nodes,plan_mismatches,circuit_anf_verified,circuit_gates,circuit_max_wire_terms,circuit_mismatches
terms_n20_0000_deep,20,deep,179,adaptive_all_depth,1808.77,1644,2634,2634,990,5,1.0449664989937446,True,7,0,True,168,179,0
terms_n20_0000_deep,20,deep,179,depth2_guard_direct,1808.77,1644,2634,2634,990,5,0.8678695409980719,True,7,0,True,168,179,0
terms_n20_0000_deep,20,deep,179,depth_policy,1808.77,1644,2634,2634,990,5,0.8678695409980719,True,7,0,True,168,179,0
terms_n20_0000_deep,20,deep,179,direct_logical_and,2064.1349999999998,1880,2999,2999,1119,4,1.4590041246265173e-06,True,1,0,True,179,179,0
terms_n20_0000_deep,20,deep,179,screen_depth1,1878.5,1708,2732,2732,1024,5,0.15896037499624072,True,5,0,True,170,179,0
terms_n20_0000_deep,20,deep,179,screen_depth2,1808.77,1644,2634,2634,990,5,0.8678695409980719,True,7,0,True,168,179,0
terms_n20_0000_deep,20,deep,179,screen_single,1950.7099999999998,1776,2838,2838,1062,4,0.018136582999431994,True,3,0,True,174,179,0
terms_n20_0001_shallow,20,shallow,52,adaptive_all_depth,457.08,408,664,664,256,5,0.032664792001014575,True,5,0,True,52,52,0
terms_n20_0001_shallow,20,shallow,52,depth2_guard_direct,457.08,408,664,664,256,5,0.015856666999752633,True,5,0,True,52,52,0
terms_n20_0001_shallow,20,shallow,52,depth_policy,457.08,408,664,664,256,5,0.015856666999752633,True,5,0,True,52,52,0
terms_n20_0001_shallow,20,shallow,52,direct_logical_and,559.48,504,808,808,304,4,1.3329990906640887e-06,True,1,0,True,52,52,0
terms_n20_0001_shallow,20,shallow,52,screen_depth1,457.08,408,664,664,256,5,0.012327875003393274,True,5,0,True,52,52,0
terms_n20_0001_shallow,20,shallow,52,screen_depth2,457.08,408,664,664,256,5,0.015856666999752633,True,5,0,True,52,52,0
terms_n20_0001_shallow,20,shallow,52,screen_single,461.235,412,667,667,255,5,0.004480249997868668,True,3,0,True,49,52,0
terms_n20_0002_mixed,20,mixed,110,adaptive_all_depth,962.71,868,1406,1406,538,6,0.6266359169967473,True,7,0,True,104,110,0
terms_n20_0002_mixed,20,mixed,110,depth2_guard_direct,962.71,868,1406,1406,538,6,0.5063034999984666,True,7,0,True,104,110,0
terms_n20_0002_mixed,20,mixed,110,depth_policy,962.71,868,1406,1406,538,6,0.5063034999984666,True,7,0,True,104,110,0
terms_n20_0002_mixed,20,mixed,110,direct_logical_and,1150.1499999999999,1040,1670,1670,630,6,1.2919990695081651e-06,True,1,0,True,110,110,0
terms_n20_0002_mixed,20,mixed,110,screen_depth1,1019.3249999999999,920,1485,1485,565,6,0.10023150000051828,True,5,0,True,105,110,0
terms_n20_0002_mixed,20,mixed,110,screen_depth2,962.71,868,1406,1406,538,6,0.5063034999984666,True,7,0,True,104,110,0
terms_n20_0002_mixed,20,mixed,110,screen_single,1084.705,980,1577,1577,597,6,0.020100916997762397,True,3,0,True,107,110,0
terms_n20_0003_deep,20,deep,183,adaptive_all_depth,1850.0499999999997,1680,2690,2690,1010,6,1.1590797919998295,True,7,0,True,170,183,0
terms_n20_0003_deep,20,deep,183,depth2_guard_direct,1850.0499999999997,1680,2690,2690,1010,6,0.9407950419990811,True,7,0,True,170,183,0
terms_n20_0003_deep,20,deep,183,depth_policy,1850.0499999999997,1680,2690,2690,1010,6,0.9407950419990811,True,7,0,True,170,183,0
terms_n20_0003_deep,20,deep,183,direct_logical_and,2159.745,1964,3129,3129,1165,6,1.2500022421590984e-06,True,1,0,True,183,183,0
terms_n20_0003_deep,20,deep,183,screen_depth1,1932.895,1756,2807,2807,1051,6,0.20004004200018244,True,5,0,True,173,183,0
terms_n20_0003_deep,20,deep,183,screen_depth2,1850.0499999999997,1680,2690,2690,1010,6,0.9407950419990811,True,7,0,True,170,183,0
terms_n20_0003_deep,20,deep,183,screen_single,2020.22,1836,2932,2932,1096,6,0.01824470800056588,True,3,0,True,178,183,0
terms_n20_0004_shallow,20,shallow,83,adaptive_all_depth,663.4799999999999,596,976,976,380,5,0.4506809160011471,True,7,0,True,82,83,0
terms_n20_0004_shallow,20,shallow,83,depth2_guard_direct,663.4799999999999,596,976,976,380,5,0.3680057079982362,True,7,0,True,82,83,0
terms_n20_0004_shallow,20,shallow,83,depth_policy,663.4799999999999,596,976,976,380,5,0.3680057079982362,True,7,0,True,82,83,0
terms_n20_0004_shallow,20,shallow,83,direct_logical_and,805.095,728,1175,1175,447,4,1.3750031939707696e-06,True,1,0,True,83,83,0
terms_n20_0004_shallow,20,shallow,83,screen_depth1,680.815,612,999,999,387,5,0.07553145800193306,True,5,0,True,81,83,0
terms_n20_0004_shallow,20,shallow,83,screen_depth2,663.4799999999999,596,976,976,380,5,0.3680057079982362,True,7,0,True,82,83,0
terms_n20_0004_shallow,20,shallow,83,screen_single,737.4949999999999,664,1079,1079,415,5,0.007143750000977889,True,3,0,True,83,83,0
terms_n20_0005_mixed,20,mixed,153,adaptive_all_depth,1743.9599999999998,1584,2520,2520,936,6,0.938084291999985,True,7,0,True,144,153,0
terms_n20_0005_mixed,20,mixed,153,depth2_guard_direct,1743.9599999999998,1584,2520,2520,936,6,0.7796523329961929,True,7,0,True,144,153,0
terms_n20_0005_mixed,20,mixed,153,depth_policy,1743.9599999999998,1584,2520,2520,936,6,0.7796523329961929,True,7,0,True,144,153,0
terms_n20_0005_mixed,20,mixed,153,direct_logical_and,2018.595,1836,2907,2907,1071,6,3.8330035749822855e-06,True,1,0,True,153,153,0
terms_n20_0005_mixed,20,mixed,153,screen_depth1,1804.99,1640,2606,2606,966,6,0.13005145900388015,True,5,0,True,146,153,0
terms_n20_0005_mixed,20,mixed,153,screen_depth2,1743.9599999999998,1584,2520,2520,936,6,0.7796523329961929,True,7,0,True,144,153,0
terms_n20_0005_mixed,20,mixed,153,screen_single,1909.585,1736,2753,2753,1017,6,0.02838049999991199,True,3,0,True,149,153,0
terms_n20_0006_deep,20,deep,180,adaptive_all_depth,1667.545,1512,2441,2441,929,6,1.175911249993078,True,7,0,True,173,180,0
terms_n20_0006_deep,20,deep,180,depth2_guard_direct,1667.545,1512,2441,2441,929,6,0.9337994169982267,True,7,0,True,173,180,0
terms_n20_0006_deep,20,deep,180,depth_policy,1667.545,1512,2441,2441,929,6,0.9337994169982267,True,7,0,True,173,180,0
terms_n20_0006_deep,20,deep,180,direct_logical_and,1876.8,1704,2736,2736,1032,6,1.0410003596916795e-06,True,1,0,True,180,180,0
terms_n20_0006_deep,20,deep,180,screen_depth1,1706.76,1548,2496,2496,948,6,0.21117324999795528,True,5,0,True,174,180,0
terms_n20_0006_deep,20,deep,180,screen_depth2,1667.545,1512,2441,2441,929,6,0.9337994169982267,True,7,0,True,173,180,0
terms_n20_0006_deep,20,deep,180,screen_single,1789.5400000000002,1624,2612,2612,988,6,0.030938582996896002,True,3,0,True,176,180,0
terms_n20_0007_shallow,20,shallow,39,adaptive_all_depth,384.7,344,556,556,212,4,0.015315832999476697,True,3,0,True,40,39,0
terms_n20_0007_shallow,20,shallow,39,depth2_guard_direct,384.7,344,556,556,212,4,0.0060408749995986,True,3,0,True,40,39,0
terms_n20_0007_shallow,20,shallow,39,depth_policy,384.7,344,556,556,212,4,0.0060408749995986,True,3,0,True,40,39,0
terms_n20_0007_shallow,20,shallow,39,direct_logical_and,415.085,372,597,597,225,4,6.249974831007421e-07,True,1,0,True,39,39,0
terms_n20_0007_shallow,20,shallow,39,screen_depth1,384.7,344,556,556,212,4,0.0060408749995986,True,3,0,True,40,39,0
terms_n20_0007_shallow,20,shallow,39,screen_depth2,384.7,344,556,556,212,4,0.006033290999766905,True,3,0,True,40,39,0
terms_n20_0007_shallow,20,shallow,39,screen_single,384.7,344,556,556,212,4,0.0032416670001111925,True,3,0,True,40,39,0
terms_n20_0008_mixed,20,mixed,162,adaptive_all_depth,1489.985,1352,2177,2177,825,5,0.930667082007858,True,7,0,True,149,162,0
terms_n20_0008_mixed,20,mixed,162,depth2_guard_direct,1489.985,1352,2177,2177,825,5,0.739340041000105,True,7,0,True,149,162,0
terms_n20_0008_mixed,20,mixed,162,depth_policy,1489.985,1352,2177,2177,825,5,0.739340041000105,True,7,0,True,149,162,0
terms_n20_0008_mixed,20,mixed,162,direct_logical_and,1749.83,1592,2550,2550,958,4,7.500057108700275e-07,True,1,0,True,162,162,0
terms_n20_0008_mixed,20,mixed,162,screen_depth1,1564.195,1420,2283,2283,863,5,0.16341633300180547,True,5,0,True,153,162,0
terms_n20_0008_mixed,20,mixed,162,screen_depth2,1489.985,1352,2177,2177,825,5,0.739340041000105,True,7,0,True,149,162,0
terms_n20_0008_mixed,20,mixed,162,screen_single,1642.7549999999999,1492,2395,2395,903,5,0.027910708005947527,True,3,0,True,157,162,0
terms_n20_0009_deep,20,deep,183,adaptive_all_depth,2089.4049999999997,1896,3021,3021,1125,8,1.1458111669926438,True,7,0,True,177,183,0
terms_n20_0009_deep,20,deep,183,depth2_guard_direct,2089.4049999999997,1896,3021,3021,1125,8,0.9323737090016948,True,7,0,True,177,183,0
terms_n20_0009_deep,20,deep,183,depth_policy,2089.4049999999997,1896,3021,3021,1125,8,0.9323737090016948,True,7,0,True,177,183,0
terms_n20_0009_deep,20,deep,183,direct_logical_and,2353.145,2140,3393,3393,1253,7,9.590003173798323e-07,True,1,0,True,183,183,0
terms_n20_0009_deep,20,deep,183,screen_depth1,2161.42,1964,3124,3124,1160,7,0.17146608299663058,True,5,0,True,178,183,0
terms_n20_0009_deep,20,deep,183,screen_depth2,2089.4049999999997,1896,3021,3021,1125,8,0.9323737090016948,True,7,0,True,177,183,0
terms_n20_0009_deep,20,deep,183,screen_single,2235.435,2032,3227,3227,1195,7,0.04197137499431847,True,3,0,True,179,183,0
terms_n20_0010_shallow,20,shallow,66,adaptive_all_depth,532.0699999999999,476,782,782,306,5,0.11555249900266062,True,7,0,True,68,66,0
terms_n20_0010_shallow,20,shallow,66,depth2_guard_direct,532.0699999999999,476,782,782,306,5,0.06721341599768493,True,7,0,True,68,66,0
terms_n20_0010_shallow,20,shallow,66,depth_policy,536.2249999999999,480,785,785,305,5,0.042852667000261135,True,5,0,True,65,66,0
terms_n20_0010_shallow,20,shallow,66,direct_logical_and,647.39,584,942,942,358,4,7.499984349124134e-07,True,1,0,True,66,66,0
terms_n20_0010_shallow,20,shallow,66,screen_depth1,536.2249999999999,480,785,785,305,5,0.042852667000261135,True,5,0,True,65,66,0
terms_n20_0010_shallow,20,shallow,66,screen_depth2,532.0699999999999,476,782,782,306,5,0.06721341599768493,True,7,0,True,68,66,0
terms_n20_0010_shallow,20,shallow,66,screen_single,566.6099999999999,508,826,826,318,5,0.005486416004714556,True,3,0,True,64,66,0
terms_n20_0011_mixed,20,mixed,108,adaptive_all_depth,1175.705,1060,1697,1697,637,8,0.5575209579983493,True,7,0,True,107,108,0
terms_n20_0011_mixed,20,mixed,108,depth2_guard_direct,1175.705,1060,1697,1697,637,8,0.46713925000221934,True,7,0,True,107,108,0
terms_n20_0011_mixed,20,mixed,108,depth_policy,1175.705,1060,1697,1697,637,8,0.46713925000221934,True,7,0,True,107,108,0
terms_n20_0011_mixed,20,mixed,108,direct_logical_and,1347.77,1220,1938,1938,718,7,7.920025382190943e-07,True,1,0,True,108,108,0
terms_n20_0011_mixed,20,mixed,108,screen_depth1,1197.325,1080,1725,1725,645,8,0.08072295800229767,True,5,0,True,105,108,0
terms_n20_0011_mixed,20,mixed,108,screen_depth2,1175.705,1060,1697,1697,637,8,0.46713925000221934,True,7,0,True,107,108,0
terms_n20_0011_mixed,20,mixed,108,screen_single,1234.3449999999998,1116,1777,1777,661,7,0.009658749993832316,True,3,0,True,103,108,0
terms_n20_0012_deep,20,deep,149,adaptive_all_depth,1676.5549999999998,1520,2427,2427,907,7,0.954519832994265,True,7,0,True,147,149,0
terms_n20_0012_deep,20,deep,149,depth2_guard_direct,1676.5549999999998,1520,2427,2427,907,7,0.7767633330004173,True,7,0,True,147,149,0
terms_n20_0012_deep,20,deep,149,depth_policy,1676.5549999999998,1520,2427,2427,907,7,0.7767633330004173,True,7,0,True,147,149,0
terms_n20_0012_deep,20,deep,149,direct_logical_and,1841.985,1672,2657,2657,985,7,9.159994078800082e-07,True,1,0,True,149,149,0
terms_n20_0012_deep,20,deep,149,screen_depth1,1715.705,1556,2481,2481,925,7,0.15214849999756552,True,5,0,True,147,149,0
terms_n20_0012_deep,20,deep,149,screen_depth2,1676.5549999999998,1520,2427,2427,907,7,0.7767633330004173,True,7,0,True,147,149,0
terms_n20_0012_deep,20,deep,149,screen_single,1767.905,1604,2553,2553,949,7,0.02560799999628216,True,3,0,True,147,149,0
terms_n20_0013_shallow,20,shallow,75,adaptive_all_depth,649.715,584,947,947,363,5,0.2716216259941575,True,7,0,True,71,75,0
terms_n20_0013_shallow,20,shallow,75,depth2_guard_direct,649.715,584,947,947,363,5,0.22536208399833413,True,7,0,True,71,75,0
terms_n20_0013_shallow,20,shallow,75,depth_policy,653.8050000000001,588,949,949,361,5,0.0367651249980554,True,5,0,True,67,75,0
terms_n20_0013_shallow,20,shallow,75,direct_logical_and,826.325,748,1197,1197,449,4,2.24999530473724e-06,True,1,0,True,75,75,0
terms_n20_0013_shallow,20,shallow,75,screen_depth1,653.8050000000001,588,949,949,361,5,0.0367651249980554,True,5,0,True,67,75,0
terms_n20_0013_shallow,20,shallow,75,screen_depth2,649.715,584,947,947,363,5,0.22536208399833413,True,7,0,True,71,75,0
terms_n20_0013_shallow,20,shallow,75,screen_single,736.7149999999999,664,1067,1067,403,5,0.009494416997767985,True,3,0,True,71,75,0
terms_n20_0014_mixed,20,mixed,85,adaptive_all_depth,750.48,676,1096,1096,420,5,0.4567434160053381,True,7,0,True,82,85,0
terms_n20_0014_mixed,20,mixed,85,depth2_guard_direct,750.48,676,1096,1096,420,5,0.3721314580034232,True,7,0,True,82,85,0
terms_n20_0014_mixed,20,mixed,85,depth_policy,750.48,676,1096,1096,420,5,0.3721314580034232,True,7,0,True,82,85,0
terms_n20_0014_mixed,20,mixed,85,direct_logical_and,896.5749999999999,812,1303,1303,491,4,7.079943316057324e-07,True,1,0,True,85,85,0
terms_n20_0014_mixed,20,mixed,85,screen_depth1,763.465,688,1113,1113,425,5,0.07721112499712035,True,5,0,True,81,85,0
terms_n20_0014_mixed,20,mixed,85,screen_depth2,750.48,676,1096,1096,420,5,0.3721314580034232,True,7,0,True,82,85,0
terms_n20_0014_mixed,20,mixed,85,screen_single,820.0799999999999,740,1192,1192,452,5,0.007400833004794549,True,3,0,True,82,85,0
terms_n20_0015_deep,20,deep,208,adaptive_all_depth,2055.9300000000003,1868,2994,2994,1126,6,1.3241832920029992,True,7,0,True,192,208,0
terms_n20_0015_deep,20,deep,208,depth2_guard_direct,2055.9300000000003,1868,2994,2994,1126,6,1.0624548330015386,True,7,0,True,192,208,0
terms_n20_0015_deep,20,deep,208,depth_policy,2055.9300000000003,1868,2994,2994,1126,6,1.0624548330015386,True,7,0,True,192,208,0
terms_n20_0015_deep,20,deep,208,direct_logical_and,2383.2200000000003,2168,3460,3460,1292,6,8.33999365568161e-07,True,1,0,True,208,208,0
terms_n20_0015_deep,20,deep,208,screen_depth1,2138.905,1944,3113,3113,1169,6,0.2084013749990845,True,5,0,True,197,208,0
terms_n20_0015_deep,20,deep,208,screen_depth2,2055.9300000000003,1868,2994,2994,1126,6,1.0624548330015386,True,7,0,True,192,208,0
terms_n20_0015_deep,20,deep,208,screen_single,2239.2149999999997,2036,3255,3255,1219,6,0.05332708400237607,True,3,0,True,201,208,0
terms_n20_0016_shallow,20,shallow,53,adaptive_all_depth,431.655,388,639,639,251,3,0.17425704199558822,True,5,0,True,57,53,0
terms_n20_0016_shallow,20,shallow,53,depth2_guard_direct,431.655,388,639,639,251,3,0.12208020899561234,True,5,0,True,57,53,0
terms_n20_0016_shallow,20,shallow,53,depth_policy,431.655,388,639,639,251,3,0.047786458002519794,True,5,0,True,57,53,0
terms_n20_0016_shallow,20,shallow,53,direct_logical_and,455.49499999999995,412,671,671,259,2,7.499984349124134e-07,True,1,0,True,53,53,0
terms_n20_0016_shallow,20,shallow,53,screen_depth1,431.655,388,639,639,251,3,0.047786458002519794,True,5,0,True,57,53,0
terms_n20_0016_shallow,20,shallow,53,screen_depth2,431.655,388,639,639,251,3,0.12208020899561234,True,5,0,True,57,53,0
terms_n20_0016_shallow,20,shallow,53,screen_single,440.22499999999997,396,649,649,253,3,0.004390374997456092,True,3,0,True,55,53,0
terms_n20_0017_mixed,20,mixed,133,adaptive_all_depth,1092.6399999999999,988,1608,1608,620,5,0.799696459012921,True,7,0,True,126,133,0
terms_n20_0017_mixed,20,mixed,133,depth2_guard_direct,1092.6399999999999,988,1608,1608,620,5,0.6453034580044914,True,7,0,True,126,133,0
terms_n20_0017_mixed,20,mixed,133,depth_policy,1092.6399999999999,988,1608,1608,620,5,0.6453034580044914,True,7,0,True,126,133,0
terms_n20_0017_mixed,20,mixed,133,direct_logical_and,1269.445,1152,1861,1861,709,4,7.499984349124134e-07,True,1,0,True,133,133,0
terms_n20_0017_mixed,20,mixed,133,screen_depth1,1134.14,1028,1668,1668,640,4,0.13104541700158734,True,5,0,True,126,133,0
terms_n20_0017_mixed,20,mixed,133,screen_depth2,1092.6399999999999,988,1608,1608,620,5,0.6453034580044914,True,7,0,True,126,133,0
terms_n20_0017_mixed,20,mixed,133,screen_single,1195.17,1084,1754,1754,670,4,0.023347584006842226,True,3,0,True,128,133,0
terms_n20_0018_deep,20,deep,204,adaptive_all_depth,2175.185,1976,3153,3153,1177,7,1.2149548739980673,True,7,0,True,189,204,0
terms_n20_0018_deep,20,deep,204,depth2_guard_direct,2175.185,1976,3153,3153,1177,7,0.9831972499960102,True,7,0,True,189,204,0
terms_n20_0018_deep,20,deep,204,depth_policy,2175.185,1976,3153,3153,1177,7,0.9831972499960102,True,7,0,True,189,204,0
terms_n20_0018_deep,20,deep,204,direct_logical_and,2493.71,2268,3606,3606,1338,7,1.1250012903474271e-06,True,1,0,True,204,204,0
terms_n20_0018_deep,20,deep,204,screen_depth1,2253.68,2048,3264,3264,1216,7,0.19767720800155075,True,5,0,True,192,204,0
terms_n20_0018_deep,20,deep,204,screen_depth2,2175.185,1976,3153,3153,1177,7,0.9831972499960102,True,7,0,True,189,204,0
terms_n20_0018_deep,20,deep,204,screen_single,2367.105,2152,3425,3425,1273,7,0.034080416000506375,True,3,0,True,197,204,0
terms_n20_0019_shallow,20,shallow,48,adaptive_all_depth,276.665,244,417,417,173,4,0.20203270799538586,True,7,0,True,51,48,0
terms_n20_0019_shallow,20,shallow,48,depth2_guard_direct,276.665,244,417,417,173,4,0.15658466699824203,True,7,0,True,51,48,0
terms_n20_0019_shallow,20,shallow,48,depth_policy,289.65,256,434,434,178,4,0.041419875000428874,True,5,0,True,50,48,0
terms_n20_0019_shallow,20,shallow,48,direct_logical_and,339.72,304,504,504,200,3,8.749993867240846e-07,True,1,0,True,48,48,0
terms_n20_0019_shallow,20,shallow,48,screen_depth1,289.65,256,434,434,178,4,0.041419875000428874,True,5,0,True,50,48,0
terms_n20_0019_shallow,20,shallow,48,screen_depth2,276.665,244,417,417,173,4,0.15658466699824203,True,7,0,True,51,48,0
terms_n20_0019_shallow,20,shallow,48,screen_single,311.335,276,463,463,187,4,0.004028165996714961,True,3,0,True,49,48,0
terms_n20_0020_mixed,20,mixed,71,adaptive_all_depth,693.2800000000001,624,1008,1008,384,5,0.32361375000618864,True,7,0,True,72,71,0
terms_n20_0020_mixed,20,mixed,71,depth2_guard_direct,693.2800000000001,624,1008,1008,384,5,0.27098924999882,True,7,0,True,72,71,0
terms_n20_0020_mixed,20,mixed,71,depth_policy,693.2800000000001,624,1008,1008,384,5,0.27098924999882,True,7,0,True,72,71,0
terms_n20_0020_mixed,20,mixed,71,direct_logical_and,826.065,748,1193,1193,445,4,1.0410003596916795e-06,True,1,0,True,71,71,0
terms_n20_0020_mixed,20,mixed,71,screen_depth1,697.4350000000001,628,1011,1011,383,5,0.04639100000349572,True,5,0,True,69,71,0
terms_n20_0020_mixed,20,mixed,71,screen_depth2,693.2800000000001,624,1008,1008,384,5,0.27098924999882,True,7,0,True,72,71,0
terms_n20_0020_mixed,20,mixed,71,screen_single,710.355,640,1027,1027,387,5,0.006233500003872905,True,3,0,True,67,71,0
terms_n20_0021_deep,20,deep,137,adaptive_all_depth,1373.235,1244,1995,1995,751,6,0.8095488740000292,True,7,0,True,129,137,0
terms_n20_0021_deep,20,deep,137,depth2_guard_direct,1373.235,1244,1995,1995,751,6,0.6663690419954946,True,7,0,True,129,137,0
terms_n20_0021_deep,20,deep,137,depth_policy,1373.235,1244,1995,1995,751,6,0.6663690419954946,True,7,0,True,129,137,0
terms_n20_0021_deep,20,deep,137,direct_logical_and,1608.655,1460,2327,2327,867,6,8.749993867240846e-07,True,1,0,True,137,137,0
terms_n20_0021_deep,20,deep,137,screen_depth1,1412.45,1280,2050,2050,770,6,0.11892229100340046,True,5,0,True,130,137,0
terms_n20_0021_deep,20,deep,137,screen_depth2,1373.235,1244,1995,1995,751,6,0.6663690419954946,True,7,0,True,129,137,0
terms_n20_0021_deep,20,deep,137,screen_single,1482.245,1344,2149,2149,805,6,0.024257541001134086,True,3,0,True,133,137,0
terms_n20_0022_shallow,20,shallow,80,adaptive_all_depth,754.895,680,1103,1103,423,5,0.3814486669944017,True,7,0,True,83,80,0
terms_n20_0022_shallow,20,shallow,80,depth2_guard_direct,754.895,680,1103,1103,423,5,0.2994337499985704,True,7,0,True,83,80,0
terms_n20_0022_shallow,20,shallow,80,depth_policy,754.895,680,1103,1103,423,5,0.2994337499985704,True,7,0,True,83,80,0
terms_n20_0022_shallow,20,shallow,80,direct_logical_and,839.6999999999999,760,1220,1220,460,4,6.250047590583563e-07,True,1,0,True,80,80,0
terms_n20_0022_shallow,20,shallow,80,screen_depth1,759.0500000000001,684,1106,1106,422,5,0.07516941699577728,True,5,0,True,80,80,0
terms_n20_0022_shallow,20,shallow,80,screen_depth2,754.895,680,1103,1103,423,5,0.2994337499985704,True,7,0,True,83,80,0
terms_n20_0022_shallow,20,shallow,80,screen_single,789.4350000000001,712,1147,1147,435,5,0.006845500000054017,True,3,0,True,79,80,0
terms_n20_0023_mixed,20,mixed,100,adaptive_all_depth,912.4050000000001,824,1333,1333,509,5,0.5498413750028703,True,7,0,True,97,100,0
terms_n20_0023_mixed,20,mixed,100,depth2_guard_direct,912.4050000000001,824,1333,1333,509,5,0.45627300000342075,True,7,0,True,97,100,0
terms_n20_0023_mixed,20,mixed,100,depth_policy,912.4050000000001,824,1333,1333,509,5,0.45627300000342075,True,7,0,True,97,100,0
terms_n20_0023_mixed,20,mixed,100,direct_logical_and,1069.1999999999998,968,1552,1552,584,5,8.329952834174037e-07,True,1,0,True,100,100,0
terms_n20_0023_mixed,20,mixed,100,screen_depth1,934.025,844,1361,1361,517,5,0.08475479199842084,True,5,0,True,95,100,0
terms_n20_0023_mixed,20,mixed,100,screen_depth2,912.4050000000001,824,1333,1333,509,5,0.45627300000342075,True,7,0,True,97,100,0
terms_n20_0023_mixed,20,mixed,100,screen_single,990.6400000000001,896,1440,1440,544,5,0.008813583001028746,True,3,0,True,96,100,0
terms_n28_0000_mixed,28,mixed,79,adaptive_all_depth,550.3799999999999,492,820,820,328,5,0.7404475829971489,True,7,0,True,82,79,0
terms_n28_0000_mixed,28,mixed,79,depth2_guard_direct,550.3799999999999,492,820,820,328,5,0.6069537500006845,True,7,0,True,82,79,0
terms_n28_0000_mixed,28,mixed,79,depth_policy,550.3799999999999,492,820,820,328,5,0.6069537500006845,True,7,0,True,82,79,0
terms_n28_0000_mixed,28,mixed,79,direct_logical_and,650.2350000000001,584,955,955,371,5,7.90998456068337e-07,True,1,0,True,79,79,0
terms_n28_0000_mixed,28,mixed,79,screen_depth1,563.3000000000001,504,836,836,332,5,0.12166416599939112,True,5,0,True,80,79,0
terms_n28_0000_mixed,28,mixed,79,screen_depth2,550.3799999999999,492,820,820,328,5,0.6069537500006845,True,7,0,True,82,79,0
terms_n28_0000_mixed,28,mixed,79,screen_single,593.6850000000001,532,877,877,345,5,0.011829666997073218,True,3,0,True,79,79,0
terms_n28_0001_deep,28,deep,145,adaptive_all_depth,1147.7749999999999,1036,1694,1695,659,6,1.4622008329970413,True,7,0,True,141,145,0
terms_n28_0001_deep,28,deep,145,depth2_guard_direct,1147.7749999999999,1036,1694,1695,659,6,1.1640325830012443,True,7,0,True,141,145,0
terms_n28_0001_deep,28,deep,145,depth_policy,1147.7749999999999,1036,1694,1695,659,6,1.1640325830012443,True,7,0,True,141,145,0
terms_n28_0001_deep,28,deep,145,direct_logical_and,1361.185,1232,1992,1993,761,6,1.0000003385357559e-06,True,1,0,True,145,145,0
terms_n28_0001_deep,28,deep,145,screen_depth1,1182.575,1068,1742,1743,675,6,0.25482658299733885,True,5,0,True,141,145,0
terms_n28_0001_deep,28,deep,145,screen_depth2,1147.7749999999999,1036,1694,1695,659,6,1.1640325830012443,True,7,0,True,141,145,0
terms_n28_0001_deep,28,deep,145,screen_single,1234.7749999999999,1116,1814,1815,699,6,0.043341666998458095,True,3,0,True,141,145,0
terms_n28_0002_shallow,28,shallow,30,adaptive_all_depth,245.16000000000003,220,359,360,140,2,0.02564741700189188,True,1,0,True,30,30,0
terms_n28_0002_shallow,28,shallow,30,depth2_guard_direct,245.16000000000003,220,359,360,140,2,0.014833000001090113,True,1,0,True,30,30,0
terms_n28_0002_shallow,28,shallow,30,depth_policy,245.16000000000003,220,359,360,140,2,0.004568666998238768,True,1,0,True,30,30,0
terms_n28_0002_shallow,28,shallow,30,direct_logical_and,245.16000000000003,220,359,360,140,2,1.334003172814846e-06,True,1,0,True,30,30,0
terms_n28_0002_shallow,28,shallow,30,screen_depth1,245.16000000000003,220,359,360,140,2,0.014833000001090113,True,1,0,True,30,30,0
terms_n28_0002_shallow,28,shallow,30,screen_depth2,245.16000000000003,220,359,360,140,2,0.006245750002563,True,1,0,True,30,30,0
terms_n28_0002_shallow,28,shallow,30,screen_single,245.16000000000003,220,359,360,140,2,0.004568666998238768,True,1,0,True,30,30,0
terms_n28_0003_mixed,28,mixed,144,adaptive_all_depth,1219.3099999999997,1104,1790,1790,686,5,1.410195874996134,True,7,0,True,134,144,0
terms_n28_0003_mixed,28,mixed,144,depth2_guard_direct,1219.3099999999997,1104,1790,1790,686,5,1.1211020829941845,True,7,0,True,134,144,0
terms_n28_0003_mixed,28,mixed,144,depth_policy,1219.3099999999997,1104,1790,1790,686,5,1.1211020829941845,True,7,0,True,134,144,0
terms_n28_0003_mixed,28,mixed,144,direct_logical_and,1500.7099999999998,1364,2190,2190,826,4,8.749993867240846e-07,True,1,0,True,144,144,0
terms_n28_0003_mixed,28,mixed,144,screen_depth1,1284.625,1164,1881,1881,717,5,0.25340329200116685,True,5,0,True,135,144,0
terms_n28_0003_mixed,28,mixed,144,screen_depth2,1219.3099999999997,1104,1790,1790,686,5,1.1211020829941845,True,7,0,True,134,144,0
terms_n28_0003_mixed,28,mixed,144,screen_single,1389.285,1260,2029,2029,769,5,0.03569050000078278,True,3,0,True,139,144,0
terms_n28_0004_deep,28,deep,181,adaptive_all_depth,1852.1799999999998,1680,2692,2692,1012,7,1.8698967500022263,True,7,0,True,172,181,0
terms_n28_0004_deep,28,deep,181,depth2_guard_direct,1852.1799999999998,1680,2692,2692,1012,7,1.5290945829983684,True,7,0,True,172,181,0
terms_n28_0004_deep,28,deep,181,depth_policy,1852.1799999999998,1680,2692,2692,1012,7,1.5290945829983684,True,7,0,True,172,181,0
terms_n28_0004_deep,28,deep,181,direct_logical_and,2131.165,1936,3085,3085,1149,7,8.330025593750179e-07,True,1,0,True,181,181,0
terms_n28_0004_deep,28,deep,181,screen_depth1,1930.675,1752,2803,2803,1051,7,0.2868205830018269,True,5,0,True,175,181,0
terms_n28_0004_deep,28,deep,181,screen_depth2,1852.1799999999998,1680,2692,2692,1012,7,1.5290945829983684,True,7,0,True,172,181,0
terms_n28_0004_deep,28,deep,181,screen_single,2017.805,1832,2925,2925,1093,7,0.05398158400203101,True,3,0,True,177,181,0
terms_n28_0005_shallow,28,shallow,39,adaptive_all_depth,189.49500000000003,168,295,295,127,2,0.08677791600348428,True,5,0,True,43,39,0
terms_n28_0005_shallow,28,shallow,39,depth2_guard_direct,189.49500000000003,168,295,295,127,2,0.04650695800228277,True,5,0,True,43,39,0
terms_n28_0005_shallow,28,shallow,39,depth_policy,189.49500000000003,168,295,295,127,2,0.04650695800228277,True,5,0,True,43,39,0
terms_n28_0005_shallow,28,shallow,39,direct_logical_and,208.985,188,321,321,133,1,1.7499987734481692e-06,True,1,0,True,39,39,0
terms_n28_0005_shallow,28,shallow,39,screen_depth1,189.49500000000003,168,295,295,127,2,0.027144542000314686,True,5,0,True,43,39,0
terms_n28_0005_shallow,28,shallow,39,screen_depth2,189.49500000000003,168,295,295,127,2,0.04650695800228277,True,5,0,True,43,39,0
terms_n28_0005_shallow,28,shallow,39,screen_single,198.06499999999997,176,305,305,129,2,0.01312641600088682,True,3,0,True,41,39,0
terms_n28_0006_mixed,28,mixed,79,adaptive_all_depth,719.9899999999999,648,1053,1054,406,5,0.5136464580064057,True,7,0,True,82,79,0
terms_n28_0006_mixed,28,mixed,79,depth2_guard_direct,719.9899999999999,648,1053,1054,406,5,0.378113625003607,True,7,0,True,82,79,0
terms_n28_0006_mixed,28,mixed,79,depth_policy,719.9899999999999,648,1053,1054,406,5,0.378113625003607,True,7,0,True,82,79,0
terms_n28_0006_mixed,28,mixed,79,direct_logical_and,824.1949999999999,744,1194,1195,451,5,9.159994078800082e-07,True,1,0,True,79,79,0
terms_n28_0006_mixed,28,mixed,79,screen_depth1,732.91,660,1069,1070,410,5,0.12330875000043306,True,5,0,True,80,79,0
terms_n28_0006_mixed,28,mixed,79,screen_depth2,719.9899999999999,648,1053,1054,406,5,0.378113625003607,True,7,0,True,82,79,0
terms_n28_0006_mixed,28,mixed,79,screen_single,758.88,684,1103,1104,420,5,0.01222408300236566,True,3,0,True,78,79,0
terms_n28_0007_deep,28,deep,217,adaptive_all_depth,2061.19,1872,3014,3014,1142,6,2.3650411240014364,True,7,0,True,206,217,0
terms_n28_0007_deep,28,deep,217,depth2_guard_direct,2061.19,1872,3014,3014,1142,6,1.9383532499996363,True,7,0,True,206,217,0
terms_n28_0007_deep,28,deep,217,depth_policy,2061.19,1872,3014,3014,1142,6,1.9383532499996363,True,7,0,True,206,217,0
terms_n28_0007_deep,28,deep,217,direct_logical_and,2318.555,2108,3379,3379,1271,6,2.0000006770715117e-06,True,1,0,True,217,217,0
terms_n28_0007_deep,28,deep,217,screen_depth1,2113.6499999999996,1920,3090,3090,1170,6,0.37670791600248776,True,5,0,True,210,217,0
terms_n28_0007_deep,28,deep,217,screen_depth2,2061.19,1872,3014,3014,1142,6,1.9383532499996363,True,7,0,True,206,217,0
terms_n28_0007_deep,28,deep,217,screen_single,2183.38,1984,3188,3188,1204,6,0.04997995799931232,True,3,0,True,212,217,0
terms_n28_0008_shallow,28,shallow,44,adaptive_all_depth,320.06,288,476,476,188,2,0.019365291998838075,True,1,0,True,44,44,0
terms_n28_0008_shallow,28,shallow,44,depth2_guard_direct,320.06,288,476,476,188,2,0.006443958998715971,True,1,0,True,44,44,0
terms_n28_0008_shallow,28,shallow,44,depth_policy,320.06,288,476,476,188,2,0.006443958998715971,True,1,0,True,44,44,0
terms_n28_0008_shallow,28,shallow,44,direct_logical_and,320.06,288,476,476,188,2,5.830006557516754e-07,True,1,0,True,44,44,0
terms_n28_0008_shallow,28,shallow,44,screen_depth1,320.06,288,476,476,188,2,0.006446999999752734,True,1,0,True,44,44,0
terms_n28_0008_shallow,28,shallow,44,screen_depth2,320.06,288,476,476,188,2,0.006443958998715971,True,1,0,True,44,44,0
terms_n28_0008_shallow,28,shallow,44,screen_single,320.06,288,476,476,188,2,0.00647433300036937,True,1,0,True,44,44,0
terms_n28_0009_mixed,28,mixed,162,adaptive_all_depth,1638.34,1488,2388,2388,900,5,1.706228832998022,True,7,0,True,156,162,0
terms_n28_0009_mixed,28,mixed,162,depth2_guard_direct,1638.34,1488,2388,2388,900,5,1.3900334589998238,True,7,0,True,156,162,0
terms_n28_0009_mixed,28,mixed,162,depth_policy,1638.34,1488,2388,2388,900,5,1.3900334589998238,True,7,0,True,156,162,0
terms_n28_0009_mixed,28,mixed,162,direct_logical_and,1849.8799999999999,1684,2688,2688,1004,4,8.749993867240846e-07,True,1,0,True,162,162,0
terms_n28_0009_mixed,28,mixed,162,screen_depth1,1686.19,1532,2454,2454,922,5,0.26491629100200953,True,5,0,True,156,162,0
terms_n28_0009_mixed,28,mixed,162,screen_depth2,1638.34,1488,2388,2388,900,5,1.3900334589998238,True,7,0,True,156,162,0
terms_n28_0009_mixed,28,mixed,162,screen_single,1755.9199999999998,1596,2552,2552,956,5,0.05127908299618866,True,3,0,True,158,162,0
terms_n28_0010_deep,28,deep,211,adaptive_all_depth,2462.8050000000003,2240,3557,3557,1317,7,2.256046916998457,True,7,0,True,197,211,0
terms_n28_0010_deep,28,deep,211,depth2_guard_direct,2462.8050000000003,2240,3557,3557,1317,7,1.8097602920024656,True,7,0,True,197,211,0
terms_n28_0010_deep,28,deep,211,depth_policy,2462.8050000000003,2240,3557,3557,1317,7,1.8097602920024656,True,7,0,True,197,211,0
terms_n28_0010_deep,28,deep,211,direct_logical_and,2792.315,2544,4027,4027,1483,6,9.170034900307655e-07,True,1,0,True,211,211,0
terms_n28_0010_deep,28,deep,211,screen_depth1,2554.415,2324,3687,3687,1363,7,0.3917851250007516,True,5,0,True,201,211,0
terms_n28_0010_deep,28,deep,211,screen_depth2,2462.8050000000003,2240,3557,3557,1317,7,1.8097602920024656,True,7,0,True,197,211,0
terms_n28_0010_deep,28,deep,211,screen_single,2650.44,2412,3824,3824,1412,7,0.05450149999524001,True,3,0,True,206,211,0
terms_n28_0011_shallow,28,shallow,33,adaptive_all_depth,269.145,240,393,393,153,3,0.027791374996013474,True,1,0,True,33,33,0
terms_n28_0011_shallow,28,shallow,33,depth2_guard_direct,269.145,240,393,393,153,3,0.01693870799499564,True,1,0,True,33,33,0
terms_n28_0011_shallow,28,shallow,33,depth_policy,269.145,240,393,393,153,3,0.01693870799499564,True,1,0,True,33,33,0
terms_n28_0011_shallow,28,shallow,33,direct_logical_and,269.145,240,393,393,153,3,3.082997864112258e-06,True,1,0,True,33,33,0
terms_n28_0011_shallow,28,shallow,33,screen_depth1,269.145,240,393,393,153,3,0.004995791998226196,True,1,0,True,33,33,0
terms_n28_0011_shallow,28,shallow,33,screen_depth2,269.145,240,393,393,153,3,0.01693870799499564,True,1,0,True,33,33,0
terms_n28_0011_shallow,28,shallow,33,screen_single,269.145,240,393,393,153,3,0.005856875002791639,True,1,0,True,33,33,0
terms_n28_0012_mixed,28,mixed,70,adaptive_all_depth,689.1250000000001,620,1005,1005,385,5,0.3230836249931599,True,7,0,True,75,70,0
terms_n28_0012_mixed,28,mixed,70,depth2_guard_direct,689.1250000000001,620,1005,1005,385,5,0.19590770799550228,True,7,0,True,75,70,0
terms_n28_0012_mixed,28,mixed,70,depth_policy,689.1250000000001,620,1005,1005,385,5,0.19590770799550228,True,7,0,True,75,70,0
terms_n28_0012_mixed,28,mixed,70,direct_logical_and,760.75,688,1102,1102,414,4,1.0410003596916795e-06,True,1,0,True,70,70,0
terms_n28_0012_mixed,28,mixed,70,screen_depth1,693.2800000000001,624,1008,1008,384,5,0.10615770800359314,True,5,0,True,72,70,0
terms_n28_0012_mixed,28,mixed,70,screen_depth2,689.1250000000001,620,1005,1005,385,5,0.19590770799550228,True,7,0,True,75,70,0
terms_n28_0012_mixed,28,mixed,70,screen_single,719.25,648,1042,1042,394,5,0.02101820899406448,True,3,0,True,70,70,0
terms_n28_0013_deep,28,deep,244,adaptive_all_depth,3148.0299999999997,2868,4534,4534,1666,7,2.74182525100332,True,7,0,True,232,244,0
terms_n28_0013_deep,28,deep,244,depth2_guard_direct,3148.0299999999997,2868,4534,4534,1666,7,2.231224499999371,True,7,0,True,232,244,0
terms_n28_0013_deep,28,deep,244,depth_policy,3148.0299999999997,2868,4534,4534,1666,7,2.231224499999371,True,7,0,True,232,244,0
terms_n28_0013_deep,28,deep,244,direct_logical_and,3535.9599999999996,3224,5080,5080,1856,7,1.0000003385357559e-06,True,1,0,True,244,244,0
terms_n28_0013_deep,28,deep,244,screen_depth1,3270.0249999999996,2980,4705,4705,1725,7,0.44822220900096,True,5,0,True,235,244,0
terms_n28_0013_deep,28,deep,244,screen_depth2,3148.0299999999997,2868,4534,4534,1666,7,2.231224499999371,True,7,0,True,232,244,0
terms_n28_0013_deep,28,deep,244,screen_single,3392.15,3092,4878,4878,1786,7,0.06237854200298898,True,3,0,True,240,244,0
terms_n28_0014_shallow,28,shallow,68,adaptive_all_depth,662.6999999999999,596,964,964,368,5,0.11000912499730475,True,3,0,True,70,68,0
terms_n28_0014_shallow,28,shallow,68,depth2_guard_direct,662.6999999999999,596,964,964,368,5,0.04762545799894724,True,3,0,True,70,68,0
terms_n28_0014_shallow,28,shallow,68,depth_policy,662.6999999999999,596,964,964,368,5,0.04762545799894724,True,3,0,True,70,68,0
terms_n28_0014_shallow,28,shallow,68,direct_logical_and,682.3199999999999,616,992,992,376,4,6.67001586407423e-07,True,1,0,True,68,68,0
terms_n28_0014_shallow,28,shallow,68,screen_depth1,662.6999999999999,596,964,964,368,5,0.051987250000820495,True,3,0,True,70,68,0
terms_n28_0014_shallow,28,shallow,68,screen_depth2,662.6999999999999,596,964,964,368,5,0.04762545799894724,True,3,0,True,70,68,0
terms_n28_0014_shallow,28,shallow,68,screen_single,662.6999999999999,596,964,964,368,5,0.010396416997537017,True,3,0,True,70,68,0
terms_n28_0015_mixed,28,mixed,158,adaptive_all_depth,1313.635,1188,1931,1931,743,6,1.5739156679992448,True,7,0,True,149,158,0
terms_n28_0015_mixed,28,mixed,158,depth2_guard_direct,1313.635,1188,1931,1931,743,6,1.265561041996989,True,7,0,True,149,158,0
terms_n28_0015_mixed,28,mixed,158,depth_policy,1313.635,1188,1931,1931,743,6,1.265561041996989,True,7,0,True,149,158,0
terms_n28_0015_mixed,28,mixed,158,direct_logical_and,1553.4699999999998,1408,2270,2270,862,6,2.0419975044205785e-06,True,1,0,True,158,158,0
terms_n28_0015_mixed,28,mixed,158,screen_depth1,1370.315,1240,2011,2011,771,6,0.281340542001999,True,5,0,True,151,158,0
terms_n28_0015_mixed,28,mixed,158,screen_depth2,1313.635,1188,1931,1931,743,6,1.265561041996989,True,7,0,True,149,158,0
terms_n28_0015_mixed,28,mixed,158,screen_single,1453.1599999999999,1316,2128,2128,812,6,0.027014084000256844,True,3,0,True,154,158,0
terms_n28_0016_deep,28,deep,136,adaptive_all_depth,1347.135,1220,1959,1959,739,6,1.439636793002137,True,7,0,True,129,136,0
terms_n28_0016_deep,28,deep,136,depth2_guard_direct,1347.135,1220,1959,1959,739,6,1.1770733340017614,True,7,0,True,129,136,0
terms_n28_0016_deep,28,deep,136,depth_policy,1347.135,1220,1959,1959,739,6,1.1770733340017614,True,7,0,True,129,136,0
terms_n28_0016_deep,28,deep,136,direct_logical_and,1647.74,1496,2380,2380,884,6,1.0419971658848226e-06,True,1,0,True,136,136,0
terms_n28_0016_deep,28,deep,136,screen_depth1,1412.385,1280,2049,2049,769,6,0.2242388340018806,True,5,0,True,129,136,0
terms_n28_0016_deep,28,deep,136,screen_depth2,1347.135,1220,1959,1959,739,6,1.1770733340017614,True,7,0,True,129,136,0
terms_n28_0016_deep,28,deep,136,screen_single,1499.5149999999999,1360,2171,2171,811,6,0.03832462499849498,True,3,0,True,131,136,0
terms_n28_0017_shallow,28,shallow,95,adaptive_all_depth,733.73,660,1082,1082,422,5,0.8308369169972138,True,7,0,True,92,95,0
terms_n28_0017_shallow,28,shallow,95,depth2_guard_direct,733.73,660,1082,1082,422,5,0.6489567499957047,True,7,0,True,92,95,0
terms_n28_0017_shallow,28,shallow,95,depth_policy,733.73,660,1082,1082,422,5,0.6489567499957047,True,7,0,True,92,95,0
terms_n28_0017_shallow,28,shallow,95,direct_logical_and,918.975,832,1343,1343,511,4,7.920025382190943e-07,True,1,0,True,95,95,0
terms_n28_0017_shallow,28,shallow,95,screen_depth1,742.235,668,1091,1091,423,5,0.15573391700309003,True,5,0,True,89,95,0
terms_n28_0017_shallow,28,shallow,95,screen_depth2,733.73,660,1082,1082,422,5,0.6489567499957047,True,7,0,True,92,95,0
terms_n28_0017_shallow,28,shallow,95,screen_single,807.55,728,1182,1182,454,5,0.02614624999841908,True,3,0,True,90,95,0
terms_n28_0018_mixed,28,mixed,149,adaptive_all_depth,1348.11,1220,1974,1974,754,6,1.495413375996577,True,7,0,True,144,149,0
terms_n28_0018_mixed,28,mixed,149,depth2_guard_direct,1348.11,1220,1974,1974,754,6,1.2369258339967928,True,7,0,True,144,149,0
terms_n28_0018_mixed,28,mixed,149,depth_policy,1348.11,1220,1974,1974,754,6,1.2369258339967928,True,7,0,True,144,149,0
terms_n28_0018_mixed,28,mixed,149,direct_logical_and,1596.385,1448,2321,2321,873,6,8.749993867240846e-07,True,1,0,True,149,149,0
terms_n28_0018_mixed,28,mixed,149,screen_depth1,1378.495,1248,2015,2015,767,6,0.21913087499706307,True,5,0,True,143,149,0
terms_n28_0018_mixed,28,mixed,149,screen_depth2,1348.11,1220,1974,1974,754,6,1.2369258339967928,True,7,0,True,144,149,0
terms_n28_0018_mixed,28,mixed,149,screen_single,1456.86,1320,2124,2124,804,6,0.039356667002721224,True,3,0,True,144,149,0
terms_n28_0019_deep,28,deep,165,adaptive_all_depth,1573.415,1428,2303,2303,875,5,1.6456284590021824,True,7,0,True,161,165,0
terms_n28_0019_deep,28,deep,165,depth2_guard_direct,1573.415,1428,2303,2303,875,5,1.3443857919992297,True,7,0,True,161,165,0
terms_n28_0019_deep,28,deep,165,depth_policy,1573.415,1428,2303,2303,875,5,1.3443857919992297,True,7,0,True,161,165,0
terms_n28_0019_deep,28,deep,165,direct_logical_and,1782.475,1620,2595,2595,975,5,9.169962140731514e-07,True,1,0,True,165,165,0
terms_n28_0019_deep,28,deep,165,screen_depth1,1590.75,1444,2326,2326,882,5,0.2721013340051286,True,5,0,True,160,165,0
terms_n28_0019_deep,28,deep,165,screen_depth2,1573.415,1428,2303,2303,875,5,1.3443857919992297,True,7,0,True,161,165,0
terms_n28_0019_deep,28,deep,165,screen_single,1621.135,1472,2367,2367,895,5,0.029141332997824065,True,3,0,True,159,165,0
terms_n28_0020_shallow,28,shallow,76,adaptive_all_depth,663.7,600,980,980,380,3,0.15381250000791624,True,5,0,True,80,76,0
terms_n28_0020_shallow,28,shallow,76,depth2_guard_direct,663.7,600,980,980,380,3,0.08195170800172491,True,5,0,True,80,76,0
terms_n28_0020_shallow,28,shallow,76,depth_policy,663.7,600,980,980,380,3,0.08195170800172491,True,5,0,True,80,76,0
terms_n28_0020_shallow,28,shallow,76,direct_logical_and,689.54,624,1012,1012,388,3,7.080016075633466e-07,True,1,0,True,76,76,0
terms_n28_0020_shallow,28,shallow,76,screen_depth1,663.7,600,980,980,380,3,0.06021112500457093,True,5,0,True,80,76,0
terms_n28_0020_shallow,28,shallow,76,screen_depth2,663.7,600,980,980,380,3,0.08195170800172491,True,5,0,True,80,76,0
terms_n28_0020_shallow,28,shallow,76,screen_single,672.2700000000001,608,990,990,382,3,0.0116496670016204,True,3,0,True,78,76,0
terms_n28_0021_mixed,28,mixed,60,adaptive_all_depth,344.915,308,523,523,215,3,0.20471895799710182,True,5,0,True,61,60,0
terms_n28_0021_mixed,28,mixed,60,depth2_guard_direct,344.915,308,523,523,215,3,0.12976191699999617,True,5,0,True,61,60,0
terms_n28_0021_mixed,28,mixed,60,depth_policy,344.915,308,523,523,215,3,0.12976191699999617,True,5,0,True,61,60,0
terms_n28_0021_mixed,28,mixed,60,direct_logical_and,399.4,360,600,600,240,2,9.170034900307655e-07,True,1,0,True,60,60,0
terms_n28_0021_mixed,28,mixed,60,screen_depth1,344.915,308,523,523,215,3,0.0662341249990277,True,5,0,True,61,60,0
terms_n28_0021_mixed,28,mixed,60,screen_depth2,344.915,308,523,523,215,3,0.12976191699999617,True,5,0,True,61,60,0
terms_n28_0021_mixed,28,mixed,60,screen_single,353.485,316,533,533,217,3,0.008722915998077951,True,3,0,True,59,60,0
terms_n28_0022_deep,28,deep,130,adaptive_all_depth,1099.1850000000002,992,1617,1617,625,6,1.3660870000021532,True,7,0,True,129,130,0
terms_n28_0022_deep,28,deep,130,depth2_guard_direct,1099.1850000000002,992,1617,1617,625,6,1.0965355000007548,True,7,0,True,129,130,0
terms_n28_0022_deep,28,deep,130,depth_policy,1099.1850000000002,992,1617,1617,625,6,1.0965355000007548,True,7,0,True,129,130,0
terms_n28_0022_deep,28,deep,130,direct_logical_and,1277.6,1156,1864,1864,708,6,8.749993867240846e-07,True,1,0,True,130,130,0
terms_n28_0022_deep,28,deep,130,screen_depth1,1138.335,1028,1671,1671,643,6,0.2400012500002049,True,5,0,True,129,130,0
terms_n28_0022_deep,28,deep,130,screen_depth2,1099.1850000000002,992,1617,1617,625,6,1.0965355000007548,True,7,0,True,129,130,0
terms_n28_0022_deep,28,deep,130,screen_single,1203.585,1088,1761,1761,673,6,0.02955025000119349,True,3,0,True,129,130,0
terms_n28_0023_shallow,28,shallow,58,adaptive_all_depth,418.45,372,618,618,246,5,0.40997533399786334,True,7,0,True,60,58,0
terms_n28_0023_shallow,28,shallow,58,depth2_guard_direct,418.45,372,618,618,246,5,0.30738149999524467,True,7,0,True,60,58,0
terms_n28_0023_shallow,28,shallow,58,depth_policy,418.45,372,618,618,246,5,0.30738149999524467,True,7,0,True,60,58,0
terms_n28_0023_shallow,28,shallow,58,direct_logical_and,516.37,464,754,754,290,4,7.500057108700275e-07,True,1,0,True,58,58,0
terms_n28_0023_shallow,28,shallow,58,screen_depth1,422.60499999999996,376,621,621,245,5,0.09375862500019139,True,5,0,True,57,58,0
terms_n28_0023_shallow,28,shallow,58,screen_depth2,418.45,372,618,618,246,5,0.30738149999524467,True,7,0,True,60,58,0
terms_n28_0023_shallow,28,shallow,58,screen_single,426.76,380,624,624,244,5,0.008835209002427291,True,3,0,True,54,58,0
terms_n40_0000_mixed,40,mixed,197,adaptive_all_depth,1770.53,1608,2594,2594,986,5,4.331736457999796,True,7,0,True,182,197,0
terms_n40_0000_mixed,40,mixed,197,depth2_guard_direct,1770.53,1608,2594,2594,986,5,3.485384415995213,True,7,0,True,182,197,0
terms_n40_0000_mixed,40,mixed,197,depth_policy,1770.53,1608,2594,2594,986,5,3.485384415995213,True,7,0,True,182,197,0
terms_n40_0000_mixed,40,mixed,197,direct_logical_and,2136.905,1944,3113,3113,1169,5,9.159994078800082e-07,True,1,0,True,197,197,0
terms_n40_0000_mixed,40,mixed,197,screen_depth1,1879.5400000000002,1708,2748,2748,1040,5,0.7084062920039287,True,5,0,True,186,197,0
terms_n40_0000_mixed,40,mixed,197,screen_depth2,1770.53,1608,2594,2594,986,5,3.485384415995213,True,7,0,True,182,197,0
terms_n40_0000_mixed,40,mixed,197,screen_single,2001.73,1820,2922,2922,1102,5,0.1379457500006538,True,3,0,True,192,197,0
terms_n40_0001_deep,40,deep,179,adaptive_all_depth,2199.855,2000,3167,3167,1167,7,4.029547083002399,True,7,0,True,167,179,0
terms_n40_0001_deep,40,deep,179,depth2_guard_direct,2199.855,2000,3167,3167,1167,7,3.228491791000124,True,7,0,True,167,179,0
terms_n40_0001_deep,40,deep,179,depth_policy,2199.855,2000,3167,3167,1167,7,3.228491791000124,True,7,0,True,167,179,0
terms_n40_0001_deep,40,deep,179,direct_logical_and,2522.535,2296,3623,3623,1327,7,9.169962140731514e-07,True,1,0,True,179,179,0
terms_n40_0001_deep,40,deep,179,screen_depth1,2295.75,2088,3302,3302,1214,7,0.6983252089994494,True,5,0,True,170,179,0
terms_n40_0001_deep,40,deep,179,screen_depth2,2199.855,2000,3167,3167,1167,7,3.228491791000124,True,7,0,True,167,179,0
terms_n40_0001_deep,40,deep,179,screen_single,2400.41,2184,3450,3450,1266,7,0.10273008300282527,True,3,0,True,174,179,0
terms_n40_0002_shallow,40,shallow,45,adaptive_all_depth,452.625,408,657,657,249,3,0.07837895800184924,True,1,0,True,45,45,0
terms_n40_0002_shallow,40,shallow,45,depth2_guard_direct,452.625,408,657,657,249,3,0.015193291001196485,True,1,0,True,45,45,0
terms_n40_0002_shallow,40,shallow,45,depth_policy,452.625,408,657,657,249,3,0.015193291001196485,True,1,0,True,45,45,0
terms_n40_0002_shallow,40,shallow,45,direct_logical_and,452.625,408,657,657,249,3,1.2089949450455606e-06,True,1,0,True,45,45,0
terms_n40_0002_shallow,40,shallow,45,screen_depth1,452.625,408,657,657,249,3,0.032401917000242975,True,1,0,True,45,45,0
terms_n40_0002_shallow,40,shallow,45,screen_depth2,452.625,408,657,657,249,3,0.015193291001196485,True,1,0,True,45,45,0
terms_n40_0002_shallow,40,shallow,45,screen_single,452.625,408,657,657,249,3,0.030783750000409782,True,1,0,True,45,45,0
terms_n40_0003_mixed,40,mixed,127,adaptive_all_depth,1175.355,1064,1723,1723,659,5,2.004200540999591,True,7,0,True,127,127,0
terms_n40_0003_mixed,40,mixed,127,depth2_guard_direct,1175.355,1064,1723,1723,659,5,1.5457463749989984,True,7,0,True,127,127,0
terms_n40_0003_mixed,40,mixed,127,depth_policy,1175.355,1064,1723,1723,659,5,1.5457463749989984,True,7,0,True,127,127,0
terms_n40_0003_mixed,40,mixed,127,direct_logical_and,1301.505,1180,1897,1897,717,5,1.0410003596916795e-06,True,1,0,True,127,127,0
terms_n40_0003_mixed,40,mixed,127,screen_depth1,1201.3899999999999,1088,1758,1758,670,5,0.37477566600136925,True,5,0,True,126,127,0
terms_n40_0003_mixed,40,mixed,127,screen_depth2,1175.355,1064,1723,1723,659,5,1.5457463749989984,True,7,0,True,127,127,0
terms_n40_0003_mixed,40,mixed,127,screen_single,1236.125,1120,1805,1805,685,5,0.08367849999922328,True,3,0,True,125,127,0
terms_n40_0004_deep,40,deep,195,adaptive_all_depth,2301.595,2092,3331,3331,1239,7,4.5484104589995695,True,7,0,True,193,195,0
terms_n40_0004_deep,40,deep,195,depth2_guard_direct,2301.595,2092,3331,3331,1239,7,3.721135708001384,True,7,0,True,193,195,0
terms_n40_0004_deep,40,deep,195,depth_policy,2301.595,2092,3331,3331,1239,7,3.721135708001384,True,7,0,True,193,195,0
terms_n40_0004_deep,40,deep,195,direct_logical_and,2497.475,2272,3603,3603,1331,7,1.3329990906640887e-06,True,1,0,True,195,195,0
terms_n40_0004_deep,40,deep,195,screen_depth1,2336.33,2124,3378,3378,1254,7,0.7164724589965772,True,5,0,True,192,195,0
terms_n40_0004_deep,40,deep,195,screen_depth2,2301.595,2092,3331,3331,1239,7,3.721135708001384,True,7,0,True,193,195,0
terms_n40_0004_deep,40,deep,195,screen_single,2375.48,2160,3432,3432,1272,7,0.1108022920016083,True,3,0,True,192,195,0
terms_n40_0005_shallow,40,shallow,61,adaptive_all_depth,474.87,424,694,694,270,5,0.16202587499719812,True,3,0,True,58,61,0
terms_n40_0005_shallow,40,shallow,61,depth2_guard_direct,474.87,424,694,694,270,5,0.05512874999840278,True,3,0,True,58,61,0
terms_n40_0005_shallow,40,shallow,61,depth_policy,474.87,424,694,694,270,5,0.06859958399581956,True,3,0,True,58,61,0
terms_n40_0005_shallow,40,shallow,61,direct_logical_and,573.115,516,835,835,319,4,8.749993867240846e-07,True,1,0,True,61,61,0
terms_n40_0005_shallow,40,shallow,61,screen_depth1,474.87,424,694,694,270,5,0.06859958399581956,True,3,0,True,58,61,0
terms_n40_0005_shallow,40,shallow,61,screen_depth2,474.87,424,694,694,270,5,0.05512874999840278,True,3,0,True,58,61,0
terms_n40_0005_shallow,40,shallow,61,screen_single,474.87,424,694,694,270,5,0.03829754100297578,True,3,0,True,58,61,0
terms_n40_0006_mixed,40,mixed,85,adaptive_all_depth,609.28,544,903,904,360,6,1.551633667004353,True,7,0,True,88,85,0
terms_n40_0006_mixed,40,mixed,85,depth2_guard_direct,609.28,544,903,904,360,6,1.2193802920010057,True,7,0,True,88,85,0
terms_n40_0006_mixed,40,mixed,85,depth_policy,609.28,544,903,904,360,6,1.2193802920010057,True,7,0,True,88,85,0
terms_n40_0006_mixed,40,mixed,85,direct_logical_and,720.1850000000001,648,1056,1057,409,5,7.920025382190943e-07,True,1,0,True,85,85,0
terms_n40_0006_mixed,40,mixed,85,screen_depth1,633.2500000000001,568,937,938,370,5,0.2927571670006728,True,5,0,True,86,85,0
terms_n40_0006_mixed,40,mixed,85,screen_depth2,609.28,544,903,904,360,6,1.2193802920010057,True,7,0,True,88,85,0
terms_n40_0006_mixed,40,mixed,85,screen_single,676.6850000000001,608,996,997,389,5,0.03949620800267439,True,3,0,True,85,85,0
terms_n40_0007_deep,40,deep,167,adaptive_all_depth,1895.16,1720,2744,2744,1024,7,2.767066291999072,True,7,0,True,164,167,0
terms_n40_0007_deep,40,deep,167,depth2_guard_direct,1895.16,1720,2744,2744,1024,7,2.140170124999713,True,7,0,True,164,167,0
terms_n40_0007_deep,40,deep,167,depth_policy,1895.16,1720,2744,2744,1024,7,2.140170124999713,True,7,0,True,164,167,0
terms_n40_0007_deep,40,deep,167,direct_logical_and,2108.505,1916,3041,3041,1125,7,1.1250012903474271e-06,True,1,0,True,167,167,0
terms_n40_0007_deep,40,deep,167,screen_depth1,1947.3600000000001,1768,2816,2816,1048,7,0.5186087920010323,True,5,0,True,164,167,0
terms_n40_0007_deep,40,deep,167,screen_depth2,1895.16,1720,2744,2744,1024,7,2.140170124999713,True,7,0,True,164,167,0
terms_n40_0007_deep,40,deep,167,screen_single,1999.625,1816,2889,2889,1073,7,0.10828737499832641,True,3,0,True,165,167,0
terms_n40_0008_shallow,40,shallow,60,adaptive_all_depth,461.49499999999995,412,671,671,259,5,0.9613369159924332,True,5,0,True,53,60,0
terms_n40_0008_shallow,40,shallow,60,depth2_guard_direct,461.49499999999995,412,671,671,259,5,0.732587375001458,True,5,0,True,53,60,0
terms_n40_0008_shallow,40,shallow,60,depth_policy,461.49499999999995,412,671,671,259,5,0.732587375001458,True,5,0,True,53,60,0
terms_n40_0008_shallow,40,shallow,60,direct_logical_and,638.3000000000001,576,924,924,348,4,1.957996573764831e-06,True,1,0,True,60,60,0
terms_n40_0008_shallow,40,shallow,60,screen_depth1,461.49499999999995,412,671,671,259,5,0.20052595799643314,True,5,0,True,53,60,0
terms_n40_0008_shallow,40,shallow,60,screen_depth2,461.49499999999995,412,671,671,259,5,0.732587375001458,True,5,0,True,53,60,0
terms_n40_0008_shallow,40,shallow,60,screen_single,544.34,488,788,788,300,5,0.028223582994542085,True,3,0,True,56,60,0
terms_n40_0009_mixed,40,mixed,137,adaptive_all_depth,1240.67,1124,1814,1814,690,5,2.9369872500028578,True,7,0,True,128,137,0
terms_n40_0009_mixed,40,mixed,137,depth2_guard_direct,1240.67,1124,1814,1814,690,5,2.3749092080033734,True,7,0,True,128,137,0
terms_n40_0009_mixed,40,mixed,137,depth_policy,1240.67,1124,1814,1814,690,5,2.3749092080033734,True,7,0,True,128,137,0
terms_n40_0009_mixed,40,mixed,137,direct_logical_and,1476.155,1340,2147,2147,807,5,1.0829971870407462e-06,True,1,0,True,137,137,0
terms_n40_0009_mixed,40,mixed,137,screen_depth1,1310.4,1188,1912,1912,724,5,0.48079424999741605,True,5,0,True,130,137,0
terms_n40_0009_mixed,40,mixed,137,screen_depth2,1240.67,1124,1814,1814,690,5,2.3749092080033734,True,7,0,True,128,137,0
terms_n40_0009_mixed,40,mixed,137,screen_single,1393.2450000000001,1264,2029,2029,765,5,0.08128379200206837,True,3,0,True,133,137,0
terms_n40_0010_deep,40,deep,160,adaptive_all_depth,1559.9099999999999,1416,2278,2278,862,5,3.524761208995187,True,7,0,True,154,160,0
terms_n40_0010_deep,40,deep,160,depth2_guard_direct,1559.9099999999999,1416,2278,2278,862,5,2.869394832996477,True,7,0,True,154,160,0
terms_n40_0010_deep,40,deep,160,depth_policy,1559.9099999999999,1416,2278,2278,862,5,2.869394832996477,True,7,0,True,154,160,0
terms_n40_0010_deep,40,deep,160,direct_logical_and,1773.45,1612,2578,2578,966,5,1.0410003596916795e-06,True,1,0,True,160,160,0
terms_n40_0010_deep,40,deep,160,screen_depth1,1607.8249999999998,1460,2345,2345,885,5,0.5820789169956697,True,5,0,True,155,160,0
terms_n40_0010_deep,40,deep,160,screen_depth2,1559.9099999999999,1416,2278,2278,862,5,2.869394832996477,True,7,0,True,154,160,0
terms_n40_0010_deep,40,deep,160,screen_single,1681.97,1528,2450,2450,922,5,0.07328745900304057,True,3,0,True,158,160,0
terms_n40_0011_shallow,40,shallow,68,adaptive_all_depth,623.355,560,907,907,347,5,0.16677195799275069,True,3,0,True,67,68,0
terms_n40_0011_shallow,40,shallow,68,depth2_guard_direct,623.355,560,907,907,347,5,0.06176462499570334,True,3,0,True,67,68,0
terms_n40_0011_shallow,40,shallow,68,depth_policy,623.355,560,907,907,347,5,0.0690929580014199,True,3,0,True,67,68,0
terms_n40_0011_shallow,40,shallow,68,direct_logical_and,691.0199999999999,624,1004,1004,380,4,1.0000003385357559e-06,True,1,0,True,68,68,0
terms_n40_0011_shallow,40,shallow,68,screen_depth1,623.355,560,907,907,347,5,0.0690929580014199,True,3,0,True,67,68,0
terms_n40_0011_shallow,40,shallow,68,screen_depth2,623.355,560,907,907,347,5,0.06176462499570334,True,3,0,True,67,68,0
terms_n40_0011_shallow,40,shallow,68,screen_single,623.355,560,907,907,347,5,0.03591437499562744,True,3,0,True,67,68,0
terms_n40_0012_mixed,40,mixed,124,adaptive_all_depth,1161.37,1048,1690,1690,642,7,2.6514534579982865,True,7,0,True,118,124,0
terms_n40_0012_mixed,40,mixed,124,depth2_guard_direct,1161.37,1048,1690,1690,642,7,2.151833165997232,True,7,0,True,118,124,0
terms_n40_0012_mixed,40,mixed,124,depth_policy,1161.37,1048,1690,1690,642,7,2.151833165997232,True,7,0,True,118,124,0
terms_n40_0012_mixed,40,mixed,124,direct_logical_and,1357.5100000000002,1228,1966,1966,738,7,8.750066626816988e-07,True,1,0,True,124,124,0
terms_n40_0012_mixed,40,mixed,124,screen_depth1,1209.285,1092,1757,1757,665,7,0.4578568750002887,True,5,0,True,119,124,0
terms_n40_0012_mixed,40,mixed,124,screen_depth2,1161.37,1048,1690,1690,642,7,2.151833165997232,True,7,0,True,118,124,0
terms_n40_0012_mixed,40,mixed,124,screen_single,1261.4850000000001,1140,1829,1829,689,7,0.04176341700076591,True,3,0,True,119,124,0
terms_n40_0013_deep,40,deep,193,adaptive_all_depth,2164.5499999999997,1968,3142,3142,1174,6,4.39795429300284,True,7,0,True,190,193,0
terms_n40_0013_deep,40,deep,193,depth2_guard_direct,2164.5499999999997,1968,3142,3142,1174,6,3.5825434170037624,True,7,0,True,190,193,0
terms_n40_0013_deep,40,deep,193,depth_policy,2164.5499999999997,1968,3142,3142,1174,6,3.5825434170037624,True,7,0,True,190,193,0
terms_n40_0013_deep,40,deep,193,direct_logical_and,2360.495,2148,3415,3415,1267,6,8.749993867240846e-07,True,1,0,True,193,193,0
terms_n40_0013_deep,40,deep,193,screen_depth1,2221.1650000000004,2020,3221,3221,1201,6,0.7098372089967597,True,5,0,True,191,193,0
terms_n40_0013_deep,40,deep,193,screen_depth2,2164.5499999999997,1968,3142,3142,1174,6,3.5825434170037624,True,7,0,True,190,193,0
terms_n40_0013_deep,40,deep,193,screen_single,2282.0649999999996,2076,3305,3305,1229,6,0.10557366700231796,True,3,0,True,191,193,0
terms_n40_0014_shallow,40,shallow,68,adaptive_all_depth,462.405,412,685,685,273,5,1.130149957993126,True,7,0,True,67,68,0
terms_n40_0014_shallow,40,shallow,68,depth2_guard_direct,462.405,412,685,685,273,5,0.8405739579975489,True,7,0,True,67,68,0
terms_n40_0014_shallow,40,shallow,68,depth_policy,462.405,412,685,685,273,5,0.8405739579975489,True,7,0,True,67,68,0
terms_n40_0014_shallow,40,shallow,68,direct_logical_and,595.32,536,872,872,336,4,9.170034900307655e-07,True,1,0,True,68,68,0
terms_n40_0014_shallow,40,shallow,68,screen_depth1,470.91,420,694,694,274,5,0.24331824999535456,True,5,0,True,64,68,0
terms_n40_0014_shallow,40,shallow,68,screen_depth2,462.405,412,685,685,273,5,0.8405739579975489,True,7,0,True,67,68,0
terms_n40_0014_shallow,40,shallow,68,screen_single,527.5899999999999,472,774,774,302,5,0.046257750000222586,True,3,0,True,66,68,0
terms_n40_0015_mixed,40,mixed,99,adaptive_all_depth,790.345,712,1161,1161,449,5,2.0771434999987832,True,7,0,True,93,99,0
terms_n40_0015_mixed,40,mixed,99,depth2_guard_direct,790.345,712,1161,1161,449,5,1.687262916995678,True,7,0,True,93,99,0
terms_n40_0015_mixed,40,mixed,99,depth_policy,790.345,712,1161,1161,449,5,1.687262916995678,True,7,0,True,93,99,0
terms_n40_0015_mixed,40,mixed,99,direct_logical_and,1019.285,924,1485,1485,561,4,1.7080019460991025e-06,True,1,0,True,99,99,0
terms_n40_0015_mixed,40,mixed,99,screen_depth1,860.075,776,1259,1259,483,5,0.35666875000606524,True,5,0,True,95,99,0
terms_n40_0015_mixed,40,mixed,99,screen_depth2,790.345,712,1161,1161,449,5,1.687262916995678,True,7,0,True,93,99,0
terms_n40_0015_mixed,40,mixed,99,screen_single,934.0899999999999,844,1362,1362,518,5,0.03321183299703989,True,3,0,True,96,99,0
terms_n40_0016_deep,40,deep,177,adaptive_all_depth,1350.2549999999999,1220,2007,2007,787,6,3.7675540830095997,True,7,0,True,177,177,0
terms_n40_0016_deep,40,deep,177,depth2_guard_direct,1350.2549999999999,1220,2007,2007,787,6,3.047321332996944,True,7,0,True,177,177,0
terms_n40_0016_deep,40,deep,177,depth_policy,1350.2549999999999,1220,2007,2007,787,6,3.047321332996944,True,7,0,True,177,177,0
terms_n40_0016_deep,40,deep,177,direct_logical_and,1463.355,1324,2163,2163,839,6,1.0000003385357559e-06,True,1,0,True,177,177,0
terms_n40_0016_deep,40,deep,177,screen_depth1,1376.2900000000002,1244,2042,2042,798,6,0.6345275000057882,True,5,0,True,176,177,0
terms_n40_0016_deep,40,deep,177,screen_depth2,1350.2549999999999,1220,2007,2007,787,6,3.047321332996944,True,7,0,True,177,177,0
terms_n40_0016_deep,40,deep,177,screen_single,1397.975,1264,2071,2071,807,6,0.08570525000686757,True,3,0,True,175,177,0
terms_n40_0017_shallow,40,shallow,39,adaptive_all_depth,415.085,372,597,597,225,4,0.061469542008126155,True,1,0,True,39,39,0
terms_n40_0017_shallow,40,shallow,39,depth2_guard_direct,415.085,372,597,597,225,4,0.018712333003350068,True,1,0,True,39,39,0
terms_n40_0017_shallow,40,shallow,39,depth_policy,415.085,372,597,597,225,4,0.018712333003350068,True,1,0,True,39,39,0
terms_n40_0017_shallow,40,shallow,39,direct_logical_and,415.085,372,597,597,225,4,1.5420009731315076e-06,True,1,0,True,39,39,0
terms_n40_0017_shallow,40,shallow,39,screen_depth1,415.085,372,597,597,225,4,0.02952887499850476,True,1,0,True,39,39,0
terms_n40_0017_shallow,40,shallow,39,screen_depth2,415.085,372,597,597,225,4,0.018712333003350068,True,1,0,True,39,39,0
terms_n40_0017_shallow,40,shallow,39,screen_single,415.085,372,597,597,225,4,0.013228334006271325,True,1,0,True,39,39,0
terms_n40_0018_mixed,40,mixed,118,adaptive_all_depth,987.5899999999999,892,1454,1454,562,5,2.536716707996675,True,7,0,True,116,118,0
terms_n40_0018_mixed,40,mixed,118,depth2_guard_direct,987.5899999999999,892,1454,1454,562,5,2.046820083000057,True,7,0,True,116,118,0
terms_n40_0018_mixed,40,mixed,118,depth_policy,987.5899999999999,892,1454,1454,562,5,2.046820083000057,True,7,0,True,116,118,0
terms_n40_0018_mixed,40,mixed,118,direct_logical_and,1196.52,1084,1744,1744,660,5,9.159994078800082e-07,True,1,0,True,118,118,0
terms_n40_0018_mixed,40,mixed,118,screen_depth1,1035.375,936,1519,1519,583,5,0.4281284999960917,True,5,0,True,115,118,0
terms_n40_0018_mixed,40,mixed,118,screen_depth2,987.5899999999999,892,1454,1454,562,5,2.046820083000057,True,7,0,True,116,118,0
terms_n40_0018_mixed,40,mixed,118,screen_single,1096.34,992,1604,1604,612,5,0.0617681250005262,True,3,0,True,116,118,0
terms_n40_0019_deep,40,deep,142,adaptive_all_depth,1556.13,1412,2250,2250,838,6,2.785101665998809,True,7,0,True,132,142,0
terms_n40_0019_deep,40,deep,142,depth2_guard_direct,1556.13,1412,2250,2250,838,6,2.1966993329988327,True,7,0,True,132,142,0
terms_n40_0019_deep,40,deep,142,depth_policy,1556.13,1412,2250,2250,838,6,2.1966993329988327,True,7,0,True,132,142,0
terms_n40_0019_deep,40,deep,142,direct_logical_and,1856.9299999999998,1688,2674,2674,986,6,9.169962140731514e-07,True,1,0,True,142,142,0
terms_n40_0019_deep,40,deep,142,screen_depth1,1621.4450000000002,1472,2341,2341,869,6,0.5175444999986212,True,5,0,True,133,142,0
terms_n40_0019_deep,40,deep,142,screen_depth2,1556.13,1412,2250,2250,838,6,2.1966993329988327,True,7,0,True,132,142,0
terms_n40_0019_deep,40,deep,142,screen_single,1734.805,1576,2501,2501,925,6,0.07085783300135517,True,3,0,True,137,142,0
terms_n40_0020_shallow,40,shallow,65,adaptive_all_depth,615.005,556,901,901,345,3,0.16959841700736433,True,3,0,True,67,65,0
terms_n40_0020_shallow,40,shallow,65,depth2_guard_direct,615.005,556,901,901,345,3,0.06261825000547105,True,3,0,True,67,65,0
terms_n40_0020_shallow,40,shallow,65,depth_policy,615.005,556,901,901,345,3,0.06261825000547105,True,3,0,True,67,65,0
terms_n40_0020_shallow,40,shallow,65,direct_logical_and,627.925,568,917,917,349,3,8.750066626816988e-07,True,1,0,True,65,65,0
terms_n40_0020_shallow,40,shallow,65,screen_depth1,615.005,556,901,901,345,3,0.07139475000440143,True,3,0,True,67,65,0
terms_n40_0020_shallow,40,shallow,65,screen_depth2,615.005,556,901,901,345,3,0.06261825000547105,True,3,0,True,67,65,0
terms_n40_0020_shallow,40,shallow,65,screen_single,615.005,556,901,901,345,3,0.03558541699749185,True,3,0,True,67,65,0
terms_n40_0021_mixed,40,mixed,102,adaptive_all_depth,1164.485,1052,1677,1677,625,7,0.6797088749881368,True,5,0,True,99,102,0
terms_n40_0021_mixed,40,mixed,102,depth2_guard_direct,1164.485,1052,1677,1677,625,7,0.3991905839939136,True,5,0,True,99,102,0
terms_n40_0021_mixed,40,mixed,102,depth_policy,1164.485,1052,1677,1677,625,7,0.3991905839939136,True,5,0,True,99,102,0
terms_n40_0021_mixed,40,mixed,102,direct_logical_and,1303.88,1180,1872,1872,692,7,7.919952622614801e-07,True,1,0,True,102,102,0
terms_n40_0021_mixed,40,mixed,102,screen_depth1,1164.485,1052,1677,1677,625,7,0.2249578749979264,True,5,0,True,99,102,0
terms_n40_0021_mixed,40,mixed,102,screen_depth2,1164.485,1052,1677,1677,625,7,0.3991905839939136,True,5,0,True,99,102,0
terms_n40_0021_mixed,40,mixed,102,screen_single,1181.82,1068,1700,1700,632,7,0.0555604159962968,True,3,0,True,98,102,0
terms_n40_0022_deep,40,deep,182,adaptive_all_depth,1739.5600000000002,1580,2544,2544,964,5,3.3584947510025813,True,7,0,True,174,182,0
terms_n40_0022_deep,40,deep,182,depth2_guard_direct,1739.5600000000002,1580,2544,2544,964,5,2.610155959002441,True,7,0,True,174,182,0
terms_n40_0022_deep,40,deep,182,depth_policy,1739.5600000000002,1580,2544,2544,964,5,2.610155959002441,True,7,0,True,174,182,0
terms_n40_0022_deep,40,deep,182,direct_logical_and,1974.98,1796,2876,2876,1080,5,1.0000003385357559e-06,True,1,0,True,182,182,0
terms_n40_0022_deep,40,deep,182,screen_depth1,1809.29,1644,2642,2642,998,5,0.6548961669977871,True,5,0,True,176,182,0
terms_n40_0022_deep,40,deep,182,screen_depth2,1739.5600000000002,1580,2544,2544,964,5,2.610155959002441,True,7,0,True,174,182,0
terms_n40_0022_deep,40,deep,182,screen_single,1887.655,1716,2751,2751,1035,5,0.09344262500235345,True,3,0,True,177,182,0
terms_n40_0023_shallow,40,shallow,61,adaptive_all_depth,529.965,480,781,781,301,2,0.10290716701274505,True,1,0,True,61,61,0
terms_n40_0023_shallow,40,shallow,61,depth2_guard_direct,529.965,480,781,781,301,2,0.03290295800252352,True,1,0,True,61,61,0
terms_n40_0023_shallow,40,shallow,61,depth_policy,529.965,480,781,781,301,2,0.03290295800252352,True,1,0,True,61,61,0
terms_n40_0023_shallow,40,shallow,61,direct_logical_and,529.965,480,781,781,301,2,1.2919990695081651e-06,True,1,0,True,61,61,0
terms_n40_0023_shallow,40,shallow,61,screen_depth1,529.965,480,781,781,301,2,0.036881167005049065,True,1,0,True,61,61,0
terms_n40_0023_shallow,40,shallow,61,screen_depth2,529.965,480,781,781,301,2,0.03290295800252352,True,1,0,True,61,61,0
terms_n40_0023_shallow,40,shallow,61,screen_single,529.965,480,781,781,301,2,0.033123042005172465,True,1,0,True,61,61,0
