split,name,n,profile,term_count,oracle_depth,predicted_depth,correct_depth,depth2_score,depth2_T,depth2_CNOT,depth2_depth,depth2_ancilla,depth2_time_s,depth3_score,depth3_T,depth3_CNOT,depth3_depth,depth3_ancilla,depth3_time_s,depth4_score,depth4_T,depth4_CNOT,depth4_depth,depth4_ancilla,depth4_time_s,policy_score,policy_time_s,oracle_score,oracle_all_time_s
train,train_n16_0000_mixed,16,mixed,57,4,4,1,388.0,344,576,576,5,0.10240891700232169,379.43,336,566,566,5,0.3147887079976499,370.925,328,557,557,5,0.6433069999984582,370.925,0.6433069999984582,370.925,1.0605046249984298
train,train_n16_0001_deep,16,deep,171,3,4,0,1958.085,1780,2829,2829,6,0.3714565420013969,1923.2849999999999,1748,2781,2781,6,1.4306333749991609,1897.25,1724,2746,2746,6,4.372113249999529,1897.25,4.372113249999529,1923.2849999999999,6.174203167000087
train,train_n16_0002_shallow,16,shallow,53,2,2,1,451.40500000000003,408,669,669,2,0.04221424999559531,451.40500000000003,408,669,669,2,0.042305374998250045,451.40500000000003,408,669,669,2,0.04240341599506792,451.40500000000003,0.04221424999559531,451.40500000000003,0.12692304098891327
train,train_n16_0003_mixed,16,mixed,80,4,4,1,597.8400000000001,536,880,880,5,0.14990212499833433,584.92,524,864,864,5,0.5443735419976292,567.65,508,842,842,5,1.577410542005964,567.65,1.577410542005964,567.65,2.2716862090019276
train,train_n16_0004_deep,16,deep,111,4,4,1,739.1199999999999,664,1104,1104,5,0.23257679199741688,708.67,636,1062,1062,5,0.8651845839995076,686.92,616,1032,1032,5,2.5280068749998463,686.92,2.5280068749998463,686.92,3.625768250996771
train,train_n16_0005_shallow,16,shallow,68,3,3,1,601.4350000000001,540,874,875,5,0.11824375000287546,588.515,528,858,859,5,0.39054220900288783,588.515,528,858,859,5,0.962584542001423,588.515,0.39054220900288783,588.515,1.4713705010071862
train,train_n16_0006_mixed,16,mixed,80,4,4,1,693.67,624,1014,1014,5,0.1509626249971916,667.7,600,980,980,5,0.558111625003221,646.015,580,951,951,5,1.6480780830024742,646.015,1.6480780830024742,646.015,2.3571523330028867
train,train_n16_0007_deep,16,deep,198,4,4,1,1815.705,1648,2649,2649,6,0.46405616700212704,1750.325,1588,2557,2557,6,1.637311167003645,1685.0100000000002,1528,2466,2466,6,4.77257770900178,1685.0100000000002,4.77257770900178,1685.0100000000002,6.873945043007552
train,train_n16_0008_shallow,16,shallow,89,4,4,1,643.7950000000001,576,947,947,6,0.16978166699846042,622.045,556,917,917,6,0.6228324580006301,604.7749999999999,540,895,895,6,1.8080317499989178,604.7749999999999,1.8080317499989178,604.7749999999999,2.6006458749980084
train,train_n16_0009_mixed,16,mixed,111,3,3,1,1126.4650000000001,1020,1641,1641,5,0.2268253329966683,1104.78,1000,1612,1612,5,0.8935722910027835,1091.86,988,1596,1596,5,2.7494272499970975,1104.78,0.8935722910027835,1104.78,3.8698248739965493
train,train_n16_0010_deep,16,deep,191,4,4,1,1874.125,1700,2725,2725,7,0.4672344589998829,1804.46,1636,2628,2628,7,1.6513068749991362,1747.6499999999999,1584,2546,2546,7,4.844641625000804,1747.6499999999999,4.844641625000804,1747.6499999999999,6.963182958999823
train,train_n16_0011_shallow,16,shallow,34,2,2,1,197.26,172,292,292,4,0.025928708993887994,197.26,172,292,292,4,0.037237458003801294,197.26,172,292,292,4,0.03752370899746893,197.26,0.025928708993887994,197.26,0.10068987599515822
train,train_n16_0012_mixed,16,mixed,80,3,3,1,746.0,672,1088,1088,5,0.15682825000112643,728.73,656,1066,1066,5,0.612234249994799,715.81,644,1050,1050,5,1.7965136249986244,728.73,0.612234249994799,728.73,2.56557612499455
train,train_n16_0013_deep,16,deep,123,4,4,1,1011.2750000000001,912,1483,1483,6,0.2575294159978512,963.49,868,1418,1418,6,0.9721482499953709,924.34,832,1364,1364,6,2.7666637919974164,924.34,2.7666637919974164,924.34,3.9963414579906384
train,train_n16_0014_shallow,16,shallow,30,4,4,1,171.38000000000002,152,260,260,2,0.005999792003422044,171.38000000000002,152,260,260,2,0.0058470000003580935,171.38000000000002,152,260,260,2,0.005777250000392087,171.38000000000002,0.005777250000392087,171.38000000000002,0.017624042004172225
train,train_n16_0015_mixed,16,mixed,99,3,3,1,1090.535,984,1575,1575,7,0.2049122919997899,1064.5649999999998,960,1541,1541,7,0.8026666250007111,1051.645,948,1525,1525,7,2.431529124994995,1064.5649999999998,0.8026666250007111,1064.5649999999998,3.439108041995496
train,train_n16_0016_deep,16,deep,181,4,4,1,1803.68,1636,2616,2616,7,0.4059249159981846,1733.95,1572,2518,2518,7,1.5050331249949522,1659.9349999999997,1504,2415,2415,7,4.3801521670029615,1659.9349999999997,4.3801521670029615,1659.9349999999997,6.291110207996098
train,train_n16_0017_shallow,16,shallow,59,2,2,1,566.415,508,823,823,5,0.10656675000063842,566.415,508,823,823,5,0.2798311669976101,566.415,508,823,823,5,0.389610124999308,566.415,0.10656675000063842,566.415,0.7760080419975566
train,train_n16_0018_mixed,16,mixed,131,4,4,1,1251.24,1132,1824,1824,6,0.27882516699901316,1207.74,1092,1764,1764,6,1.0741263329982758,1172.94,1060,1716,1716,6,3.2493989590002457,1172.94,3.2493989590002457,1172.94,4.602350458997535
train,train_n16_0019_deep,16,deep,211,4,4,1,2247.1099999999997,2040,3254,3254,8,0.51384012500057,2162.2,1964,3136,3136,7,1.8633575420026318,2103.3,1908,3052,3052,8,5.561119915997551,2103.3,5.561119915997551,2103.3,7.938317583000753
train,train_n16_0020_shallow,16,shallow,47,4,2,0,295.935,260,439,439,5,0.07960008300142363,283.01500000000004,248,423,423,5,0.2846439159984584,270.09499999999997,236,407,407,5,0.7480168749971199,295.935,0.07960008300142363,270.09499999999997,1.112260873997002
train,train_n16_0021_mixed,16,mixed,64,4,4,1,518.9549999999999,464,763,763,5,0.11914191699906951,506.03499999999997,452,747,747,5,0.4271753749999334,497.46500000000003,444,737,737,5,1.0377292499979376,497.46500000000003,1.0377292499979376,497.46500000000003,1.5840465419969405
train,train_n16_0022_deep,16,deep,191,3,3,1,1950.6450000000002,1772,2836,2837,6,0.4420714579973719,1902.795,1728,2770,2771,6,1.6968432909998228,1863.5149999999999,1692,2714,2715,6,5.157772708000266,1902.795,1.6968432909998228,1902.795,7.296687456997461
train,train_n16_0023_shallow,16,shallow,41,4,4,1,224.425,200,345,345,2,0.027677375001076143,224.425,200,345,345,2,0.027851250000821892,224.425,200,345,345,2,0.027146874999743886,224.425,0.027146874999743886,224.425,0.08267550000164192
train,train_n16_0024_mixed,16,mixed,131,4,4,1,1198.7150000000001,1084,1747,1747,6,0.2801312500014319,1177.03,1064,1718,1718,6,1.0632179169988376,1148.71,1036,1678,1678,7,3.1658420840030885,1148.71,3.1658420840030885,1148.71,4.509191251003358
train,train_n16_0025_deep,16,deep,216,4,4,1,2412.825,2196,3489,3489,6,0.4970221670009778,2316.9949999999994,2108,3355,3355,6,1.8866282919989317,2247.2650000000003,2044,3257,3257,6,5.656131958006881,2247.2650000000003,5.656131958006881,2247.2650000000003,8.03978241700679
train,train_n16_0026_shallow,16,shallow,76,4,4,1,606.475,544,891,891,5,0.14111941700684838,593.555,532,875,875,5,0.5386031659945729,576.285,516,853,853,5,1.5826618330029305,576.285,1.5826618330029305,576.285,2.262384416004352
train,train_n16_0027_mixed,16,mixed,112,3,3,1,1087.3799999999999,984,1588,1588,5,0.23508720799873117,1061.345,960,1553,1553,5,0.9177831670021988,1044.0749999999998,944,1531,1531,5,2.797021666992805,1061.345,0.9177831670021988,1061.345,3.949892041993735
train,train_n16_0028_deep,16,deep,155,4,3,0,1813.755,1648,2619,2619,6,0.3643405420007184,1778.955,1616,2571,2571,6,1.3332714999996824,1735.52,1576,2512,2512,6,4.070012332995248,1778.955,1.3332714999996824,1735.52,5.767624374995648
train,train_n16_0029_shallow,16,shallow,78,4,3,0,632.6,568,927,928,5,0.1471857500000624,615.395,552,906,907,5,0.5743899589942885,598.125,536,884,885,5,1.6534164999975474,615.395,0.5743899589942885,598.125,2.3749922089918982
train,train_n16_0030_mixed,16,mixed,117,3,3,1,1204.5049999999999,1092,1745,1745,5,0.24049162499431986,1178.4700000000003,1068,1710,1710,5,0.9104978750037844,1156.7849999999999,1048,1681,1681,5,2.702792625001166,1178.4700000000003,0.9104978750037844,1178.4700000000003,3.8537821249992703
train,train_n16_0031_deep,16,deep,134,3,3,1,1449.21,1316,2098,2098,5,0.2862772500011488,1405.775,1276,2039,2039,5,1.0880167089999304,1379.805,1252,2005,2005,5,3.2705610420016455,1405.775,1.0880167089999304,1405.775,4.644855001002725
train,train_n16_0032_shallow,16,shallow,66,4,4,1,343.305,308,529,529,2,0.11589283300418174,330.32000000000005,296,512,512,2,0.43018183399544796,317.4,284,496,496,2,1.2447810840021702,317.4,1.2447810840021702,317.4,1.7908557510018
train,train_n16_0033_mixed,16,mixed,60,2,2,1,575.115,516,835,835,5,0.05622154199954821,575.115,516,835,835,5,0.07766954100225121,575.115,516,835,835,5,0.07693724999990081,575.115,0.05622154199954821,575.115,0.21082833300170023
train,train_n16_0034_deep,16,deep,97,4,3,0,1005.69,908,1458,1458,6,0.19985299999825656,975.37,880,1418,1418,6,0.7778576249984326,949.4,856,1384,1384,6,2.3658230410001124,975.37,0.7778576249984326,949.4,3.3435336659968016
train,train_n16_0035_shallow,16,shallow,60,4,4,1,405.945,364,609,609,3,0.10621879199607065,393.02500000000003,352,593,593,3,0.400390333001269,380.10499999999996,340,577,577,3,0.9055845839975518,380.10499999999996,0.9055845839975518,380.10499999999996,1.4121937089948915
train,train_n16_0036_mixed,16,mixed,112,3,4,0,1023.935,924,1495,1495,6,0.2322842089997721,1002.25,904,1466,1466,6,0.8915869169941288,980.5649999999999,884,1437,1437,6,2.7348915000038687,980.5649999999999,2.7348915000038687,1002.25,3.8587626259977696
train,train_n16_0037_deep,16,deep,154,4,4,1,1352.135,1224,1975,1975,6,0.3497289590013679,1295.455,1172,1895,1895,6,1.2862237079971237,1243.32,1124,1824,1824,6,3.757450457997038,1243.32,3.757450457997038,1243.32,5.39340312499553
train,train_n16_0038_shallow,16,shallow,57,4,4,1,303.76500000000004,272,469,469,2,0.09814033299335279,290.845,260,453,453,2,0.380083875003038,282.27500000000003,252,443,443,2,1.118723042003694,282.27500000000003,1.118723042003694,282.27500000000003,1.5969472500000848
train,train_n16_0039_mixed,16,mixed,75,4,4,1,702.24,632,1024,1024,5,0.15030874999501975,680.555,612,995,995,5,0.5651904999976978,658.935,592,967,967,5,1.705908999996609,658.935,1.705908999996609,658.935,2.4214082499893266
train,train_n16_0040_deep,16,deep,130,3,3,1,1238.125,1120,1805,1805,6,0.2835467500044615,1203.26,1088,1756,1756,6,1.0952373340041959,1177.1599999999999,1064,1720,1720,6,3.285909124999307,1203.26,1.0952373340041959,1203.26,4.6646932090079645
train,train_n16_0041_shallow,16,shallow,73,3,4,0,762.4,684,1096,1096,7,0.14320304199645761,745.13,668,1074,1074,7,0.5391575000030571,736.6899999999999,660,1066,1066,7,1.5165956249984447,736.6899999999999,1.5165956249984447,745.13,2.1989561669979594
train,train_n16_0042_mixed,16,mixed,112,4,4,1,832.145,748,1225,1225,6,0.24118283400457585,801.76,720,1184,1184,6,0.8819442499952856,764.6750000000001,684,1131,1131,7,2.53624120799941,764.6750000000001,2.53624120799941,764.6750000000001,3.6593682919992716
train,train_n16_0043_deep,16,deep,117,4,4,1,1034.96,932,1512,1512,7,0.2503657920024125,1004.5749999999999,904,1471,1471,7,0.9501484579959651,969.775,872,1423,1423,7,2.880478499995661,969.775,2.880478499995661,969.775,4.080992749994039
train,train_n16_0044_shallow,16,shallow,66,3,4,0,497.075,444,731,731,5,0.11718920799467014,484.15500000000003,432,715,715,5,0.42288325000117766,480.0,428,712,712,5,1.1026688749989262,480.0,1.1026688749989262,484.15500000000003,1.642741332994774
train,train_n16_0045_mixed,16,mixed,119,4,4,1,1067.7600000000002,964,1560,1560,6,0.25310833399998955,1028.545,928,1505,1505,6,0.9496834590026992,1002.4449999999999,904,1469,1469,6,2.803337333003583,1002.4449999999999,2.803337333003583,1002.4449999999999,4.006129126006272
train,train_n16_0046_deep,16,deep,215,3,4,0,2502.085,2276,3613,3613,7,0.5201270420002402,2419.305,2200,3497,3497,7,2.0032617500037304,2371.3899999999994,2156,3430,3430,7,6.138588458001323,2371.3899999999994,6.138588458001323,2419.305,8.661977250005293
train,train_n16_0047_shallow,16,shallow,53,4,4,1,533.575,480,775,775,4,0.005979916997603141,533.575,480,775,775,4,0.00595683299616212,533.575,480,775,775,4,0.0059076670004287735,533.575,0.0059076670004287735,533.575,0.017844416994194034
train,train_n16_0048_mixed,16,mixed,108,4,4,1,1192.9350000000002,1080,1719,1719,6,0.23350116700021317,1158.265,1048,1673,1673,6,0.8724736250005662,1129.8799999999999,1020,1632,1632,7,2.583534083001723,1129.8799999999999,2.583534083001723,1129.8799999999999,3.6895088750025025
train,train_n16_0049_deep,16,deep,183,3,4,0,2060.85,1872,2978,2978,7,0.43738554199808277,1995.535,1812,2887,2887,7,1.6908559580042493,1947.62,1768,2820,2820,7,5.161325499997474,1947.62,5.161325499997474,1995.535,7.289566999999806
train,train_n16_0050_shallow,16,shallow,27,3,4,0,127.815,112,199,199,2,0.010220042000582907,127.815,112,199,199,2,0.009881666002911516,127.815,112,199,199,2,0.010122792002221104,127.815,0.010122792002221104,127.815,0.030224500005715527
train,train_n16_0051_mixed,16,mixed,163,4,4,1,1552.8200000000002,1408,2260,2260,6,0.3843460420030169,1491.79,1352,2174,2174,6,1.410500999998476,1430.825,1296,2089,2089,6,4.142415207999875,1430.825,4.142415207999875,1430.825,5.937262250001368
train,train_n16_0052_deep,16,deep,172,4,4,1,1568.805,1424,2293,2293,5,0.39619104099983815,1514.19,1372,2214,2214,6,1.5030896669995855,1470.625,1332,2153,2153,6,4.4383154999959515,1470.625,4.4383154999959515,1470.625,6.337596207995375
train,train_n16_0053_shallow,16,shallow,28,4,2,0,236.15,208,342,342,4,0.0030700420029461384,236.15,208,342,342,4,0.0031757079996168613,236.15,208,342,342,4,0.002959750003356021,236.15,0.0030700420029461384,236.15,0.00920550000591902
train,train_n16_0054_mixed,16,mixed,101,3,3,1,1132.775,1028,1647,1647,4,0.21553737499925774,1115.505,1012,1625,1625,4,0.8612900829975842,1102.5849999999998,1000,1609,1609,4,2.72489445899555,1115.505,0.8612900829975842,1115.505,3.801721916992392
train,train_n16_0055_deep,16,deep,178,4,4,1,1655.78,1500,2412,2412,7,0.4162502079998376,1599.1649999999997,1448,2333,2333,7,1.5525348330047564,1546.7699999999998,1400,2258,2258,7,4.532156791996385,1546.7699999999998,4.532156791996385,1546.7699999999998,6.500941833000979
train,train_n16_0056_shallow,16,shallow,57,4,2,0,426.955,380,627,627,5,0.10715212499781046,422.8,376,624,624,5,0.3414572909969138,414.2950000000001,368,615,615,5,0.6737429999993765,426.955,0.10715212499781046,414.2950000000001,1.1223524159941007
train,train_n16_0057_mixed,16,mixed,120,4,4,1,974.41,880,1434,1434,5,0.25859912500163773,952.7900000000001,860,1406,1406,5,0.9801679590018466,931.04,840,1376,1376,5,2.888403541997832,931.04,2.888403541997832,931.04,4.127170626001316
train,train_n16_0058_deep,16,deep,136,4,4,1,1627.4050000000002,1476,2341,2341,7,0.32187537499703467,1557.74,1412,2244,2244,7,1.1951628750030068,1516.3050000000003,1372,2185,2185,8,3.5986170420001145,1516.3050000000003,3.5986170420001145,1516.3050000000003,5.115655292000156
train,train_n16_0059_shallow,16,shallow,85,3,3,1,863.645,780,1253,1253,5,0.17382454199832864,846.3100000000001,764,1230,1230,5,0.6639367499956279,837.805,756,1221,1221,5,1.987499791997834,846.3100000000001,0.6639367499956279,846.3100000000001,2.8252610839917907
train,train_n16_0060_mixed,16,mixed,50,4,4,1,285.495,252,431,431,4,0.08728783400147222,272.51,240,414,414,4,0.32427933299914,259.59,228,398,398,4,0.9140968339997926,259.59,0.9140968339997926,259.59,1.3256640010004048
train,train_n16_0061_deep,16,deep,214,3,4,0,2447.6,2224,3536,3536,8,0.5334744169958867,2382.2200000000003,2164,3444,3444,8,2.0632667080062674,2325.605,2112,3365,3365,8,6.264557667003828,2325.605,6.264557667003828,2382.2200000000003,8.861298792005982
train,train_n16_0062_shallow,16,shallow,47,2,2,1,404.555,360,587,587,5,0.06242004199884832,404.555,360,587,587,5,0.11337908299901756,404.555,360,587,587,5,0.13365591700130608,404.555,0.06242004199884832,404.555,0.30945504199917195
train,train_n16_0063_mixed,16,mixed,107,4,4,1,799.565,720,1181,1181,5,0.22467595800117124,773.53,696,1146,1146,5,0.846194582998578,751.8449999999999,676,1117,1117,5,2.4807719590025954,751.8449999999999,2.4807719590025954,751.8449999999999,3.5516425000023446
train,train_n20_0000_deep,20,deep,180,3,4,0,1667.545,1512,2441,2441,6,0.6246053329959977,1632.6799999999998,1480,2392,2392,6,2.4336519580028835,1602.23,1452,2350,2350,6,7.428477749999729,1602.23,7.428477749999729,1632.6799999999998,10.48673504099861
train,train_n20_0001_shallow,20,shallow,39,2,2,1,384.7,344,556,556,4,0.006726375002472196,384.7,344,556,556,4,0.006785166995541658,384.7,344,556,556,4,0.007051041000522673,384.7,0.006726375002472196,384.7,0.020562582998536527
train,train_n20_0002_mixed,20,mixed,162,3,3,1,1489.985,1352,2177,2177,5,0.5259732090053149,1415.97,1284,2074,2074,5,2.0201251250036876,1398.635,1268,2051,2051,5,6.066076583992981,1415.97,2.0201251250036876,1415.97,8.612174918001983
train,train_n20_0003_deep,20,deep,183,4,4,1,2089.4049999999997,1896,3021,3021,8,0.6372219170007156,2037.205,1848,2949,2949,8,2.5495570420025615,1976.3049999999998,1792,2865,2865,8,7.850714250002056,1976.3049999999998,7.850714250002056,1976.3049999999998,11.037493209005333
train,train_n20_0004_shallow,20,shallow,66,2,2,1,532.0699999999999,476,782,782,5,0.04611766699963482,532.0699999999999,476,782,782,5,0.05985233299725223,532.0699999999999,476,782,782,5,0.061702833001618274,532.0699999999999,0.04611766699963482,532.0699999999999,0.16767283299850533
train,train_n20_0005_mixed,20,mixed,108,3,3,1,1175.705,1060,1697,1697,8,0.3362267080010497,1162.7849999999999,1048,1681,1681,8,1.3221477499973844,1162.7849999999999,1048,1681,1681,8,3.8125549999967916,1162.7849999999999,1.3221477499973844,1162.7849999999999,5.470929457995226
train,train_n20_0006_deep,20,deep,149,3,3,1,1676.5549999999998,1520,2427,2427,7,0.507023999998637,1650.4550000000002,1496,2391,2391,7,2.0092001669981983,1628.77,1476,2362,2362,7,6.137181958001747,1650.4550000000002,2.0092001669981983,1650.4550000000002,8.653406124998583
train,train_n20_0007_shallow,20,shallow,75,2,2,1,649.715,584,947,947,5,0.1360835420055082,649.715,584,947,947,5,0.3190821669995785,649.715,584,947,947,5,0.5110874579986557,649.715,0.1360835420055082,649.715,0.9662531670037424
train,train_n20_0008_mixed,20,mixed,85,3,3,1,750.48,676,1096,1096,5,0.2476312080034404,737.5600000000001,664,1080,1080,5,0.956481667002663,724.705,652,1065,1065,5,2.7333976249938132,737.5600000000001,0.956481667002663,737.5600000000001,3.9375104999999166
train,train_n20_0009_deep,20,deep,208,4,4,1,2055.9300000000003,1868,2994,2994,6,0.711277540998708,1973.0849999999998,1792,2877,2877,6,2.7495201249985257,1907.6399999999999,1732,2784,2784,6,8.15506333400117,1907.6399999999999,8.15506333400117,1907.6399999999999,11.615860999998404
train,train_n20_0010_shallow,20,shallow,53,2,2,1,431.655,388,639,639,3,0.07768445900001097,431.655,388,639,639,3,0.07819787500193343,431.655,388,639,639,3,0.07776899999589659,431.655,0.07768445900001097,431.655,0.233651333997841
train,train_n20_0011_mixed,20,mixed,133,4,3,0,1092.6399999999999,988,1608,1608,5,0.41312558299978264,1053.49,952,1554,1554,5,1.5847977500015986,1027.455,928,1519,1519,5,4.743905041999824,1053.49,1.5847977500015986,1027.455,6.741828375001205
train,train_n20_0012_deep,20,deep,204,3,3,1,2175.185,1976,3153,3153,7,0.6984451669995906,2105.52,1912,3056,3056,7,2.7427897500019753,2079.4849999999997,1888,3021,3021,7,8.332140667000203,2105.52,2.7427897500019753,2105.52,11.77337558400177
train,train_n20_0013_shallow,20,shallow,48,4,4,1,276.665,244,417,417,4,0.12325416600651806,263.745,232,401,401,4,0.4050939169974299,259.59,228,398,398,4,0.9190528330000234,259.59,0.9190528330000234,259.59,1.4474009160039714
train,train_n20_0014_mixed,20,mixed,71,3,2,0,693.2800000000001,624,1008,1008,5,0.18214425000041956,689.1250000000001,620,1005,1005,5,0.4732430830044905,689.1250000000001,620,1005,1005,5,0.7654591249956866,693.2800000000001,0.18214425000041956,689.1250000000001,1.4208464580005966
train,train_n20_0015_deep,20,deep,137,3,3,1,1373.235,1244,1995,1995,6,0.43858712499786634,1318.75,1192,1918,1918,7,1.6947127079984057,1292.715,1168,1883,1883,7,5.122239666001406,1318.75,1.6947127079984057,1318.75,7.255539498997678
train,train_n20_0016_shallow,20,shallow,80,3,3,1,754.895,680,1103,1103,5,0.21669795799971325,750.74,676,1100,1100,5,0.6095969589950982,746.65,672,1098,1098,5,1.0963731669980916,750.74,0.6095969589950982,750.74,1.9226680839929031
train,train_n20_0017_mixed,20,mixed,100,3,3,1,912.4050000000001,824,1333,1333,5,0.3002358330049901,892.85,804,1306,1306,6,1.182632707997982,879.9300000000001,792,1290,1290,6,3.619351209003071,892.85,1.182632707997982,892.85,5.102219750006043
train,train_n20_0018_deep,20,deep,165,4,4,1,1381.755,1252,2035,2035,5,0.5621611669994309,1338.255,1212,1975,1975,5,2.1725012500028242,1294.69,1172,1914,1914,5,6.542972709001333,1294.69,6.542972709001333,1294.69,9.277635126003588
train,train_n20_0019_shallow,20,shallow,79,3,2,0,628.355,564,923,923,5,0.222268500001519,615.435,552,907,907,5,0.7176173330008169,615.435,552,907,907,5,1.5806866660059313,628.355,0.222268500001519,615.435,2.520572499008267
train,train_n20_0020_mixed,20,mixed,129,3,3,1,1022.975,924,1511,1511,5,0.40118045800045365,1005.64,908,1488,1488,5,1.5486935420049122,988.37,892,1466,1466,5,4.759088833001442,1005.64,1.5486935420049122,1005.64,6.708962833006808
train,train_n20_0021_deep,20,deep,181,4,3,0,1937.245,1760,2813,2813,6,0.6139757499986445,1880.5649999999998,1708,2733,2733,6,2.4054868329985766,1824.015,1656,2655,2655,6,7.342671250000421,1880.5649999999998,2.4054868329985766,1824.015,10.362133832997642
train,train_n20_0022_shallow,20,shallow,58,2,2,1,474.54499999999996,424,689,689,5,0.09333741699811071,474.54499999999996,424,689,689,5,0.18988091700157383,474.54499999999996,424,689,689,5,0.24507862500468036,474.54499999999996,0.09333741699811071,474.54499999999996,0.5282969590043649
train,train_n20_0023_mixed,20,mixed,103,3,3,1,936.83,848,1374,1374,4,0.3174658339994494,919.495,832,1351,1351,4,1.235368165995169,906.5749999999999,820,1335,1335,4,3.787426459006383,919.495,1.235368165995169,919.495,5.340260459001001
train,train_n20_0024_deep,20,deep,196,4,4,1,2109.6749999999997,1916,3059,3059,7,0.6840319580005598,2013.78,1828,2924,2924,7,2.6418839159960044,1930.935,1752,2807,2807,7,7.93982008400053,1930.935,7.93982008400053,1930.935,11.265735957997094
train,train_n20_0025_shallow,20,shallow,31,3,4,0,173.79500000000002,156,267,267,1,0.007173124999098945,173.79500000000002,156,267,267,1,0.007137125001463573,173.79500000000002,156,267,267,1,0.007535958997323178,173.79500000000002,0.007535958997323178,173.79500000000002,0.021846208997885697
train,train_n20_0026_mixed,20,mixed,85,4,2,0,793.9150000000001,716,1155,1155,5,0.2494514589998289,776.6450000000001,700,1133,1133,5,0.9509477079991484,759.4399999999999,684,1112,1112,5,2.7383110000009765,793.9150000000001,0.2494514589998289,759.4399999999999,3.938710166999954
train,train_n20_0027_deep,20,deep,183,3,3,1,1852.2450000000001,1680,2693,2693,7,0.6184121249971213,1795.6299999999999,1628,2614,2614,7,2.4086362079979153,1760.8300000000002,1596,2566,2566,7,7.3375168749989825,1795.6299999999999,2.4086362079979153,1795.6299999999999,10.36456520799402
train,train_n20_0028_shallow,20,shallow,91,3,2,0,820.2749999999999,740,1195,1195,5,0.2652564580057515,807.4200000000001,728,1180,1180,5,0.9916223339969292,794.5,716,1164,1164,5,2.6390748750054627,820.2749999999999,0.2652564580057515,807.4200000000001,3.8959536670081434
train,train_n20_0029_mixed,20,mixed,113,3,3,1,1135.36,1028,1656,1656,5,0.35522095800115494,1113.74,1008,1628,1628,5,1.4237407499967958,1096.4050000000002,992,1605,1605,5,4.413218166999286,1113.74,1.4237407499967958,1113.74,6.192179874997237
train,train_n20_0030_deep,20,deep,128,3,4,0,965.9699999999999,872,1426,1426,5,0.389681542001199,931.17,840,1378,1378,5,1.4905567499954486,913.9000000000001,824,1356,1356,5,4.407501499998034,913.9000000000001,4.407501499998034,931.17,6.287739791994682
train,train_n20_0031_shallow,20,shallow,66,4,2,0,632.1199999999999,568,920,920,5,0.05552424999768846,632.1199999999999,568,920,920,5,0.054287499995552935,632.1199999999999,568,920,920,5,0.05380054100533016,632.1199999999999,0.05552424999768846,632.1199999999999,0.16361229099857155
train,train_n20_0032_mixed,20,mixed,89,3,3,1,1007.3899999999999,912,1454,1454,5,0.27242337499774294,985.77,892,1426,1426,5,1.023856165993493,968.565,876,1405,1405,5,2.7032802920002723,985.77,1.023856165993493,985.77,3.9995598329915083
train,train_n20_0033_deep,20,deep,157,3,4,0,1291.82,1168,1900,1900,6,0.5129760829950101,1248.3199999999997,1128,1840,1840,6,1.9635034160019131,1230.9850000000001,1112,1817,1817,6,5.947013541997876,1230.9850000000001,5.947013541997876,1248.3199999999997,8.4234930409948
train,train_n20_0034_shallow,20,shallow,38,4,4,1,219.75,196,334,334,2,0.01141433300654171,219.75,196,334,334,2,0.01146679199882783,219.75,196,334,334,2,0.011084040997957345,219.75,0.011084040997957345,219.75,0.033965166003326885
train,train_n20_0035_mixed,20,mixed,93,3,3,1,707.695,636,1047,1047,5,0.27827787500427803,694.7750000000001,624,1031,1031,5,1.0771370829970692,681.855,612,1015,1015,5,3.294535667002492,694.7750000000001,1.0771370829970692,694.7750000000001,4.649950625003839
train,train_n20_0036_deep,20,deep,206,4,3,0,2283.935,2076,3303,3303,7,0.6917924580047838,2194.585,1992,3177,3177,8,2.690992832998745,2133.62,1936,3092,3092,8,8.225652084001922,2194.585,2.690992832998745,2133.62,11.608437375005451
train,train_n20_0037_shallow,20,shallow,50,2,2,1,276.665,244,417,417,4,0.03224029199918732,276.665,244,417,417,4,0.04098074999637902,276.665,244,417,417,4,0.040097167002386414,276.665,0.03224029199918732,276.665,0.11331820899795275
train,train_n20_0038_mixed,20,mixed,121,3,3,1,1196.6499999999999,1084,1746,1746,5,0.3788496249981108,1183.665,1072,1729,1729,5,1.4796224579986301,1170.745,1060,1713,1713,5,4.628139167005429,1183.665,1.4796224579986301,1183.665,6.48661125000217
train,train_n20_0039_deep,20,deep,129,3,4,0,1272.86,1152,1852,1852,6,0.40486937500099884,1259.94,1140,1836,1836,6,1.5822879580009612,1229.62,1112,1796,1796,6,4.838216415999341,1229.62,4.838216415999341,1259.94,6.825373749001301
train,train_n20_0040_shallow,20,shallow,62,2,2,1,527.46,472,772,772,5,0.043287707994750235,527.46,472,772,772,5,0.04432654099946376,527.46,472,772,772,5,0.04538066699751653,527.46,0.043287707994750235,527.46,0.13299491599173052
train,train_n20_0041_mixed,20,mixed,115,3,3,1,1243.5900000000001,1128,1798,1798,5,0.35820870799943805,1195.74,1084,1732,1732,5,1.3462319999962347,1176.1850000000002,1064,1705,1705,6,3.6425693330020295,1195.74,1.3462319999962347,1195.74,5.347010040997702
train,train_n20_0042_deep,20,deep,151,4,4,1,1412.945,1276,2057,2057,8,0.4871474579995265,1369.445,1236,1997,1997,8,1.8868053749974933,1334.645,1204,1949,1949,8,5.681444084002578,1334.645,5.681444084002578,1334.645,8.055396916999598
train,train_n20_0043_shallow,20,shallow,47,3,4,0,374.58500000000004,336,553,553,3,0.011616708994552027,374.58500000000004,336,553,553,3,0.011464041999715846,374.58500000000004,336,553,553,3,0.011689167004078627,374.58500000000004,0.011689167004078627,374.58500000000004,0.0347699179983465
train,train_n20_0044_mixed,20,mixed,123,3,3,1,1270.86,1152,1852,1852,5,0.3893539169948781,1253.5900000000001,1136,1830,1830,5,1.5739782500022557,1227.62,1112,1796,1796,5,4.939836082994589,1253.5900000000001,1.5739782500022557,1253.5900000000001,6.903168249991722
train,train_n20_0045_deep,20,deep,164,3,3,1,1883.9399999999998,1712,2724,2724,6,0.5493558750022203,1822.9099999999999,1656,2638,2638,6,2.138488457996573,1779.4099999999999,1616,2578,2578,6,6.540681499995117,1822.9099999999999,2.138488457996573,1822.9099999999999,9.22852583299391
train,train_n20_0046_shallow,20,shallow,58,4,4,1,331.32,292,496,496,5,0.15515408299688715,322.815,284,487,487,5,0.4841447500002687,318.59499999999997,280,483,483,5,0.8780702919975738,318.59499999999997,0.8780702919975738,318.59499999999997,1.5173691249947296
train,train_n20_0047_mixed,20,mixed,152,3,3,1,1372.73,1244,2018,2018,5,0.4901277500030119,1342.28,1216,1976,1976,5,1.916484458000923,1309.545,1184,1929,1929,6,5.980094124999596,1342.28,1.916484458000923,1342.28,8.38670633300353
train,train_n20_0048_deep,20,deep,150,4,4,1,1530.8100000000002,1388,2226,2226,6,0.5133560000031139,1509.06,1368,2196,2196,6,1.9783464159991127,1467.625,1328,2137,2137,7,6.046379250001337,1467.625,6.046379250001337,1467.625,8.538081666003563
train,train_n20_0049_shallow,20,shallow,45,2,2,1,338.98,300,492,492,5,0.016573416003666352,338.98,300,492,492,5,0.01674237499537412,338.98,300,492,492,5,0.017001416999846697,338.98,0.016573416003666352,338.98,0.05031720799888717
train,train_n20_0050_mixed,20,mixed,150,4,4,1,1110.8200000000002,1004,1644,1644,5,0.4735281670000404,1058.49,956,1570,1570,5,1.7778879580000648,1028.04,928,1528,1528,5,5.283302000003459,1028.04,5.283302000003459,1028.04,7.534718125003565
train,train_n20_0051_deep,20,deep,216,3,3,1,2482.515,2260,3586,3587,6,0.7260224580022623,2412.7200000000003,2196,3487,3488,6,2.7870390419993782,2356.1050000000005,2144,3408,3409,6,8.496119750001526,2412.7200000000003,2.7870390419993782,2412.7200000000003,12.009181250003166
train,train_n20_0052_shallow,20,shallow,58,3,4,0,348.46,308,516,516,5,0.1378270839995821,344.30499999999995,304,513,513,5,0.4295985830030986,344.30499999999995,304,513,513,5,0.9377707499952521,344.30499999999995,0.9377707499952521,344.30499999999995,1.5051964169979328
train,train_n20_0053_mixed,20,mixed,128,3,3,1,1088.29,984,1602,1602,5,0.3955242090014508,1066.605,964,1573,1573,5,1.624796875003085,1049.335,948,1551,1551,5,4.722114541000337,1066.605,1.624796875003085,1066.605,6.742435625004873
train,train_n20_0054_deep,20,deep,184,4,4,1,1712.98,1552,2500,2500,7,0.6684484590005013,1638.8999999999999,1484,2396,2396,7,2.4128014159941813,1595.3350000000003,1444,2335,2335,7,7.378566332998162,1595.3350000000003,7.378566332998162,1595.3350000000003,10.459816207992844
train,train_n20_0055_shallow,20,shallow,24,3,3,1,192.60999999999999,172,282,282,2,0.0022615839989157394,192.60999999999999,172,282,282,2,0.0021170419931877404,192.60999999999999,172,282,282,2,0.002466958998411428,192.60999999999999,0.0021170419931877404,192.60999999999999,0.006845584990514908
train,train_n20_0056_mixed,20,mixed,147,4,4,1,1363.055,1236,1991,1991,5,0.5030124999975669,1299.805,1176,1901,1901,6,1.8295996250017197,1243.32,1124,1824,1824,6,5.474618208005268,1243.32,5.474618208005268,1243.32,7.807230333004554
train,train_n20_0057_deep,20,deep,124,3,3,1,1275.145,1156,1857,1857,5,0.3896530419951887,1249.1750000000002,1132,1823,1823,5,1.5156255420006346,1238.125,1120,1805,1805,6,4.6833808329975,1249.1750000000002,1.5156255420006346,1249.1750000000002,6.588659416993323
train,train_n20_0058_shallow,20,shallow,47,4,2,0,439.83500000000004,396,643,643,3,0.008306417003041133,439.83500000000004,396,643,643,3,0.008301292000396643,439.83500000000004,396,643,643,3,0.008262791998276953,439.83500000000004,0.008306417003041133,439.83500000000004,0.02487050100171473
train,train_n20_0059_mixed,20,mixed,108,3,3,1,803.63,720,1182,1182,7,0.31623441699775867,773.1800000000001,692,1140,1140,7,1.205496166003286,755.91,676,1118,1118,7,3.598852834002173,773.1800000000001,1.205496166003286,773.1800000000001,5.120583417003218
train,train_n20_0060_deep,20,deep,201,3,3,1,2190.7149999999997,1992,3179,3179,6,0.6844649589984328,2138.5150000000003,1944,3107,3107,6,2.7208810000011,2083.965,1892,3029,3029,7,8.832282625000516,2138.5150000000003,2.7208810000011,2138.5150000000003,12.23762858400005
train,train_n20_0061_shallow,20,shallow,70,3,4,0,440.85,392,658,658,5,0.19494795799982967,432.28,384,648,648,5,0.7569999169936636,428.125,380,645,645,5,2.0949184159981087,428.125,2.0949184159981087,432.28,3.046866290991602
train,train_n20_0062_mixed,20,mixed,81,3,3,1,767.595,688,1115,1115,7,0.24223008300032234,734.925,656,1069,1069,8,0.9593163750032545,722.005,644,1053,1053,8,2.9358865000031074,734.925,0.9593163750032545,734.925,4.137432958006684
train,train_n20_0063_deep,20,deep,141,3,4,0,1136.505,1024,1673,1673,7,0.4603207499967539,1110.34,1000,1636,1636,7,1.7579233330034185,1084.175,976,1599,1599,7,5.676591832998383,1084.175,5.676591832998383,1110.34,7.894835915998556
train,train_n24_0000_shallow,24,shallow,27,3,3,1,257.705,228,369,369,4,0.003356041997903958,257.705,228,369,369,4,0.0033163749976665713,257.705,228,369,369,4,0.0033934160019271076,257.705,0.0033163749976665713,257.705,0.010065832997497637
train,train_n24_0001_mixed,24,mixed,103,3,3,1,925.9100000000001,836,1358,1358,5,0.4345065420056926,912.925,824,1341,1341,5,1.7198445839967462,900.005,812,1325,1325,5,5.739815084001748,912.925,1.7198445839967462,912.925,7.894166210004187
train,train_n24_0002_deep,24,deep,154,3,3,1,1474.0649999999998,1336,2145,2145,6,0.6617841670013149,1448.095,1312,2111,2111,6,2.822691792003752,1435.175,1300,2095,2095,6,8.249671083001886,1448.095,2.822691792003752,1448.095,11.734147042006953
train,train_n24_0003_shallow,24,shallow,46,2,2,1,378.39,336,550,550,5,0.11160604199540103,378.39,336,550,550,5,0.19620195800234796,378.39,336,550,550,5,0.2255356669993489,378.39,0.11160604199540103,378.39,0.5333436669970979
train,train_n24_0004_mixed,24,mixed,159,3,3,1,1429.085,1296,2093,2093,5,0.6860743750003166,1407.4,1276,2064,2064,5,2.9227085419988725,1398.83,1268,2054,2054,5,8.546685207998962,1407.4,2.9227085419988725,1407.4,12.155468124998151
train,train_n24_0005_deep,24,deep,150,3,3,1,1776.475,1612,2563,2563,7,0.6747869160026312,1746.1550000000002,1584,2523,2523,7,2.9432075420045294,1713.485,1552,2477,2477,8,8.729700625000987,1746.1550000000002,2.9432075420045294,1746.1550000000002,12.347695083008148
train,train_n24_0006_shallow,24,shallow,61,2,2,1,536.0949999999999,480,783,783,5,0.32160491699323757,536.0949999999999,480,783,783,5,0.4564242920023389,536.0949999999999,480,783,783,5,0.44167983299848856,536.0949999999999,0.32160491699323757,536.0949999999999,1.219709041994065
train,train_n24_0007_mixed,24,mixed,108,3,3,1,1110.22,1004,1604,1604,6,0.47241808300168486,1088.6000000000001,984,1576,1576,6,1.8193357919953996,1062.6299999999999,960,1542,1542,6,5.52976529100124,1088.6000000000001,1.8193357919953996,1088.6000000000001,7.821519165998325
train,train_n24_0008_deep,24,deep,211,4,3,0,2358.405,2144,3413,3413,7,1.0047407090023626,2244.98,2040,3252,3252,7,3.953384583001025,2184.08,1984,3168,3168,7,11.699030249998032,2244.98,3.953384583001025,2184.08,16.65715554200142
train,train_n24_0009_shallow,24,shallow,56,2,2,1,464.235,416,683,683,4,0.09466533300292213,464.235,416,683,683,4,0.15407770800084108,464.235,416,683,683,4,0.1550251250009751,464.235,0.09466533300292213,464.235,0.4037681660047383
train,train_n24_0010_mixed,24,mixed,153,4,3,0,1468.04,1332,2144,2144,5,0.6931168329974753,1424.475,1292,2083,2083,5,2.7584795000002487,1381.04,1252,2024,2024,5,8.031047125004989,1424.475,2.7584795000002487,1381.04,11.482643458002713
train,train_n24_0011_deep,24,deep,230,4,4,1,2355.4849999999997,2140,3429,3429,7,1.1239624170048046,2285.82,2076,3332,3332,7,4.357706167000288,2224.855,2020,3247,3247,7,12.929176707999432,2224.855,12.929176707999432,2224.855,18.410845292004524
train,train_n24_0012_shallow,24,shallow,46,4,3,0,467.74,420,676,676,4,0.0060102079951320775,467.74,420,676,676,4,0.005930541003181133,467.74,420,676,676,4,0.00569441699917661,467.74,0.005930541003181133,467.74,0.01763516599748982
train,train_n24_0013_mixed,24,mixed,82,2,3,0,915.495,824,1319,1319,7,0.3527000840040273,915.495,824,1319,1319,7,1.2828607910050778,907.25,816,1314,1314,7,2.800953291996848,915.495,1.2828607910050778,915.495,4.436514167005953
train,train_n24_0014_deep,24,deep,243,4,3,0,2323.75,2112,3398,3398,6,1.1661816670020926,2254.02,2048,3300,3300,6,4.499285083998984,2184.29,1984,3202,3202,6,13.775502292002784,2254.02,4.499285083998984,2184.29,19.44096904300386
train,train_n24_0015_shallow,24,shallow,93,4,3,0,820.6,740,1200,1200,5,0.3889268750062911,803.3299999999999,724,1178,1178,5,1.4669587919997866,786.125,708,1157,1157,5,4.07740208299947,803.3299999999999,1.4669587919997866,786.125,5.933287750005547
train,train_n24_0016_mixed,24,mixed,114,3,3,1,1208.9599999999998,1092,1752,1752,7,0.4751766250046785,1196.04,1080,1736,1736,7,1.689718792003987,1191.8849999999998,1076,1733,1733,7,3.96089616700192,1196.04,1.689718792003987,1196.04,6.125791584010585
train,train_n24_0017_deep,24,deep,159,3,3,1,1953.54,1776,2820,2820,6,0.7266532499997993,1920.805,1744,2773,2773,7,2.91580512499786,1890.485,1716,2733,2733,7,9.043674082997313,1920.805,2.91580512499786,1920.805,12.686132457994972
train,train_n24_0018_shallow,24,shallow,76,3,2,0,658.5450000000001,592,961,961,5,0.2656749169982504,654.65,588,962,962,5,0.5421282499955851,654.65,588,962,962,5,0.6590842500008876,658.5450000000001,0.2656749169982504,654.65,1.466887416994723
train,train_n24_0019_mixed,24,mixed,100,3,3,1,851.765,768,1253,1253,5,0.4129140410004766,838.8449999999999,756,1237,1237,5,1.5484570830012672,830.275,748,1227,1227,5,4.094162582994613,838.8449999999999,1.5484570830012672,838.8449999999999,6.055533706996357
train,train_n24_0020_deep,24,deep,169,3,3,1,1656.1950000000002,1504,2419,2419,5,0.7537500000034925,1623.525,1472,2373,2373,6,2.9763034999996307,1593.0749999999998,1444,2331,2331,6,9.09268820899888,1623.525,2.9763034999996307,1623.525,12.822741709002003
train,train_n24_0021_shallow,24,shallow,41,2,2,1,332.63,296,486,486,4,0.009064458994544111,332.63,296,486,486,4,0.009081791999051347,332.63,296,486,486,4,0.009149833000265062,332.63,0.009064458994544111,332.63,0.02729608399386052
train,train_n24_0022_mixed,24,mixed,107,3,3,1,1047.5149999999999,948,1523,1523,5,0.4511352080007782,1034.595,936,1507,1507,5,1.736058000002231,1030.44,932,1504,1504,5,4.939771999997902,1034.595,1.736058000002231,1034.595,7.126965208000911
train,train_n24_0023_deep,24,deep,148,4,3,0,1606.3700000000001,1456,2322,2322,7,0.6470356670033652,1543.1849999999997,1396,2233,2233,8,2.4799177079985384,1482.2849999999999,1340,2149,2149,8,7.425951332996192,1543.1849999999997,2.4799177079985384,1482.2849999999999,10.552904707998096
train,train_n24_0024_shallow,24,shallow,54,4,4,1,409.36,364,600,600,5,0.02844724999886239,409.36,364,600,600,5,0.028260291001060978,409.36,364,600,600,5,0.027832457999465987,409.36,0.027832457999465987,409.36,0.08453999899938935
train,train_n24_0025_mixed,24,mixed,96,3,3,1,759.5450000000001,680,1113,1113,7,0.3892553749974468,724.745,648,1065,1065,7,1.4939825000037672,711.825,636,1049,1049,7,4.388661708006111,724.745,1.4939825000037672,724.745,6.271899583007325
train,train_n24_0026_deep,24,deep,171,3,3,1,1514.84,1372,2224,2224,6,0.746476457999961,1488.805,1348,2189,2189,6,2.9619349589993362,1467.185,1328,2161,2161,6,9.18940612499864,1488.805,2.9619349589993362,1488.805,12.897817541997938
train,train_n24_0027_shallow,24,shallow,67,4,4,1,419.1,372,628,628,5,0.2608936249962426,406.18,360,612,612,5,0.9726452909962973,397.675,352,603,603,5,2.361140125001839,397.675,2.361140125001839,397.675,3.5946790409943787
train,train_n24_0028_mixed,24,mixed,139,3,3,1,1367.055,1236,1991,1991,7,0.5935186249989783,1349.6550000000002,1220,1967,1967,7,2.383522542004357,1336.7350000000001,1208,1951,1951,7,7.4162014160028775,1349.6550000000002,2.383522542004357,1349.6550000000002,10.393242583006213
train,train_n24_0029_deep,24,deep,164,3,3,1,1797.03,1632,2605,2606,6,0.7292977500037523,1749.245,1588,2540,2541,6,2.928924541003653,1712.1599999999999,1552,2487,2488,7,9.081810042000143,1749.245,2.928924541003653,1749.245,12.740032333007548
train,train_n24_0030_shallow,24,shallow,57,4,2,0,468.45500000000004,420,687,687,4,0.030566958004783373,468.45500000000004,420,687,687,4,0.030644958002085332,468.45500000000004,420,687,687,4,0.03040608300216263,468.45500000000004,0.030566958004783373,468.45500000000004,0.09161799900903134
train,train_n24_0031_mixed,24,mixed,104,3,3,1,847.155,764,1243,1243,5,0.41419487499661045,829.885,748,1221,1221,5,1.6118988749949494,821.315,740,1211,1211,5,4.846283665996452,829.885,1.6118988749949494,829.885,6.872377415988012
train,train_n24_0032_deep,24,deep,220,3,3,1,2485.335,2260,3599,3599,7,1.022271040994383,2441.8999999999996,2220,3540,3540,7,4.059555874999205,2420.15,2200,3510,3510,7,12.4411487499965,2441.8999999999996,4.059555874999205,2441.8999999999996,17.52297566599009
train,train_n24_0033_shallow,24,shallow,59,2,2,1,570.44,512,824,824,5,0.013719208000111394,570.44,512,824,824,5,0.013941999997769017,570.44,512,824,824,5,0.013949166997917928,570.44,0.013719208000111394,570.44,0.04161037499579834
train,train_n24_0034_mixed,24,mixed,92,3,3,1,681.4000000000001,612,1008,1008,5,0.36466020800435217,672.83,604,998,998,5,1.4330821670009755,664.26,596,988,988,5,4.339126917002432,672.83,1.4330821670009755,672.83,6.136869292007759
train,train_n24_0035_deep,24,deep,158,3,3,1,1666.245,1512,2421,2421,6,0.695808707998367,1648.975,1496,2399,2399,6,2.770598458002496,1631.705,1480,2377,2377,6,8.522210167000594,1648.975,2.770598458002496,1648.975,11.988617333001457
train,train_n24_0036_shallow,24,shallow,52,4,3,0,527.03,476,766,766,3,0.006300417000602465,527.03,476,766,766,3,0.006288207994657569,527.03,476,766,766,3,0.0062620000026072375,527.03,0.006288207994657569,527.03,0.01885062499786727
train,train_n24_0037_mixed,24,mixed,142,4,3,0,1614.7450000000001,1464,2329,2329,7,0.6204183750014636,1545.1449999999998,1400,2233,2233,7,2.4067299170055776,1501.775,1360,2175,2175,7,7.264463792002061,1545.1449999999998,2.4067299170055776,1501.775,10.291612084009103
train,train_n24_0038_deep,24,deep,158,3,3,1,1333.5149999999999,1208,1963,1963,5,0.669657250000455,1320.595,1196,1947,1947,5,2.6364044590009144,1307.675,1184,1931,1931,5,8.053831166995224,1320.595,2.6364044590009144,1320.595,11.359892875996593
train,train_n24_0039_shallow,24,shallow,57,2,2,1,539.9250000000001,484,781,781,5,0.19230633299594047,539.9250000000001,484,781,781,5,0.5115620829965337,539.9250000000001,484,781,781,5,0.8779917080028099,539.9250000000001,0.19230633299594047,539.9250000000001,1.581860123995284
train,train_n24_0040_mixed,24,mixed,141,3,3,1,1417.0600000000002,1284,2060,2060,6,0.6068674999987707,1404.14,1272,2044,2044,6,2.40273270799662,1391.22,1260,2028,2028,6,7.3009336670002085,1404.14,2.40273270799662,1404.14,10.310533874995599
train,train_n24_0041_deep,24,deep,181,3,3,1,2017.6100000000001,1832,2922,2922,7,0.8250155839996296,1952.2949999999998,1772,2831,2831,7,3.2537851669985685,1904.4449999999997,1728,2765,2765,7,9.793369792001613,1952.2949999999998,3.2537851669985685,1952.2949999999998,13.872170542999811
train,train_n24_0042_shallow,24,shallow,41,4,2,0,330.085,292,477,477,5,0.009538750004139729,330.085,292,477,477,5,0.009544541993818711,330.085,292,477,477,5,0.00938700000551762,330.085,0.009538750004139729,330.085,0.02847029200347606
train,train_n24_0043_mixed,24,mixed,106,3,3,1,1043.62,944,1524,1524,5,0.443250625001383,1000.25,904,1466,1466,5,1.770599666000635,987.33,892,1450,1450,5,5.24181320900243,1000.25,1.770599666000635,1000.25,7.455663500004448
train,train_n24_0044_deep,24,deep,226,3,3,1,2444.705,2224,3553,3553,6,1.0226402499974938,2396.79,2180,3486,3486,6,4.042667000001529,2340.11,2128,3406,3406,6,12.441199916996993,2396.79,4.042667000001529,2396.79,17.506507166996016
train,train_n24_0045_shallow,24,shallow,53,2,2,1,426.825,380,625,625,5,0.15804791700065834,426.825,380,625,625,5,0.36679345900483895,426.825,380,625,625,5,0.5304558749994612,426.825,0.15804791700065834,426.825,1.0552972510049585
train,train_n24_0046_mixed,24,mixed,99,3,3,1,944.725,852,1373,1373,6,0.3850866249995306,923.17,832,1346,1346,6,1.3338671249948675,914.6,824,1336,1336,6,3.542517082998529,923.17,1.3338671249948675,923.17,5.261470832992927
train,train_n24_0047_deep,24,deep,180,3,3,1,1841.6749999999997,1672,2683,2683,6,0.7807938330006436,1798.1750000000002,1632,2623,2623,6,3.1476885000010952,1785.1899999999998,1620,2606,2606,6,9.697896750003565,1798.1750000000002,3.1476885000010952,1798.1750000000002,13.626379083005304
train,train_n24_0048_shallow,24,shallow,33,4,2,0,288.675,256,419,419,4,0.007490583993785549,288.675,256,419,419,4,0.007308416003070306,288.675,256,419,419,4,0.007255500000610482,288.675,0.007490583993785549,288.675,0.022054499997466337
train,train_n24_0049_mixed,24,mixed,150,3,3,1,1332.865,1208,1953,1953,5,0.616515707995859,1263.1999999999998,1144,1856,1856,5,2.3774087499987218,1250.2799999999997,1132,1840,1840,5,7.200316540998756,1263.1999999999998,2.3774087499987218,1263.1999999999998,10.194240998993337
train,train_n24_0050_deep,24,deep,200,3,3,1,2048.9700000000003,1860,2978,2978,7,0.8820530000011786,2005.6,1820,2920,2920,7,3.456393416003266,1979.5,1796,2884,2884,7,10.633828041995002,2005.6,3.456393416003266,2005.6,14.972274457999447
train,train_n24_0051_shallow,24,shallow,64,4,3,0,590.84,532,864,864,4,0.014387750001333188,590.84,532,864,864,4,0.014587249999749474,590.84,532,864,864,4,0.014279959003033582,590.84,0.014587249999749474,590.84,0.043254959004116245
train,train_n24_0052_mixed,24,mixed,160,4,3,0,1270.2,1148,1872,1872,6,0.6557882909983164,1222.35,1104,1806,1806,6,2.563457666001341,1187.5499999999997,1072,1758,1758,6,7.7771535420033615,1222.35,2.563457666001341,1187.5499999999997,10.996399499003019
train,train_n24_0053_deep,24,deep,210,3,3,1,2215.66,2016,3228,3228,5,0.9279012920014793,2167.81,1972,3162,3162,5,3.7288834580031107,2133.0099999999998,1940,3114,3114,5,11.592302666998876,2167.81,3.7288834580031107,2167.81,16.249087417003466
train,train_n24_0054_shallow,24,shallow,65,4,4,1,530.355,480,787,787,2,0.029024417002801783,530.355,480,787,787,2,0.028773083999112714,530.355,480,787,787,2,0.028704459000437055,530.355,0.028704459000437055,530.355,0.08650196000235155
train,train_n24_0055_mixed,24,mixed,68,4,2,0,645.04,580,936,936,5,0.03605945800518384,645.04,580,936,936,5,0.03610445799859008,645.04,580,936,936,5,0.03560887499770615,645.04,0.03605945800518384,645.04,0.10777279100148007
train,train_n24_0056_deep,24,deep,157,3,3,1,1620.1999999999998,1468,2352,2352,7,0.6711063330003526,1602.865,1452,2329,2329,7,2.6503188330025296,1589.945,1440,2313,2313,7,8.157128042003023,1602.865,2.6503188330025296,1602.865,11.478553208005906
train,train_n24_0057_shallow,24,shallow,56,4,2,0,370.275,328,547,547,5,0.1835409580016858,366.12,324,544,544,5,0.5221821250015637,361.965,320,541,541,5,1.0377653329996974,370.275,0.1835409580016858,361.965,1.743488416002947
train,train_n24_0058_mixed,24,mixed,102,2,3,0,1010.04,912,1464,1464,6,0.4150361670035636,1001.4699999999999,904,1454,1454,6,1.5946809169981861,997.3149999999999,900,1451,1451,6,4.342996874998789,1001.4699999999999,1.5946809169981861,1010.04,6.352713959000539
train,train_n24_0059_deep,24,deep,218,3,3,1,2595.6949999999997,2360,3743,3743,8,0.966971249996277,2530.38,2300,3652,3652,8,3.8237998340046033,2469.415,2244,3567,3567,8,11.524112624996633,2530.38,3.8237998340046033,2530.38,16.314883708997513
train,train_n24_0060_shallow,24,shallow,64,4,4,1,356.55,320,550,550,2,0.23845487499784213,347.98,312,540,540,2,0.9424658749994705,339.40999999999997,304,530,530,2,2.599283707997529,339.40999999999997,2.599283707997529,339.40999999999997,3.7802044579948415
train,train_n24_0061_mixed,24,mixed,173,4,3,0,1823.43,1656,2646,2646,6,0.7382257909994223,1753.7,1592,2548,2548,6,2.849996834003832,1710.2649999999999,1552,2489,2489,6,8.534143666998716,1753.7,2.849996834003832,1710.2649999999999,12.12236629200197
train,train_n24_0062_deep,24,deep,188,4,3,0,1996.12,1812,2896,2896,7,0.8230153749973397,1930.74,1752,2804,2804,7,3.1725742909984547,1865.3600000000001,1692,2712,2712,7,9.594620625000971,1930.74,3.1725742909984547,1865.3600000000001,13.590210290996765
train,train_n24_0063_shallow,24,shallow,59,3,2,0,383.78,340,572,572,5,0.09550941699853865,379.625,336,569,569,5,0.16400608399999328,379.625,336,569,569,5,0.20390341700112913,383.78,0.09550941699853865,379.625,0.46341891799966106
valid,valid_n16_0000_mixed,16,mixed,78,3,2,0,800.135,720,1159,1159,6,0.14914354200300295,787.215,708,1143,1143,6,0.501937667002494,787.215,708,1143,1143,6,1.1406161670020083,800.135,0.14914354200300295,787.215,1.7916973760075052
valid,valid_n16_0001_deep,16,deep,162,4,4,1,1572.48,1424,2288,2288,7,0.36625712500244845,1515.7999999999997,1372,2208,2208,7,1.4092581250006333,1476.78,1336,2156,2156,7,4.123599041005946,1476.78,4.123599041005946,1476.78,5.8991142910090275
valid,valid_n16_0002_shallow,16,shallow,51,2,2,1,431.24,384,632,632,5,0.030650375003460795,431.24,384,632,632,5,0.039204334003443364,431.24,384,632,632,5,0.03914479100058088,431.24,0.030650375003460795,431.24,0.10899950000748504
valid,valid_n16_0003_mixed,16,mixed,87,4,4,1,709.6550000000001,640,1047,1047,4,0.16773766600090312,692.385,624,1025,1025,4,0.6359133329970064,670.765,604,997,997,4,1.9585006659981445,670.765,1.9585006659981445,670.765,2.762151664996054
valid,valid_n16_0004_deep,16,deep,105,4,4,1,794.8,712,1168,1168,7,0.2068034589974559,755.65,676,1114,1114,7,0.7480680410008063,729.55,652,1078,1078,7,2.171489084001223,729.55,2.171489084001223,729.55,3.1263605839994852
valid,valid_n16_0005_shallow,16,shallow,49,3,4,0,463.715,416,675,675,4,0.008087541995337233,463.715,416,675,675,4,0.007969958998728544,463.715,416,675,675,4,0.008057957995333709,463.715,0.008057957995333709,463.715,0.024115458989399485
valid,valid_n16_0006_mixed,16,mixed,123,4,4,1,1102.495,996,1607,1607,6,0.2514634170001955,1056.645,952,1541,1541,7,0.9520363330011605,1030.675,928,1507,1507,7,2.8222036250008387,1030.675,2.8222036250008387,1030.675,4.025703375002195
valid,valid_n16_0007_deep,16,deep,171,4,4,1,1810.185,1644,2625,2625,6,0.3865541659979499,1753.5049999999999,1592,2545,2545,6,1.4904444169951603,1694.605,1536,2461,2461,7,4.368524208999588,1694.605,4.368524208999588,1694.605,6.245522791992698
valid,valid_n16_0008_shallow,16,shallow,64,4,4,1,379.69,336,570,570,5,0.11406029199861223,366.70500000000004,324,553,553,5,0.4281660000051488,353.84999999999997,312,538,538,5,1.250814958002593,353.84999999999997,1.250814958002593,353.84999999999997,1.793041250006354
valid,valid_n16_0009_mixed,16,mixed,84,4,4,1,689.905,620,1017,1017,5,0.1611206250017858,676.9849999999999,608,1001,1001,5,0.6309503340016818,659.7149999999999,592,979,979,5,1.9379173749985057,659.7149999999999,1.9379173749985057,659.7149999999999,2.7299883340019733
valid,valid_n16_0010_deep,16,deep,120,4,4,1,1061.15,960,1550,1550,5,0.25380591599969193,1028.415,928,1503,1503,6,0.9392730410036165,998.03,900,1462,1462,6,2.723985917000391,998.03,2.723985917000391,998.03,3.9170648740036995
valid,valid_n16_0011_shallow,16,shallow,85,3,4,0,650.17,584,954,954,5,0.16080425000109244,637.25,572,938,938,5,0.5810080829978688,624.33,560,922,922,5,1.6775687920016935,624.33,1.6775687920016935,637.25,2.4193811250006547
valid,valid_n16_0012_mixed,16,mixed,94,4,3,0,1040.165,940,1501,1501,6,0.19177004200173542,987.9649999999999,892,1429,1429,6,0.7408995000005234,953.23,860,1382,1382,6,2.201204417004192,987.9649999999999,0.7408995000005234,953.23,3.1338739590064506
valid,valid_n16_0013_deep,16,deep,183,4,4,1,1825.69,1656,2650,2650,7,0.43370362499990733,1764.725,1600,2565,2565,7,1.5409521249966929,1703.8249999999998,1544,2481,2481,7,4.544402084000467,1703.8249999999998,4.544402084000467,1703.8249999999998,6.519057833997067
valid,valid_n16_0014_shallow,16,shallow,50,3,2,0,505.40999999999997,456,738,738,3,0.012941415996465366,505.40999999999997,456,738,738,3,0.012831874999392312,505.40999999999997,456,738,738,3,0.012972042000910733,505.40999999999997,0.012941415996465366,505.40999999999997,0.03874533299676841
valid,valid_n16_0015_mixed,16,mixed,104,4,3,0,816.8999999999999,736,1204,1204,5,0.20901979199697962,786.515,708,1163,1163,5,0.7820480840018718,764.83,688,1134,1134,5,2.3382942090029246,786.515,0.7820480840018718,764.83,3.329362085001776
valid,valid_n16_0016_deep,16,deep,221,4,4,1,2309.075,2100,3355,3355,6,0.5394191660016077,2226.23,2024,3238,3238,6,1.9645651660030126,2165.2000000000003,1968,3152,3152,6,5.851940375003323,2165.2000000000003,5.851940375003323,2165.2000000000003,8.355924707007944
valid,valid_n16_0017_shallow,16,shallow,45,2,2,1,328.54,292,484,484,4,0.057598916995630134,328.54,292,484,484,4,0.08174295799835818,328.54,292,484,484,4,0.08188608300406486,328.54,0.057598916995630134,328.54,0.22122795799805317
valid,valid_n16_0018_mixed,16,mixed,120,4,3,0,1481.0749999999998,1344,2131,2131,6,0.26020012499793665,1424.5249999999999,1292,2053,2053,6,0.9894827079988318,1374.39,1244,1982,1982,7,2.970467749997624,1424.5249999999999,0.9894827079988318,1374.39,4.220150582994393
valid,valid_n16_0019_deep,16,deep,161,4,4,1,1574.96,1428,2296,2296,6,0.3662331660016207,1526.98,1384,2228,2228,6,1.4078480410025804,1479.13,1340,2162,2162,6,4.211382415996923,1479.13,4.211382415996923,1479.13,5.985463623001124
valid,valid_n16_0020_shallow,16,shallow,62,3,2,0,518.24,464,752,752,5,0.11351645799732069,509.995,456,747,747,5,0.3714675840019481,505.84000000000003,452,744,744,5,0.8942254159992444,518.24,0.11351645799732069,509.995,1.3792094579985132
valid,valid_n16_0021_mixed,16,mixed,168,4,4,1,1662.2199999999998,1508,2420,2420,6,0.40542179199837847,1605.475,1456,2339,2339,6,1.4440078339976026,1557.56,1412,2272,2272,6,4.294895541999722,1557.56,4.294895541999722,1557.56,6.144325167995703
valid,valid_n16_0022_deep,16,deep,161,4,4,1,1311.22,1184,1924,1924,7,0.3697630000024219,1245.84,1124,1832,1832,7,1.3520235840042005,1204.3400000000001,1084,1772,1772,8,3.937598207994597,1204.3400000000001,3.937598207994597,1204.3400000000001,5.6593847920012195
valid,valid_n16_0023_shallow,16,shallow,62,3,2,0,575.505,516,841,841,5,0.09939083299832419,571.35,512,838,838,5,0.24638633400172694,571.35,512,838,838,5,0.3487299590051407,575.505,0.09939083299832419,571.35,0.6945071260051918
valid,valid_n20_0000_deep,20,deep,159,4,4,1,1439.9799999999998,1304,2108,2108,6,0.5146561250003288,1400.7649999999999,1268,2053,2053,6,1.9674166249969858,1361.615,1232,1999,1999,6,5.926381333003519,1361.615,5.926381333003519,1361.615,8.408454083000834
valid,valid_n20_0001_shallow,20,shallow,77,3,4,0,551.9250000000001,492,813,813,6,0.2047673749984824,534.655,476,791,791,6,0.7814757919986732,526.085,468,781,781,6,2.262623499998881,526.085,2.262623499998881,534.655,3.2488666669960367
valid,valid_n20_0002_mixed,20,mixed,69,2,2,1,780.215,704,1127,1127,5,0.18282691600325052,776.0600000000001,700,1124,1124,5,0.5391587920021266,771.905,696,1121,1121,5,0.9843168339939439,780.215,0.18282691600325052,780.215,1.706302541999321
valid,valid_n20_0003_deep,20,deep,180,4,4,1,1862.6850000000002,1688,2701,2701,8,0.5695184170035645,1784.1899999999998,1616,2590,2590,8,2.202268583998375,1705.695,1544,2479,2479,8,6.603459208003187,1705.695,6.603459208003187,1705.695,9.375246209005127
valid,valid_n20_0004_shallow,20,shallow,55,3,4,0,392.63500000000005,352,587,587,3,0.02510700000129873,392.63500000000005,352,587,587,3,0.024770541000179946,392.63500000000005,352,587,587,3,0.02479254199715797,392.63500000000005,0.02479254199715797,392.63500000000005,0.07467008299863664
valid,valid_n20_0005_mixed,20,mixed,113,4,3,0,865.205,780,1277,1277,5,0.32271379199664807,839.17,756,1242,1242,5,1.2372382920002565,817.485,736,1213,1213,5,3.7445704159981688,839.17,1.2372382920002565,817.485,5.304522499995073
valid,valid_n20_0006_deep,20,deep,180,4,4,1,1690.5800000000002,1532,2460,2460,7,0.5673579170033918,1634.03,1480,2382,2382,7,2.163277665997157,1573.13,1424,2298,2298,7,6.431206500004919,1573.13,6.431206500004919,1573.13,9.161842083005467
valid,valid_n20_0007_shallow,20,shallow,55,3,2,0,426.695,380,623,623,5,0.05986537499848055,422.54,376,620,620,5,0.0990572919981787,422.54,376,620,620,5,0.11542770799860591,426.695,0.05986537499848055,422.54,0.27435037499526516
valid,valid_n20_0008_mixed,20,mixed,86,4,3,0,629.16,564,935,936,5,0.2412964169998304,607.54,544,907,908,5,0.9535840839962475,590.27,528,885,886,5,2.861251791997347,607.54,0.9535840839962475,590.27,4.056132292993425
valid,valid_n20_0009_deep,20,deep,139,3,3,1,1436.4599999999998,1300,2084,2084,7,0.4274328749961569,1410.3600000000001,1276,2048,2048,7,1.6461579169990728,1393.025,1260,2025,2025,7,5.030996457993751,1410.3600000000001,1.6461579169990728,1410.3600000000001,7.104587249988981
valid,valid_n20_0010_shallow,20,shallow,52,2,2,1,468.52,420,688,688,4,0.05544791600550525,468.52,420,688,688,4,0.07551879100356018,468.52,420,688,688,4,0.07591779100039275,468.52,0.05544791600550525,468.52,0.20688449800945818
valid,valid_n20_0011_mixed,20,mixed,122,3,4,0,1115.805,1008,1629,1629,6,0.35689962500327965,1089.77,984,1594,1594,6,1.3723670839972328,1076.85,972,1578,1578,6,4.2299372920024325,1076.85,4.2299372920024325,1089.77,5.959204001002945
valid,valid_n20_0012_deep,20,deep,180,3,3,1,2035.165,1848,2948,2949,7,0.5982182079969789,1987.25,1804,2881,2882,7,2.356730666004296,1961.215,1780,2846,2847,7,7.393591041000036,1987.25,2.356730666004296,1987.25,10.34853991500131
valid,valid_n20_0013_shallow,20,shallow,40,2,4,0,239.06,208,356,356,5,0.03830487500090385,239.06,208,356,356,5,0.03838750000431901,239.06,208,356,356,5,0.0386106249934528,239.06,0.0386106249934528,239.06,0.11530299999867566
valid,valid_n20_0014_mixed,20,mixed,111,4,3,0,1160.745,1052,1681,1681,5,0.3244892910006456,1104.195,1000,1603,1603,5,1.248518000000331,1069.46,968,1556,1556,5,3.751106916999561,1104.195,1.248518000000331,1069.46,5.3241142080005375
valid,valid_n20_0015_deep,20,deep,108,4,4,1,727.81,652,1082,1082,6,0.3077165410068119,710.475,636,1059,1059,6,1.1789807499953895,693.27,620,1038,1038,6,3.574308999995992,693.27,3.574308999995992,693.27,5.061006290998193
valid,valid_n20_0016_shallow,20,shallow,68,4,2,0,551.885,496,813,813,4,0.17075874999864027,538.965,484,797,797,4,0.5540092910014209,530.46,476,788,788,4,1.2996659999989788,551.885,0.17075874999864027,530.46,2.02443404099904
valid,valid_n20_0017_mixed,20,mixed,92,3,4,0,659.365,588,973,973,7,0.2586460829988937,620.2799999999999,552,920,920,7,0.9860917090045405,607.295,540,903,903,7,2.9910985000024084,607.295,2.9910985000024084,620.2799999999999,4.2358362920058426
valid,valid_n20_0018_deep,20,deep,195,4,3,0,1785.905,1620,2617,2617,6,0.6288582920024055,1750.975,1588,2567,2567,6,2.4980690000011236,1694.36,1536,2488,2488,6,7.547094083005504,1750.975,2.4980690000011236,1694.36,10.674021375009033
valid,valid_n20_0019_shallow,20,shallow,77,3,2,0,706.5649999999999,632,1029,1029,7,0.22302966699498938,684.9449999999999,612,1001,1001,7,0.8837055420008255,672.025,600,985,985,7,2.739349667004717,706.5649999999999,0.22302966699498938,684.9449999999999,3.846084876000532
valid,valid_n20_0020_mixed,20,mixed,122,3,3,1,922.6,832,1368,1368,5,0.3566876249969937,905.2649999999999,816,1345,1345,5,1.3950748330025817,892.3449999999999,804,1329,1329,5,4.192080166001688,905.2649999999999,1.3950748330025817,905.2649999999999,5.943842624001263
valid,valid_n20_0021_deep,20,deep,210,4,3,0,2191.105,1992,3185,3185,6,0.6876863750003395,2103.78,1912,3060,3060,6,2.7196266669998295,2029.635,1844,2955,2955,6,7.994396416004747,2103.78,2.7196266669998295,2029.635,11.401709458004916
valid,valid_n20_0022_shallow,20,shallow,65,2,2,1,509.995,456,747,747,5,0.09913225000491366,509.995,456,747,747,5,0.1342809580019093,509.995,456,747,747,5,0.13575120899622561,509.995,0.09913225000491366,509.995,0.3691644170030486
valid,valid_n20_0023_mixed,20,mixed,113,4,4,1,739.3149999999999,664,1107,1107,5,0.34035116699669743,713.2800000000001,640,1072,1072,5,1.303935249998176,695.945,624,1049,1049,5,3.849366583999654,695.945,3.849366583999654,695.945,5.493653000994527
valid,valid_n24_0000_shallow,24,shallow,32,4,3,0,384.18,344,548,548,4,0.0039530830035801046,384.18,344,548,548,4,0.0038913329990464263,384.18,344,548,548,4,0.0038164580037118867,384.18,0.0038913329990464263,384.18,0.011660874006338418
valid,valid_n24_0001_mixed,24,mixed,89,3,3,1,759.895,684,1119,1119,5,0.13856141699943691,759.895,684,1119,1119,5,0.13747699999657925,759.895,684,1119,1119,5,0.14197533300466603,759.895,0.13747699999657925,759.895,0.4180137500006822
valid,valid_n24_0002_deep,24,deep,176,3,3,1,2021.5049999999999,1836,2921,2921,7,0.7738285829982487,1975.785,1792,2857,2857,8,3.0221807499983697,1936.7,1756,2804,2804,8,9.369550417002756,1975.785,3.0221807499983697,1975.785,13.165559749999375
valid,valid_n24_0003_shallow,24,shallow,62,2,3,0,625.51,564,910,910,4,0.013884250001865439,625.51,564,910,910,4,0.013999208000313956,625.51,564,910,910,4,0.01396583399764495,625.51,0.013999208000313956,625.51,0.041849291999824345
valid,valid_n24_0004_mixed,24,mixed,97,3,3,1,1038.01,936,1498,1498,7,0.3898962500024936,998.925,900,1445,1445,7,1.507941292002215,977.305,880,1417,1417,7,4.5419788749932195,998.925,1.507941292002215,998.925,6.439816416997928
valid,valid_n24_0005_deep,24,deep,212,3,3,1,2345.3550000000005,2132,3395,3395,7,0.9362838750021183,2266.795,2060,3283,3283,7,3.6593003329981,2218.945,2016,3217,3217,7,11.236198833001254,2266.795,3.6593003329981,2266.795,15.831783041001472
valid,valid_n24_0006_shallow,24,shallow,54,3,3,1,527.16,476,768,768,3,0.006320750006125309,527.16,476,768,768,3,0.006281374997342937,527.16,476,768,768,3,0.00647575000039069,527.16,0.006281374997342937,527.16,0.019077875003858935
valid,valid_n24_0007_mixed,24,mixed,112,3,3,1,1069.915,968,1563,1563,5,0.45453233299485873,1052.645,952,1541,1541,5,1.7710525840011542,1039.725,940,1525,1525,5,5.259793874996831,1052.645,1.7710525840011542,1052.645,7.485378791992844
valid,valid_n24_0008_deep,24,deep,181,3,3,1,1898.615,1724,2767,2767,6,0.7938802500066231,1874.58,1700,2732,2732,7,3.1958808339986717,1844.1950000000002,1672,2691,2691,7,10.168263125000522,1874.58,3.1958808339986717,1874.58,14.158024209005816
valid,valid_n24_0009_shallow,24,shallow,63,2,2,1,614.265,552,889,889,5,0.05366787499951897,614.265,552,889,889,5,0.06623400000535185,614.265,552,889,889,5,0.06668000000354368,614.265,0.05366787499951897,614.265,0.1865818750084145
valid,valid_n24_0010_mixed,24,mixed,97,4,3,0,846.765,764,1237,1237,5,0.38016875000175787,820.795,740,1203,1203,5,1.4551469170037308,799.175,720,1175,1175,5,4.4311207920036395,820.795,1.4551469170037308,799.175,6.266436459009128
valid,valid_n24_0011_deep,24,deep,191,4,3,0,2070.265,1880,3001,3001,7,0.8912302919998183,2026.765,1840,2941,2941,7,3.379736082999443,1974.565,1792,2869,2869,7,10.301260167005239,2026.765,3.379736082999443,1974.565,14.5722265420045
valid,valid_n24_0012_shallow,24,shallow,68,3,2,0,410.00999999999993,364,610,610,5,0.028152583006885834,410.00999999999993,364,610,610,5,0.02799020800011931,410.00999999999993,364,610,610,5,0.02806941699964227,410.00999999999993,0.028152583006885834,410.00999999999993,0.08421220800664742
valid,valid_n24_0013_mixed,24,mixed,135,4,3,0,1432.2,1300,2080,2080,5,0.6219071250015986,1366.82,1240,1988,1988,5,2.234425000002375,1323.32,1200,1928,1928,5,6.685054499997932,1366.82,2.234425000002375,1323.32,9.541386625001905
valid,valid_n24_0014_deep,24,deep,184,3,3,1,1957.165,1776,2845,2845,7,0.809591958000965,1926.78,1748,2804,2804,7,3.225961500000267,1900.7450000000001,1724,2769,2769,7,10.095090541995887,1926.78,3.225961500000267,1926.78,14.130643999997119
valid,valid_n24_0015_shallow,24,shallow,69,2,2,1,540.965,484,797,797,5,0.13567216600495158,540.965,484,797,797,5,0.24376745799963828,540.965,484,797,797,5,0.30046841700095683,540.965,0.13567216600495158,540.965,0.6799080410055467
valid,valid_n24_0016_mixed,24,mixed,135,3,3,1,1079.915,976,1595,1595,5,0.5393675419982173,1051.53,948,1554,1554,6,2.1305954170020414,1029.845,928,1525,1525,6,6.555919541999174,1051.53,2.1305954170020414,1051.53,9.225882500999433
valid,valid_n24_0017_deep,24,deep,166,3,3,1,1503.66,1360,2204,2204,7,0.7041474159996142,1464.445,1324,2149,2149,7,2.7970434590024524,1447.1100000000001,1308,2126,2126,7,8.657747207995271,1464.445,2.7970434590024524,1464.445,12.158938082997338
valid,valid_n24_0018_shallow,24,shallow,70,4,4,1,476.26,428,716,716,3,0.2510788750005304,472.10499999999996,424,713,713,3,0.7421716660028324,463.6,416,704,704,3,1.2597447499938426,463.6,1.2597447499938426,463.6,2.2529952909972053
valid,valid_n24_0019_mixed,24,mixed,100,4,4,1,679.5699999999999,608,1010,1010,6,0.4226819159957813,646.835,576,963,963,7,1.5042614999983925,629.5,560,940,940,7,4.464508540993847,629.5,4.464508540993847,629.5,6.391451956988021
valid,valid_n24_0020_deep,24,deep,178,3,3,1,1769.4,1604,2576,2576,7,0.7691643750004005,1712.8500000000001,1552,2498,2498,7,3.023535874999652,1686.8149999999998,1528,2463,2463,7,9.19893695799692,1712.8500000000001,3.023535874999652,1712.8500000000001,12.991637207996973
valid,valid_n24_0021_shallow,24,shallow,82,2,2,1,637.38,572,940,940,5,0.15517812500183936,637.38,572,940,940,5,0.2231059159967117,637.38,572,940,940,5,0.22287908300495474,637.38,0.15517812500183936,637.38,0.6011631240035058
valid,valid_n24_0022_mixed,24,mixed,101,3,3,1,634.135,568,951,951,5,0.3824721659984789,625.5649999999999,560,941,941,5,1.4832283340001595,612.645,548,925,925,5,4.527161417005118,625.5649999999999,1.4832283340001595,625.5649999999999,6.392861917003756
valid,valid_n24_0023_deep,24,deep,157,3,3,1,1513.4099999999999,1372,2202,2202,6,0.6475552920019254,1469.845,1332,2141,2141,6,2.492364459001692,1445.9399999999998,1308,2108,2108,7,7.428579540995997,1469.845,2.492364459001692,1469.845,10.568499291999615
test,test_n28_0000_mixed,28,mixed,156,4,3,0,1385.235,1252,2027,2027,7,0.8430239170047571,1328.555,1200,1947,1947,7,3.297843209002167,1285.055,1160,1887,1887,7,10.055341666993627,1328.555,3.297843209002167,1285.055,14.196208793000551
test,test_n28_0001_deep,28,deep,312,4,3,0,3656.595,3332,5291,5291,7,1.8956586249987595,3543.235,3228,5131,5131,7,7.372972249999293,3447.34,3140,4996,4996,7,22.623627834000217,3543.235,7.372972249999293,3447.34,31.89225870899827
test,test_n28_0002_shallow,28,shallow,39,3,3,1,371.58500000000004,332,537,537,4,0.006190792002598755,371.58500000000004,332,537,537,4,0.0060540830017998815,371.58500000000004,332,537,537,4,0.006092499999795109,371.58500000000004,0.0060540830017998815,371.58500000000004,0.018337375004193746
test,test_n28_0003_mixed,28,mixed,108,3,4,0,728.745,656,1097,1097,4,0.5578577080013929,720.175,648,1087,1087,4,2.2613712909951573,711.605,640,1077,1077,4,7.138253749995783,711.605,7.138253749995783,720.175,9.957482748992334
test,test_n28_0004_deep,28,deep,97,3,3,1,971.02,876,1412,1412,6,0.46367654200003017,936.35,844,1366,1366,6,1.4460388330044225,936.35,844,1366,1366,6,3.0601511249988107,936.35,1.4460388330044225,936.35,4.969866500003263
test,test_n28_0005_shallow,28,shallow,27,3,3,1,266.405,236,381,381,4,0.004145958002482075,266.405,236,381,381,4,0.004069624999829102,266.405,236,381,381,4,0.0040894169942475855,266.405,0.004069624999829102,266.405,0.012304999996558763
test,test_n28_0006_mixed,28,mixed,59,3,4,0,455.66499999999996,408,673,673,4,0.01735687499603955,455.66499999999996,408,673,673,4,0.017125999998825137,455.66499999999996,408,673,673,4,0.017252417004783638,455.66499999999996,0.017252417004783638,455.66499999999996,0.051735291999648325
test,test_n28_0007_deep,28,deep,233,3,3,1,2549.4300000000003,2320,3702,3702,6,1.32974620800087,2501.5150000000003,2276,3635,3635,6,5.3428387499952805,2455.795,2232,3571,3571,7,16.654899082997872,2501.5150000000003,5.3428387499952805,2501.5150000000003,23.327484040994023
test,test_n28_0008_shallow,28,shallow,73,2,2,1,567.0,508,832,832,5,0.16991533300461015,567.0,508,832,832,5,0.24890633299946785,567.0,508,832,832,5,0.24416016699979082,567.0,0.16991533300461015,567.0,0.6629818330038688
test,test_n28_0009_mixed,28,mixed,135,3,3,1,1264.64,1144,1847,1848,6,0.7176167500001611,1247.305,1128,1824,1825,6,2.8595711669986486,1221.3349999999998,1104,1790,1791,6,8.896701874997234,1247.305,2.8595711669986486,1247.305,12.473889791996044
test,test_n28_0010_deep,28,deep,187,4,3,0,1665.585,1508,2441,2441,7,1.0519040829967707,1613.385,1460,2369,2369,7,4.198478708000039,1569.885,1420,2309,2309,7,12.964112250003382,1613.385,4.198478708000039,1569.885,18.21449504100019
test,test_n28_0011_shallow,28,shallow,78,2,2,1,614.9150000000001,552,899,899,5,0.1503882920005708,614.9150000000001,552,899,899,5,0.23708737500419375,614.9150000000001,552,899,899,5,0.23592241600272246,614.9150000000001,0.1503882920005708,614.9150000000001,0.623398083007487
test,test_n28_0012_mixed,28,mixed,104,3,3,1,954.75,864,1406,1406,4,0.5506684159990982,946.18,856,1396,1396,4,2.1283373330006725,937.61,848,1386,1386,4,5.8120899999994435,946.18,2.1283373330006725,946.18,8.491095748999214
test,test_n28_0013_deep,28,deep,286,3,3,1,3281.0,2988,4752,4752,7,1.708024542000203,3189.39,2904,4622,4622,7,6.720355625002412,3115.31,2836,4518,4518,7,20.703236583001853,3189.39,6.720355625002412,3189.39,29.13161675000447
test,test_n28_0014_shallow,28,shallow,39,4,3,0,441.185,396,633,633,4,0.0061520829985965975,441.185,396,633,633,4,0.006200207993970253,441.185,396,633,633,4,0.006110209003963973,441.185,0.006200207993970253,441.185,0.018462499996530823
test,test_n28_0015_mixed,28,mixed,166,3,3,1,1566.585,1420,2289,2289,6,0.910412749995885,1518.8,1376,2224,2224,6,3.600679750001291,1484.0649999999998,1344,2177,2177,6,11.091258291999111,1518.8,3.600679750001291,1518.8,15.602350791996287
test,test_n28_0016_deep,28,deep,160,3,3,1,1129.4550000000002,1020,1687,1687,5,0.8526627910032403,1103.4199999999998,996,1652,1652,5,3.3968735419985023,1081.8,976,1624,1624,5,10.59427599999617,1103.4199999999998,3.3968735419985023,1103.4199999999998,14.843812332997913
test,test_n28_0017_shallow,28,shallow,26,4,3,0,207.79000000000002,184,302,302,3,0.0039917500034789555,207.79000000000002,184,302,302,3,0.0039842499973019585,207.79000000000002,184,302,302,3,0.003971167003328446,207.79000000000002,0.0039842499973019585,207.79000000000002,0.01194716700410936
test,test_n28_0018_mixed,28,mixed,102,3,3,1,733.99,660,1086,1086,5,0.5158467500004917,721.0699999999999,648,1070,1070,5,1.9023407500062604,721.0699999999999,648,1070,1070,5,4.58434070799558,721.0699999999999,1.9023407500062604,721.0699999999999,7.002528208002332
test,test_n28_0019_deep,28,deep,151,3,3,1,1493.66,1352,2172,2172,7,0.8148041659951559,1458.925,1320,2125,2125,7,3.2116454999995767,1424.255,1288,2079,2079,7,9.916984124996816,1458.925,3.2116454999995767,1458.925,13.943433790991548
test,test_n28_0020_shallow,28,shallow,63,3,3,1,594.9949999999999,536,867,867,4,0.009611917004804127,594.9949999999999,536,867,867,4,0.00954279099823907,594.9949999999999,536,867,867,4,0.009719916997710243,594.9949999999999,0.00954279099823907,594.9949999999999,0.02887462500075344
test,test_n28_0021_mixed,28,mixed,116,3,3,1,744.055,668,1119,1119,5,0.5954582080012187,731.07,656,1102,1102,5,2.3842026659986004,722.5,648,1092,1092,5,7.428952416004904,731.07,2.3842026659986004,731.07,10.408613290004723
test,test_n28_0022_deep,28,deep,222,4,3,0,2024.845,1840,2973,2973,5,1.2369871249975404,1950.7,1772,2868,2868,5,4.9009104580036364,1889.67,1716,2782,2782,5,15.047710124999867,1950.7,4.9009104580036364,1889.67,21.185607708001044
test,test_n28_0023_shallow,28,shallow,60,2,2,1,539.73,484,778,778,5,0.06922520799707854,539.73,484,778,778,5,0.08535212500282796,539.73,484,778,778,5,0.08563299999514129,539.73,0.06922520799707854,539.73,0.2402103329950478
test,test_n40_0000_mixed,40,mixed,133,2,3,0,1158.435,1048,1706,1707,5,0.7885465409999597,1158.435,1048,1706,1707,5,1.3714098749987897,1158.435,1048,1706,1707,5,1.3714719169947784,1158.435,1.3714098749987897,1158.435,3.531428332993528
test,test_n40_0001_deep,40,deep,223,3,3,1,2439.8999999999996,2220,3540,3540,6,2.6992009579989826,2409.5150000000003,2192,3499,3499,6,10.918958417001704,2392.375,2176,3479,3479,6,34.32290975000069,2409.5150000000003,10.918958417001704,2409.5150000000003,47.94106912500138
test,test_n40_0002_shallow,40,shallow,78,2,2,1,745.61,672,1082,1082,5,0.09982512500573648,745.61,672,1082,1082,5,0.10051708300306927,745.61,672,1082,1082,5,0.10083524999936344,745.61,0.09982512500573648,745.61,0.3011774580081692
test,test_n40_0003_mixed,40,mixed,134,3,3,1,1023.04,924,1512,1512,5,1.5156411249990924,1005.7049999999999,908,1489,1489,5,5.985795000000508,992.785,896,1473,1473,5,18.353174916999706,1005.7049999999999,5.985795000000508,1005.7049999999999,25.854611041999306
test,test_n40_0004_deep,40,deep,187,3,3,1,1420.1799999999998,1284,2108,2108,6,2.18668350000371,1376.68,1244,2048,2048,6,8.808309375002864,1354.9950000000001,1224,2019,2019,6,27.62627020799846,1376.68,8.808309375002864,1376.68,38.62126308300503
test,test_n40_0005_shallow,40,shallow,82,4,2,0,763.335,688,1111,1111,5,0.12779158299963456,763.335,688,1111,1111,5,0.12869158299872652,763.335,688,1111,1111,5,0.12742362500284798,763.335,0.12779158299963456,763.335,0.38390679100120906
test,test_n40_0006_mixed,40,mixed,130,2,3,0,1292.61,1172,1882,1882,5,1.4692964579953696,1292.61,1172,1882,1882,5,4.503521750004438,1288.9750000000001,1168,1887,1887,5,8.737608290997741,1292.61,4.503521750004438,1292.61,14.710426498997549
test,test_n40_0007_deep,40,deep,229,2,3,0,2353.4849999999997,2140,3429,3429,6,2.7900569170014933,2336.0849999999996,2124,3405,3405,6,11.226950832999137,2292.65,2084,3346,3346,6,35.34025966600166,2336.0849999999996,11.226950832999137,2353.4849999999997,49.35726741600229
test,test_n40_0008_shallow,40,shallow,33,2,3,0,318.995,284,459,459,4,0.011240832995099481,318.995,284,459,459,4,0.011379499999748077,318.995,284,459,459,4,0.011666291997244116,318.995,0.011379499999748077,318.995,0.034286624992091674
test,test_n40_0009_mixed,40,mixed,79,3,3,1,724.185,652,1057,1057,5,0.1002874579935451,724.185,652,1057,1057,5,0.09954650000145193,724.185,652,1057,1057,5,0.09993658299936214,724.185,0.09954650000145193,724.185,0.2997705409943592
test,test_n40_0010_deep,40,deep,187,3,3,1,1987.55,1804,2886,2886,7,2.2388309580055648,1930.935,1752,2807,2807,7,9.026684208001825,1887.5,1712,2748,2748,7,28.187101333998726,1930.935,9.026684208001825,1930.935,39.452616500006116
test,test_n40_0011_shallow,40,shallow,77,2,2,1,608.825,548,897,897,4,0.20594091699604178,608.825,548,897,897,4,0.267301708998275,608.825,548,897,897,4,0.26768008299404755,608.825,0.20594091699604178,608.825,0.7409227089883643
test,test_n40_0012_mixed,40,mixed,177,4,3,0,1747.61,1588,2546,2546,5,2.0525724580002134,1651.78,1500,2412,2412,5,8.013016582997807,1586.465,1440,2321,2321,5,24.43199270900368,1651.78,8.013016582997807,1586.465,34.4975817500017
test,test_n40_0013_deep,40,deep,178,3,3,1,1860.75,1688,2702,2702,7,2.1428036659999634,1828.08,1656,2656,2656,8,8.527390250004828,1815.2250000000001,1644,2641,2641,8,25.985432334004145,1828.08,8.527390250004828,1828.08,36.655626250008936
test,test_n40_0014_shallow,40,shallow,34,2,3,0,384.31,344,550,550,4,0.0110004169982858,384.31,344,550,550,4,0.011130250000860542,384.31,344,550,550,4,0.01119312499940861,384.31,0.011130250000860542,384.31,0.03332379199855495
test,test_n40_0015_mixed,40,mixed,116,2,3,0,1123.985,1016,1633,1633,6,0.8146707919950131,1123.985,1016,1633,1633,6,1.8425945409981068,1123.985,1016,1633,1633,6,2.521942333005427,1123.985,1.8425945409981068,1123.985,5.179207665998547
test,test_n40_0016_deep,40,deep,158,3,3,1,1522.565,1380,2221,2221,6,1.8384436250053113,1465.8850000000002,1328,2141,2141,6,7.3595257500055595,1457.3149999999998,1320,2131,2131,6,22.613499167004193,1465.8850000000002,7.3595257500055595,1465.8850000000002,31.811468542015064
test,test_n40_0017_shallow,40,shallow,82,2,3,0,637.25,572,938,938,5,0.7179852919944096,637.25,572,938,938,5,1.2450182090033195,637.25,572,938,938,5,1.3569930420053424,637.25,1.2450182090033195,637.25,3.3199965430030716
test,test_n40_0018_mixed,40,mixed,138,3,3,1,1209.96,1096,1768,1768,5,1.5148326660055318,1144.645,1036,1677,1677,5,5.559848500000953,1140.49,1032,1674,1674,5,14.960473124992859,1144.645,5.559848500000953,1144.645,22.035154290999344
test,test_n40_0019_deep,40,deep,245,3,3,1,2837.375,2584,4111,4111,6,2.996737249995931,2763.295,2516,4007,4007,6,11.98679595899739,2697.915,2456,3915,3915,6,36.62616100000014,2763.295,11.98679595899739,2763.295,51.60969420899346
test,test_n40_0020_shallow,40,shallow,77,2,2,1,710.875,640,1035,1035,5,0.23451687499618856,710.875,640,1035,1035,5,0.34665141699952073,710.875,640,1035,1035,5,0.3465849580024951,710.875,0.23451687499618856,710.875,0.9277532499982044
test,test_n40_0021_mixed,40,mixed,126,2,3,0,1170.615,1060,1711,1711,5,1.4816184590017656,1170.615,1060,1711,1711,5,4.615960292001546,1170.615,1060,1711,1711,5,8.846205124995322,1170.615,4.615960292001546,1170.615,14.943783875998633
test,test_n40_0022_deep,40,deep,231,4,3,0,2307.505,2096,3361,3361,7,2.7170122909956262,2215.8299999999995,2012,3230,3230,7,10.63016629100457,2137.465,1940,3121,3121,7,32.221632042004785,2215.8299999999995,10.63016629100457,2137.465,45.56881062400498
test,test_n40_0023_shallow,40,shallow,37,3,4,0,293.09000000000003,260,426,426,4,0.02430695799557725,293.09000000000003,260,426,426,4,0.024072166997939348,293.09000000000003,260,426,426,4,0.024199250001402106,293.09000000000003,0.024199250001402106,293.09000000000003,0.0725783749949187
