scope,experiment_id,experiment_slug,experiment_title,suite,target_id,target_name,target_spec_hash,transpile_spec_id,transpile_spec_name,transpile_spec_hash,reference_method_spec_id,reference_method,reference_method_spec_hash,candidate_method_spec_id,candidate_method,candidate_method_spec_hash,metric,lower_is_better,delta_definition,relative_improvement_definition,inference_unit,within_function_aggregation,n_candidate_keys,n_function_candidate_keys,n_paired_view_verified_keys,n_base_eligible_pairs,n_seed_pairs,n_pairs,n_functions_complete_observed,n_functions_incomplete_observed,seed_pairs_per_function_min,seed_pairs_per_function_median,seed_pairs_per_function_max,function_seed_completeness_json,n_relative_defined,n_excluded,win_count,tie_count,loss_count,reference_mean,reference_median,candidate_mean,candidate_median,mean_delta,mean_delta_ci_low,mean_delta_ci_high,median_delta,median_delta_ci_low,median_delta_ci_high,delta_iqr,delta_std,n_geometric_ratio_defined,geometric_mean_candidate_reference_ratio,geometric_mean_candidate_reference_ratio_ci_low,geometric_mean_candidate_reference_ratio_ci_high,mean_relative_improvement_pct,mean_relative_improvement_pct_ci_low,mean_relative_improvement_pct_ci_high,median_relative_improvement_pct,median_relative_improvement_pct_ci_low,median_relative_improvement_pct_ci_high,wilcoxon_statistic,wilcoxon_p_raw,wilcoxon_zero_method,wilcoxon_nonzero_pairs,rank_biserial,rank_biserial_ci_low,rank_biserial_ci_high,holm_family,holm_family_size,holm_p_adjusted,holm_reject,global_holm_family,global_holm_family_size,global_holm_p_adjusted,global_holm_reject,alpha,exclusion_counts_json
logical,2577a60b-efeb-5683-93fc-007ea0cd77aa,xa202609-hardware-validation-v1,XA-202609 Boolean Oracle hardware validation,xa202609-final-v1,,logical,,,,,5e2efe12-13bd-5dca-939a-01d0d34ea2c6,greedy_factor,2c93edc65b3032117b7bea3bd6a3dc43e2cb5298f91e46702328a297fa814f43,0a4754fd-bfe1-582b-9693-ed5462cb787a,resource_nmcts[learned:6ba157fb9b55],c84c20115a0fe93b66a4b98f59915b685e858339601976d443b1fc5d67848504,ancilla_count,True,within each Boolean function: median over strictly paired seeds of (candidate - reference); negative favours candidate,within each Boolean function: median over strictly paired seeds of 100 * (reference - candidate) / abs(reference); reference=0 omitted; positive favours candidate,independent_boolean_function,median_of_strict_case_seed_pairs,52,18,45,45,45,15,15,3,3,3,3,"{""0893b9ec-31f4-52c1-8f37-15dbbd50b51b"":{""complete_within_observed_keys"":true,""metric_valid_paired_seeds"":3,""observed_candidate_seeds"":3},""274aece9-7b61-5254-b708-3fc98ac08458"":{""complete_within_observed_keys"":true,""metric_valid_paired_seeds"":3,""observed_candidate_seeds"":3},""3520a76f-e447-5155-9dde-a5ca03e39ba6"":{""complete_within_observed_keys"":true,""metric_valid_paired_seeds"":3,""observed_candidate_seeds"":3},""482af7b4-51a4-5fa4-b40b-85adb369fbfe"":{""complete_within_observed_keys"":true,""metric_valid_paired_seeds"":3,""observed_candidate_seeds"":3},""4fa225c1-0ffd-5ac1-9ad3-6528c2444647"":{""complete_within_observed_keys"":true,""metric_valid_paired_seeds"":3,""observed_candidate_seeds"":3},""5813f3f9-1d2f-5d48-866d-f516e283caaa"":{""complete_within_observed_keys"":true,""metric_valid_paired_seeds"":3,""observed_candidate_seeds"":3},""66cd8829-3352-5bbb-91f4-471cfd212c2b"":{""complete_within_observed_keys"":false,""metric_valid_paired_seeds"":0,""observed_candidate_seeds"":1},""67f451b8-01a0-5998-b86e-e23c3b951587"":{""complete_within_observed_keys"":true,""metric_valid_paired_seeds"":3,""observed_candidate_seeds"":3},""71016f97-8d6d-5e10-a143-037f00f528e5"":{""complete_within_observed_keys"":true,""metric_valid_paired_seeds"":3,""observed_candidate_seeds"":3},""78f32562-9dbb-54f7-9996-7a130202264f"":{""complete_within_observed_keys"":true,""metric_valid_paired_seeds"":3,""observed_candidate_seeds"":3},""8bdc34be-3102-5902-b931-b5f88eb42082"":{""complete_within_observed_keys"":true,""metric_valid_paired_seeds"":3,""observed_candidate_seeds"":3},""8cc2c6b5-74b3-54a9-8c51-b999c37bf5be"":{""complete_within_observed_keys"":true,""metric_valid_paired_seeds"":3,""observed_candidate_seeds"":3},""95c818ec-7c55-51f2-a34a-0e0289027dcc"":{""complete_within_observed_keys"":true,""metric_valid_paired_seeds"":3,""observed_candidate_seeds"":3},""bcba9798-4e65-59ab-8960-a0e62f0d152b"":{""complete_within_observed_keys"":false,""metric_valid_paired_seeds"":0,""observed_candidate_seeds"":3},""c26990a9-d9be-5c4a-8317-dae4ee7542fa"":{""complete_within_observed_keys"":false,""metric_valid_paired_seeds"":0,""observed_candidate_seeds"":3},""c4180789-7ea0-5278-bedb-42342bbcbf05"":{""complete_within_observed_keys"":true,""metric_valid_paired_seeds"":3,""observed_candidate_seeds"":3},""ca8ce871-a310-560c-9235-7e865731e1d8"":{""complete_within_observed_keys"":true,""metric_valid_paired_seeds"":3,""observed_candidate_seeds"":3},""d9368cf4-2698-5f4c-aabb-da1c76cfd4bc"":{""complete_within_observed_keys"":true,""metric_valid_paired_seeds"":3,""observed_candidate_seeds"":3}}",12,7,2,13,0,1.5333333333333334,2.0,1.4,2.0,-0.13333333333333333,-0.3333333333333333,0.0,0.0,0.0,0.0,0.0,0.3518657752744984,12,0.9346552651840672,0.8445563703048139,1.0,5.555555555555556,0.0,13.88888888888889,0.0,0.0,0.0,0.0,0.5,wilcox,2,1.0,0.0,1.0,logical_secondary,5,1.0,False,global_sensitivity_all_emitted_hypotheses,25,1.0,False,0.05,"{""missing_candidate_cell"":7}"
logical,2577a60b-efeb-5683-93fc-007ea0cd77aa,xa202609-hardware-validation-v1,XA-202609 Boolean Oracle hardware validation,xa202609-final-v1,,logical,,,,,5e2efe12-13bd-5dca-939a-01d0d34ea2c6,greedy_factor,2c93edc65b3032117b7bea3bd6a3dc43e2cb5298f91e46702328a297fa814f43,0a4754fd-bfe1-582b-9693-ed5462cb787a,resource_nmcts[learned:6ba157fb9b55],c84c20115a0fe93b66a4b98f59915b685e858339601976d443b1fc5d67848504,cnot_count,True,within each Boolean function: median over strictly paired seeds of (candidate - reference); negative favours candidate,within each Boolean function: median over strictly paired seeds of 100 * (reference - candidate) / abs(reference); reference=0 omitted; positive favours candidate,independent_boolean_function,median_of_strict_case_seed_pairs,52,18,45,45,45,15,15,3,3,3,3,"{""0893b9ec-31f4-52c1-8f37-15dbbd50b51b"":{""complete_within_observed_keys"":true,""metric_valid_paired_seeds"":3,""observed_candidate_seeds"":3},""274aece9-7b61-5254-b708-3fc98ac08458"":{""complete_within_observed_keys"":true,""metric_valid_paired_seeds"":3,""observed_candidate_seeds"":3},""3520a76f-e447-5155-9dde-a5ca03e39ba6"":{""complete_within_observed_keys"":true,""metric_valid_paired_seeds"":3,""observed_candidate_seeds"":3},""482af7b4-51a4-5fa4-b40b-85adb369fbfe"":{""complete_within_observed_keys"":true,""metric_valid_paired_seeds"":3,""observed_candidate_seeds"":3},""4fa225c1-0ffd-5ac1-9ad3-6528c2444647"":{""complete_within_observed_keys"":true,""metric_valid_paired_seeds"":3,""observed_candidate_seeds"":3},""5813f3f9-1d2f-5d48-866d-f516e283caaa"":{""complete_within_observed_keys"":true,""metric_valid_paired_seeds"":3,""observed_candidate_seeds"":3},""66cd8829-3352-5bbb-91f4-471cfd212c2b"":{""complete_within_observed_keys"":false,""metric_valid_paired_seeds"":0,""observed_candidate_seeds"":1},""67f451b8-01a0-5998-b86e-e23c3b951587"":{""complete_within_observed_keys"":true,""metric_valid_paired_seeds"":3,""observed_candidate_seeds"":3},""71016f97-8d6d-5e10-a143-037f00f528e5"":{""complete_within_observed_keys"":true,""metric_valid_paired_seeds"":3,""observed_candidate_seeds"":3},""78f32562-9dbb-54f7-9996-7a130202264f"":{""complete_within_observed_keys"":true,""metric_valid_paired_seeds"":3,""observed_candidate_seeds"":3},""8bdc34be-3102-5902-b931-b5f88eb42082"":{""complete_within_observed_keys"":true,""metric_valid_paired_seeds"":3,""observed_candidate_seeds"":3},""8cc2c6b5-74b3-54a9-8c51-b999c37bf5be"":{""complete_within_observed_keys"":true,""metric_valid_paired_seeds"":3,""observed_candidate_seeds"":3},""95c818ec-7c55-51f2-a34a-0e0289027dcc"":{""complete_within_observed_keys"":true,""metric_valid_paired_seeds"":3,""observed_candidate_seeds"":3},""bcba9798-4e65-59ab-8960-a0e62f0d152b"":{""complete_within_observed_keys"":false,""metric_valid_paired_seeds"":0,""observed_candidate_seeds"":3},""c26990a9-d9be-5c4a-8317-dae4ee7542fa"":{""complete_within_observed_keys"":false,""metric_valid_paired_seeds"":0,""observed_candidate_seeds"":3},""c4180789-7ea0-5278-bedb-42342bbcbf05"":{""complete_within_observed_keys"":true,""metric_valid_paired_seeds"":3,""observed_candidate_seeds"":3},""ca8ce871-a310-560c-9235-7e865731e1d8"":{""complete_within_observed_keys"":true,""metric_valid_paired_seeds"":3,""observed_candidate_seeds"":3},""d9368cf4-2698-5f4c-aabb-da1c76cfd4bc"":{""complete_within_observed_keys"":true,""metric_valid_paired_seeds"":3,""observed_candidate_seeds"":3}}",15,7,9,4,2,62.666666666666664,47.0,42.333333333333336,36.0,-20.333333333333332,-40.335,-5.5983333333333425,-9.0,-12.0,0.0,19.0,35.78440735185941,15,0.800342924625903,0.6751468152616515,0.9492679946512524,15.468517170535613,1.9989248145335328,29.153701224831313,22.5,0.0,29.213483146067414,3.0,0.0048828125,wilcox,11,0.9090909090909091,0.5454545454545454,1.0,logical_primary,2,0.0048828125,True,global_sensitivity_all_emitted_hypotheses,25,0.107421875,False,0.05,"{""missing_candidate_cell"":7}"
logical,2577a60b-efeb-5683-93fc-007ea0cd77aa,xa202609-hardware-validation-v1,XA-202609 Boolean Oracle hardware validation,xa202609-final-v1,,logical,,,,,5e2efe12-13bd-5dca-939a-01d0d34ea2c6,greedy_factor,2c93edc65b3032117b7bea3bd6a3dc43e2cb5298f91e46702328a297fa814f43,0a4754fd-bfe1-582b-9693-ed5462cb787a,resource_nmcts[learned:6ba157fb9b55],c84c20115a0fe93b66a4b98f59915b685e858339601976d443b1fc5d67848504,depth,True,within each Boolean function: median over strictly paired seeds of (candidate - reference); negative favours candidate,within each Boolean function: median over strictly paired seeds of 100 * (reference - candidate) / abs(reference); reference=0 omitted; positive favours candidate,independent_boolean_function,median_of_strict_case_seed_pairs,52,18,45,45,45,15,15,3,3,3,3,"{""0893b9ec-31f4-52c1-8f37-15dbbd50b51b"":{""complete_within_observed_keys"":true,""metric_valid_paired_seeds"":3,""observed_candidate_seeds"":3},""274aece9-7b61-5254-b708-3fc98ac08458"":{""complete_within_observed_keys"":true,""metric_valid_paired_seeds"":3,""observed_candidate_seeds"":3},""3520a76f-e447-5155-9dde-a5ca03e39ba6"":{""complete_within_observed_keys"":true,""metric_valid_paired_seeds"":3,""observed_candidate_seeds"":3},""482af7b4-51a4-5fa4-b40b-85adb369fbfe"":{""complete_within_observed_keys"":true,""metric_valid_paired_seeds"":3,""observed_candidate_seeds"":3},""4fa225c1-0ffd-5ac1-9ad3-6528c2444647"":{""complete_within_observed_keys"":true,""metric_valid_paired_seeds"":3,""observed_candidate_seeds"":3},""5813f3f9-1d2f-5d48-866d-f516e283caaa"":{""complete_within_observed_keys"":true,""metric_valid_paired_seeds"":3,""observed_candidate_seeds"":3},""66cd8829-3352-5bbb-91f4-471cfd212c2b"":{""complete_within_observed_keys"":false,""metric_valid_paired_seeds"":0,""observed_candidate_seeds"":1},""67f451b8-01a0-5998-b86e-e23c3b951587"":{""complete_within_observed_keys"":true,""metric_valid_paired_seeds"":3,""observed_candidate_seeds"":3},""71016f97-8d6d-5e10-a143-037f00f528e5"":{""complete_within_observed_keys"":true,""metric_valid_paired_seeds"":3,""observed_candidate_seeds"":3},""78f32562-9dbb-54f7-9996-7a130202264f"":{""complete_within_observed_keys"":true,""metric_valid_paired_seeds"":3,""observed_candidate_seeds"":3},""8bdc34be-3102-5902-b931-b5f88eb42082"":{""complete_within_observed_keys"":true,""metric_valid_paired_seeds"":3,""observed_candidate_seeds"":3},""8cc2c6b5-74b3-54a9-8c51-b999c37bf5be"":{""complete_within_observed_keys"":true,""metric_valid_paired_seeds"":3,""observed_candidate_seeds"":3},""95c818ec-7c55-51f2-a34a-0e0289027dcc"":{""complete_within_observed_keys"":true,""metric_valid_paired_seeds"":3,""observed_candidate_seeds"":3},""bcba9798-4e65-59ab-8960-a0e62f0d152b"":{""complete_within_observed_keys"":false,""metric_valid_paired_seeds"":0,""observed_candidate_seeds"":3},""c26990a9-d9be-5c4a-8317-dae4ee7542fa"":{""complete_within_observed_keys"":false,""metric_valid_paired_seeds"":0,""observed_candidate_seeds"":3},""c4180789-7ea0-5278-bedb-42342bbcbf05"":{""complete_within_observed_keys"":true,""metric_valid_paired_seeds"":3,""observed_candidate_seeds"":3},""ca8ce871-a310-560c-9235-7e865731e1d8"":{""complete_within_observed_keys"":true,""metric_valid_paired_seeds"":3,""observed_candidate_seeds"":3},""d9368cf4-2698-5f4c-aabb-da1c76cfd4bc"":{""complete_within_observed_keys"":true,""metric_valid_paired_seeds"":3,""observed_candidate_seeds"":3}}",15,7,9,4,2,62.93333333333333,47.0,46.06666666666667,39.0,-16.866666666666667,-34.470000000000006,-3.1316666666666757,-7.0,-8.0,0.0,14.0,33.060262436661816,15,0.8545116910441576,0.7105763864194216,1.0112077189383792,9.8527993583331,-6.341071768507993,24.54423359558676,15.09433962264151,0.0,19.51219512195122,9.5,0.0322265625,wilcox,11,0.7121212121212122,0.18175990675990675,1.0,logical_secondary,5,0.0966796875,False,global_sensitivity_all_emitted_hypotheses,25,0.5478515625,False,0.05,"{""missing_candidate_cell"":7}"
logical,2577a60b-efeb-5683-93fc-007ea0cd77aa,xa202609-hardware-validation-v1,XA-202609 Boolean Oracle hardware validation,xa202609-final-v1,,logical,,,,,5e2efe12-13bd-5dca-939a-01d0d34ea2c6,greedy_factor,2c93edc65b3032117b7bea3bd6a3dc43e2cb5298f91e46702328a297fa814f43,0a4754fd-bfe1-582b-9693-ed5462cb787a,resource_nmcts[learned:6ba157fb9b55],c84c20115a0fe93b66a4b98f59915b685e858339601976d443b1fc5d67848504,gate_count,True,within each Boolean function: median over strictly paired seeds of (candidate - reference); negative favours candidate,within each Boolean function: median over strictly paired seeds of 100 * (reference - candidate) / abs(reference); reference=0 omitted; positive favours candidate,independent_boolean_function,median_of_strict_case_seed_pairs,52,18,45,45,45,15,15,3,3,3,3,"{""0893b9ec-31f4-52c1-8f37-15dbbd50b51b"":{""complete_within_observed_keys"":true,""metric_valid_paired_seeds"":3,""observed_candidate_seeds"":3},""274aece9-7b61-5254-b708-3fc98ac08458"":{""complete_within_observed_keys"":true,""metric_valid_paired_seeds"":3,""observed_candidate_seeds"":3},""3520a76f-e447-5155-9dde-a5ca03e39ba6"":{""complete_within_observed_keys"":true,""metric_valid_paired_seeds"":3,""observed_candidate_seeds"":3},""482af7b4-51a4-5fa4-b40b-85adb369fbfe"":{""complete_within_observed_keys"":true,""metric_valid_paired_seeds"":3,""observed_candidate_seeds"":3},""4fa225c1-0ffd-5ac1-9ad3-6528c2444647"":{""complete_within_observed_keys"":true,""metric_valid_paired_seeds"":3,""observed_candidate_seeds"":3},""5813f3f9-1d2f-5d48-866d-f516e283caaa"":{""complete_within_observed_keys"":true,""metric_valid_paired_seeds"":3,""observed_candidate_seeds"":3},""66cd8829-3352-5bbb-91f4-471cfd212c2b"":{""complete_within_observed_keys"":false,""metric_valid_paired_seeds"":0,""observed_candidate_seeds"":1},""67f451b8-01a0-5998-b86e-e23c3b951587"":{""complete_within_observed_keys"":true,""metric_valid_paired_seeds"":3,""observed_candidate_seeds"":3},""71016f97-8d6d-5e10-a143-037f00f528e5"":{""complete_within_observed_keys"":true,""metric_valid_paired_seeds"":3,""observed_candidate_seeds"":3},""78f32562-9dbb-54f7-9996-7a130202264f"":{""complete_within_observed_keys"":true,""metric_valid_paired_seeds"":3,""observed_candidate_seeds"":3},""8bdc34be-3102-5902-b931-b5f88eb42082"":{""complete_within_observed_keys"":true,""metric_valid_paired_seeds"":3,""observed_candidate_seeds"":3},""8cc2c6b5-74b3-54a9-8c51-b999c37bf5be"":{""complete_within_observed_keys"":true,""metric_valid_paired_seeds"":3,""observed_candidate_seeds"":3},""95c818ec-7c55-51f2-a34a-0e0289027dcc"":{""complete_within_observed_keys"":true,""metric_valid_paired_seeds"":3,""observed_candidate_seeds"":3},""bcba9798-4e65-59ab-8960-a0e62f0d152b"":{""complete_within_observed_keys"":false,""metric_valid_paired_seeds"":0,""observed_candidate_seeds"":3},""c26990a9-d9be-5c4a-8317-dae4ee7542fa"":{""complete_within_observed_keys"":false,""metric_valid_paired_seeds"":0,""observed_candidate_seeds"":3},""c4180789-7ea0-5278-bedb-42342bbcbf05"":{""complete_within_observed_keys"":true,""metric_valid_paired_seeds"":3,""observed_candidate_seeds"":3},""ca8ce871-a310-560c-9235-7e865731e1d8"":{""complete_within_observed_keys"":true,""metric_valid_paired_seeds"":3,""observed_candidate_seeds"":3},""d9368cf4-2698-5f4c-aabb-da1c76cfd4bc"":{""complete_within_observed_keys"":true,""metric_valid_paired_seeds"":3,""observed_candidate_seeds"":3}}",15,7,1,4,10,10.933333333333334,10.0,14.466666666666667,13.0,3.533333333333333,1.8666666666666667,5.4,3.0,0.0,7.0,6.0,3.5227154028566954,15,1.5266323241523854,1.190245863379195,2.0673895911171636,-85.22095135138613,-169.41677959721437,-21.967048571396415,-20.0,-57.142857142857146,0.0,1.0,0.001953125,wilcox,11,-0.9696969696969697,-1.0,-0.7857142857142857,logical_secondary,5,0.0078125,True,global_sensitivity_all_emitted_hypotheses,25,0.044921875,True,0.05,"{""missing_candidate_cell"":7}"
logical,2577a60b-efeb-5683-93fc-007ea0cd77aa,xa202609-hardware-validation-v1,XA-202609 Boolean Oracle hardware validation,xa202609-final-v1,,logical,,,,,5e2efe12-13bd-5dca-939a-01d0d34ea2c6,greedy_factor,2c93edc65b3032117b7bea3bd6a3dc43e2cb5298f91e46702328a297fa814f43,0a4754fd-bfe1-582b-9693-ed5462cb787a,resource_nmcts[learned:6ba157fb9b55],c84c20115a0fe93b66a4b98f59915b685e858339601976d443b1fc5d67848504,n_qubits,True,within each Boolean function: median over strictly paired seeds of (candidate - reference); negative favours candidate,within each Boolean function: median over strictly paired seeds of 100 * (reference - candidate) / abs(reference); reference=0 omitted; positive favours candidate,independent_boolean_function,median_of_strict_case_seed_pairs,52,18,45,45,45,15,15,3,3,3,3,"{""0893b9ec-31f4-52c1-8f37-15dbbd50b51b"":{""complete_within_observed_keys"":true,""metric_valid_paired_seeds"":3,""observed_candidate_seeds"":3},""274aece9-7b61-5254-b708-3fc98ac08458"":{""complete_within_observed_keys"":true,""metric_valid_paired_seeds"":3,""observed_candidate_seeds"":3},""3520a76f-e447-5155-9dde-a5ca03e39ba6"":{""complete_within_observed_keys"":true,""metric_valid_paired_seeds"":3,""observed_candidate_seeds"":3},""482af7b4-51a4-5fa4-b40b-85adb369fbfe"":{""complete_within_observed_keys"":true,""metric_valid_paired_seeds"":3,""observed_candidate_seeds"":3},""4fa225c1-0ffd-5ac1-9ad3-6528c2444647"":{""complete_within_observed_keys"":true,""metric_valid_paired_seeds"":3,""observed_candidate_seeds"":3},""5813f3f9-1d2f-5d48-866d-f516e283caaa"":{""complete_within_observed_keys"":true,""metric_valid_paired_seeds"":3,""observed_candidate_seeds"":3},""66cd8829-3352-5bbb-91f4-471cfd212c2b"":{""complete_within_observed_keys"":false,""metric_valid_paired_seeds"":0,""observed_candidate_seeds"":1},""67f451b8-01a0-5998-b86e-e23c3b951587"":{""complete_within_observed_keys"":true,""metric_valid_paired_seeds"":3,""observed_candidate_seeds"":3},""71016f97-8d6d-5e10-a143-037f00f528e5"":{""complete_within_observed_keys"":true,""metric_valid_paired_seeds"":3,""observed_candidate_seeds"":3},""78f32562-9dbb-54f7-9996-7a130202264f"":{""complete_within_observed_keys"":true,""metric_valid_paired_seeds"":3,""observed_candidate_seeds"":3},""8bdc34be-3102-5902-b931-b5f88eb42082"":{""complete_within_observed_keys"":true,""metric_valid_paired_seeds"":3,""observed_candidate_seeds"":3},""8cc2c6b5-74b3-54a9-8c51-b999c37bf5be"":{""complete_within_observed_keys"":true,""metric_valid_paired_seeds"":3,""observed_candidate_seeds"":3},""95c818ec-7c55-51f2-a34a-0e0289027dcc"":{""complete_within_observed_keys"":true,""metric_valid_paired_seeds"":3,""observed_candidate_seeds"":3},""bcba9798-4e65-59ab-8960-a0e62f0d152b"":{""complete_within_observed_keys"":false,""metric_valid_paired_seeds"":0,""observed_candidate_seeds"":3},""c26990a9-d9be-5c4a-8317-dae4ee7542fa"":{""complete_within_observed_keys"":false,""metric_valid_paired_seeds"":0,""observed_candidate_seeds"":3},""c4180789-7ea0-5278-bedb-42342bbcbf05"":{""complete_within_observed_keys"":true,""metric_valid_paired_seeds"":3,""observed_candidate_seeds"":3},""ca8ce871-a310-560c-9235-7e865731e1d8"":{""complete_within_observed_keys"":true,""metric_valid_paired_seeds"":3,""observed_candidate_seeds"":3},""d9368cf4-2698-5f4c-aabb-da1c76cfd4bc"":{""complete_within_observed_keys"":true,""metric_valid_paired_seeds"":3,""observed_candidate_seeds"":3}}",15,7,2,11,2,6.333333333333333,6.0,6.333333333333333,6.0,0.0,-0.26666666666666666,0.26666666666666666,0.0,0.0,0.0,0.0,0.5345224838248488,15,1.0059920247001222,0.9650181482275801,1.0487056182508048,-0.9523809523809524,-5.476190476190476,3.2142857142857144,0.0,0.0,0.0,5.0,1.0,wilcox,4,0.0,-1.0,1.0,logical_secondary,5,1.0,False,global_sensitivity_all_emitted_hypotheses,25,1.0,False,0.05,"{""missing_candidate_cell"":7}"
logical,2577a60b-efeb-5683-93fc-007ea0cd77aa,xa202609-hardware-validation-v1,XA-202609 Boolean Oracle hardware validation,xa202609-final-v1,,logical,,,,,5e2efe12-13bd-5dca-939a-01d0d34ea2c6,greedy_factor,2c93edc65b3032117b7bea3bd6a3dc43e2cb5298f91e46702328a297fa814f43,0a4754fd-bfe1-582b-9693-ed5462cb787a,resource_nmcts[learned:6ba157fb9b55],c84c20115a0fe93b66a4b98f59915b685e858339601976d443b1fc5d67848504,runtime_s,True,within each Boolean function: median over strictly paired seeds of (candidate - reference); negative favours candidate,within each Boolean function: median over strictly paired seeds of 100 * (reference - candidate) / abs(reference); reference=0 omitted; positive favours candidate,independent_boolean_function,median_of_strict_case_seed_pairs,52,18,45,45,45,15,15,3,3,3,3,"{""0893b9ec-31f4-52c1-8f37-15dbbd50b51b"":{""complete_within_observed_keys"":true,""metric_valid_paired_seeds"":3,""observed_candidate_seeds"":3},""274aece9-7b61-5254-b708-3fc98ac08458"":{""complete_within_observed_keys"":true,""metric_valid_paired_seeds"":3,""observed_candidate_seeds"":3},""3520a76f-e447-5155-9dde-a5ca03e39ba6"":{""complete_within_observed_keys"":true,""metric_valid_paired_seeds"":3,""observed_candidate_seeds"":3},""482af7b4-51a4-5fa4-b40b-85adb369fbfe"":{""complete_within_observed_keys"":true,""metric_valid_paired_seeds"":3,""observed_candidate_seeds"":3},""4fa225c1-0ffd-5ac1-9ad3-6528c2444647"":{""complete_within_observed_keys"":true,""metric_valid_paired_seeds"":3,""observed_candidate_seeds"":3},""5813f3f9-1d2f-5d48-866d-f516e283caaa"":{""complete_within_observed_keys"":true,""metric_valid_paired_seeds"":3,""observed_candidate_seeds"":3},""66cd8829-3352-5bbb-91f4-471cfd212c2b"":{""complete_within_observed_keys"":false,""metric_valid_paired_seeds"":0,""observed_candidate_seeds"":1},""67f451b8-01a0-5998-b86e-e23c3b951587"":{""complete_within_observed_keys"":true,""metric_valid_paired_seeds"":3,""observed_candidate_seeds"":3},""71016f97-8d6d-5e10-a143-037f00f528e5"":{""complete_within_observed_keys"":true,""metric_valid_paired_seeds"":3,""observed_candidate_seeds"":3},""78f32562-9dbb-54f7-9996-7a130202264f"":{""complete_within_observed_keys"":true,""metric_valid_paired_seeds"":3,""observed_candidate_seeds"":3},""8bdc34be-3102-5902-b931-b5f88eb42082"":{""complete_within_observed_keys"":true,""metric_valid_paired_seeds"":3,""observed_candidate_seeds"":3},""8cc2c6b5-74b3-54a9-8c51-b999c37bf5be"":{""complete_within_observed_keys"":true,""metric_valid_paired_seeds"":3,""observed_candidate_seeds"":3},""95c818ec-7c55-51f2-a34a-0e0289027dcc"":{""complete_within_observed_keys"":true,""metric_valid_paired_seeds"":3,""observed_candidate_seeds"":3},""bcba9798-4e65-59ab-8960-a0e62f0d152b"":{""complete_within_observed_keys"":false,""metric_valid_paired_seeds"":0,""observed_candidate_seeds"":3},""c26990a9-d9be-5c4a-8317-dae4ee7542fa"":{""complete_within_observed_keys"":false,""metric_valid_paired_seeds"":0,""observed_candidate_seeds"":3},""c4180789-7ea0-5278-bedb-42342bbcbf05"":{""complete_within_observed_keys"":true,""metric_valid_paired_seeds"":3,""observed_candidate_seeds"":3},""ca8ce871-a310-560c-9235-7e865731e1d8"":{""complete_within_observed_keys"":true,""metric_valid_paired_seeds"":3,""observed_candidate_seeds"":3},""d9368cf4-2698-5f4c-aabb-da1c76cfd4bc"":{""complete_within_observed_keys"":true,""metric_valid_paired_seeds"":3,""observed_candidate_seeds"":3}}",15,7,0,0,15,0.00029871333341967933,0.00022610000087297522,0.432765619999797,0.1678688999991209,0.4324320466660841,0.1577545133326536,0.799147728332506,0.1676670999986527,0.019279899997854955,0.26712379999935365,0.3628260000004957,0.6723818373334606,15,536.3121728121951,277.89317000815146,1013.3850790080718,-96374.40302018545,-144036.49886586604,-52299.29335210203,-67130.61598900841,-118447.57674195178,-13722.348637669193,0.0,6.103515625e-05,wilcox,15,-1.0,-1.0,-1.0,logical_secondary,5,0.00030517578125,True,global_sensitivity_all_emitted_hypotheses,25,0.00152587890625,True,0.05,"{""missing_candidate_cell"":7}"
logical,2577a60b-efeb-5683-93fc-007ea0cd77aa,xa202609-hardware-validation-v1,XA-202609 Boolean Oracle hardware validation,xa202609-final-v1,,logical,,,,,5e2efe12-13bd-5dca-939a-01d0d34ea2c6,greedy_factor,2c93edc65b3032117b7bea3bd6a3dc43e2cb5298f91e46702328a297fa814f43,0a4754fd-bfe1-582b-9693-ed5462cb787a,resource_nmcts[learned:6ba157fb9b55],c84c20115a0fe93b66a4b98f59915b685e858339601976d443b1fc5d67848504,t_count,True,within each Boolean function: median over strictly paired seeds of (candidate - reference); negative favours candidate,within each Boolean function: median over strictly paired seeds of 100 * (reference - candidate) / abs(reference); reference=0 omitted; positive favours candidate,independent_boolean_function,median_of_strict_case_seed_pairs,52,18,45,45,45,15,15,3,3,3,3,"{""0893b9ec-31f4-52c1-8f37-15dbbd50b51b"":{""complete_within_observed_keys"":true,""metric_valid_paired_seeds"":3,""observed_candidate_seeds"":3},""274aece9-7b61-5254-b708-3fc98ac08458"":{""complete_within_observed_keys"":true,""metric_valid_paired_seeds"":3,""observed_candidate_seeds"":3},""3520a76f-e447-5155-9dde-a5ca03e39ba6"":{""complete_within_observed_keys"":true,""metric_valid_paired_seeds"":3,""observed_candidate_seeds"":3},""482af7b4-51a4-5fa4-b40b-85adb369fbfe"":{""complete_within_observed_keys"":true,""metric_valid_paired_seeds"":3,""observed_candidate_seeds"":3},""4fa225c1-0ffd-5ac1-9ad3-6528c2444647"":{""complete_within_observed_keys"":true,""metric_valid_paired_seeds"":3,""observed_candidate_seeds"":3},""5813f3f9-1d2f-5d48-866d-f516e283caaa"":{""complete_within_observed_keys"":true,""metric_valid_paired_seeds"":3,""observed_candidate_seeds"":3},""66cd8829-3352-5bbb-91f4-471cfd212c2b"":{""complete_within_observed_keys"":false,""metric_valid_paired_seeds"":0,""observed_candidate_seeds"":1},""67f451b8-01a0-5998-b86e-e23c3b951587"":{""complete_within_observed_keys"":true,""metric_valid_paired_seeds"":3,""observed_candidate_seeds"":3},""71016f97-8d6d-5e10-a143-037f00f528e5"":{""complete_within_observed_keys"":true,""metric_valid_paired_seeds"":3,""observed_candidate_seeds"":3},""78f32562-9dbb-54f7-9996-7a130202264f"":{""complete_within_observed_keys"":true,""metric_valid_paired_seeds"":3,""observed_candidate_seeds"":3},""8bdc34be-3102-5902-b931-b5f88eb42082"":{""complete_within_observed_keys"":true,""metric_valid_paired_seeds"":3,""observed_candidate_seeds"":3},""8cc2c6b5-74b3-54a9-8c51-b999c37bf5be"":{""complete_within_observed_keys"":true,""metric_valid_paired_seeds"":3,""observed_candidate_seeds"":3},""95c818ec-7c55-51f2-a34a-0e0289027dcc"":{""complete_within_observed_keys"":true,""metric_valid_paired_seeds"":3,""observed_candidate_seeds"":3},""bcba9798-4e65-59ab-8960-a0e62f0d152b"":{""complete_within_observed_keys"":false,""metric_valid_paired_seeds"":0,""observed_candidate_seeds"":3},""c26990a9-d9be-5c4a-8317-dae4ee7542fa"":{""complete_within_observed_keys"":false,""metric_valid_paired_seeds"":0,""observed_candidate_seeds"":3},""c4180789-7ea0-5278-bedb-42342bbcbf05"":{""complete_within_observed_keys"":true,""metric_valid_paired_seeds"":3,""observed_candidate_seeds"":3},""ca8ce871-a310-560c-9235-7e865731e1d8"":{""complete_within_observed_keys"":true,""metric_valid_paired_seeds"":3,""observed_candidate_seeds"":3},""d9368cf4-2698-5f4c-aabb-da1c76cfd4bc"":{""complete_within_observed_keys"":true,""metric_valid_paired_seeds"":3,""observed_candidate_seeds"":3}}",13,7,11,4,0,50.93333333333333,36.0,30.666666666666668,24.0,-20.266666666666666,-37.34,-6.133333333333334,-8.0,-12.0,0.0,14.0,32.37165132525385,13,0.644575430401527,0.5158129915356457,0.7712400688527357,31.57118395658294,20.5050571009824,42.846384209075204,27.77777777777778,20.0,35.483870967741936,0.0,0.0009765625,wilcox,11,1.0,1.0,1.0,logical_primary,2,0.001953125,True,global_sensitivity_all_emitted_hypotheses,25,0.0234375,True,0.05,"{""missing_candidate_cell"":7}"
logical,2577a60b-efeb-5683-93fc-007ea0cd77aa,xa202609-hardware-validation-v1,XA-202609 Boolean Oracle hardware validation,xa202609-final-v1,,logical,,,,,5e2efe12-13bd-5dca-939a-01d0d34ea2c6,greedy_factor,2c93edc65b3032117b7bea3bd6a3dc43e2cb5298f91e46702328a297fa814f43,0a4754fd-bfe1-582b-9693-ed5462cb787a,resource_nmcts[learned:6ba157fb9b55],c84c20115a0fe93b66a4b98f59915b685e858339601976d443b1fc5d67848504,weighted_score,True,within each Boolean function: median over strictly paired seeds of (candidate - reference); negative favours candidate,within each Boolean function: median over strictly paired seeds of 100 * (reference - candidate) / abs(reference); reference=0 omitted; positive favours candidate,independent_boolean_function,median_of_strict_case_seed_pairs,52,18,45,45,0,0,0,18,,,,"{""0893b9ec-31f4-52c1-8f37-15dbbd50b51b"":{""complete_within_observed_keys"":false,""metric_valid_paired_seeds"":0,""observed_candidate_seeds"":3},""274aece9-7b61-5254-b708-3fc98ac08458"":{""complete_within_observed_keys"":false,""metric_valid_paired_seeds"":0,""observed_candidate_seeds"":3},""3520a76f-e447-5155-9dde-a5ca03e39ba6"":{""complete_within_observed_keys"":false,""metric_valid_paired_seeds"":0,""observed_candidate_seeds"":3},""482af7b4-51a4-5fa4-b40b-85adb369fbfe"":{""complete_within_observed_keys"":false,""metric_valid_paired_seeds"":0,""observed_candidate_seeds"":3},""4fa225c1-0ffd-5ac1-9ad3-6528c2444647"":{""complete_within_observed_keys"":false,""metric_valid_paired_seeds"":0,""observed_candidate_seeds"":3},""5813f3f9-1d2f-5d48-866d-f516e283caaa"":{""complete_within_observed_keys"":false,""metric_valid_paired_seeds"":0,""observed_candidate_seeds"":3},""66cd8829-3352-5bbb-91f4-471cfd212c2b"":{""complete_within_observed_keys"":false,""metric_valid_paired_seeds"":0,""observed_candidate_seeds"":1},""67f451b8-01a0-5998-b86e-e23c3b951587"":{""complete_within_observed_keys"":false,""metric_valid_paired_seeds"":0,""observed_candidate_seeds"":3},""71016f97-8d6d-5e10-a143-037f00f528e5"":{""complete_within_observed_keys"":false,""metric_valid_paired_seeds"":0,""observed_candidate_seeds"":3},""78f32562-9dbb-54f7-9996-7a130202264f"":{""complete_within_observed_keys"":false,""metric_valid_paired_seeds"":0,""observed_candidate_seeds"":3},""8bdc34be-3102-5902-b931-b5f88eb42082"":{""complete_within_observed_keys"":false,""metric_valid_paired_seeds"":0,""observed_candidate_seeds"":3},""8cc2c6b5-74b3-54a9-8c51-b999c37bf5be"":{""complete_within_observed_keys"":false,""metric_valid_paired_seeds"":0,""observed_candidate_seeds"":3},""95c818ec-7c55-51f2-a34a-0e0289027dcc"":{""complete_within_observed_keys"":false,""metric_valid_paired_seeds"":0,""observed_candidate_seeds"":3},""bcba9798-4e65-59ab-8960-a0e62f0d152b"":{""complete_within_observed_keys"":false,""metric_valid_paired_seeds"":0,""observed_candidate_seeds"":3},""c26990a9-d9be-5c4a-8317-dae4ee7542fa"":{""complete_within_observed_keys"":false,""metric_valid_paired_seeds"":0,""observed_candidate_seeds"":3},""c4180789-7ea0-5278-bedb-42342bbcbf05"":{""complete_within_observed_keys"":false,""metric_valid_paired_seeds"":0,""observed_candidate_seeds"":3},""ca8ce871-a310-560c-9235-7e865731e1d8"":{""complete_within_observed_keys"":false,""metric_valid_paired_seeds"":0,""observed_candidate_seeds"":3},""d9368cf4-2698-5f4c-aabb-da1c76cfd4bc"":{""complete_within_observed_keys"":false,""metric_valid_paired_seeds"":0,""observed_candidate_seeds"":3}}",0,52,0,0,0,,,,,,,,,,,,,0,,,,,,,,,,,,wilcox,0,,,,logical_secondary,5,,False,global_sensitivity_all_emitted_hypotheses,25,,False,0.05,"{""missing_candidate_cell"":7,""reference_metric_missing_or_nonfinite"":45}"
mapping,2577a60b-efeb-5683-93fc-007ea0cd77aa,xa202609-hardware-validation-v1,XA-202609 Boolean Oracle hardware validation,xa202609-final-v1,f633c5af-970f-58a0-8281-b231ec72603c,cx_full_12,cea8d4fcd9663670cdb2c1d151434ea7c94b354aee7f6c1fa9a20a6401970b86,7711d5ce-7a4e-5a50-8d20-3483691f63d8,cx_full_12:seed-3,3b6804aaf5951efcb3b0dcef80ae368ab611bd4928c7374b4c00bff4d06d7aee,5e2efe12-13bd-5dca-939a-01d0d34ea2c6,greedy_factor,2c93edc65b3032117b7bea3bd6a3dc43e2cb5298f91e46702328a297fa814f43,0a4754fd-bfe1-582b-9693-ed5462cb787a,resource_nmcts[learned:6ba157fb9b55],c84c20115a0fe93b66a4b98f59915b685e858339601976d443b1fc5d67848504,estimated_error,True,within each Boolean function: median over strictly paired seeds of (candidate - reference); negative favours candidate,within each Boolean function: median over strictly paired seeds of 100 * (reference - candidate) / abs(reference); reference=0 omitted; positive favours candidate,independent_boolean_function,median_of_strict_case_seed_pairs,52,18,45,45,0,0,0,18,,,,"{""0893b9ec-31f4-52c1-8f37-15dbbd50b51b"":{""complete_within_observed_keys"":false,""metric_valid_paired_seeds"":0,""observed_candidate_seeds"":3},""274aece9-7b61-5254-b708-3fc98ac08458"":{""complete_within_observed_keys"":false,""metric_valid_paired_seeds"":0,""observed_candidate_seeds"":3},""3520a76f-e447-5155-9dde-a5ca03e39ba6"":{""complete_within_observed_keys"":false,""metric_valid_paired_seeds"":0,""observed_candidate_seeds"":3},""482af7b4-51a4-5fa4-b40b-85adb369fbfe"":{""complete_within_observed_keys"":false,""metric_valid_paired_seeds"":0,""observed_candidate_seeds"":3},""4fa225c1-0ffd-5ac1-9ad3-6528c2444647"":{""complete_within_observed_keys"":false,""metric_valid_paired_seeds"":0,""observed_candidate_seeds"":3},""5813f3f9-1d2f-5d48-866d-f516e283caaa"":{""complete_within_observed_keys"":false,""metric_valid_paired_seeds"":0,""observed_candidate_seeds"":3},""66cd8829-3352-5bbb-91f4-471cfd212c2b"":{""complete_within_observed_keys"":false,""metric_valid_paired_seeds"":0,""observed_candidate_seeds"":1},""67f451b8-01a0-5998-b86e-e23c3b951587"":{""complete_within_observed_keys"":false,""metric_valid_paired_seeds"":0,""observed_candidate_seeds"":3},""71016f97-8d6d-5e10-a143-037f00f528e5"":{""complete_within_observed_keys"":false,""metric_valid_paired_seeds"":0,""observed_candidate_seeds"":3},""78f32562-9dbb-54f7-9996-7a130202264f"":{""complete_within_observed_keys"":false,""metric_valid_paired_seeds"":0,""observed_candidate_seeds"":3},""8bdc34be-3102-5902-b931-b5f88eb42082"":{""complete_within_observed_keys"":false,""metric_valid_paired_seeds"":0,""observed_candidate_seeds"":3},""8cc2c6b5-74b3-54a9-8c51-b999c37bf5be"":{""complete_within_observed_keys"":false,""metric_valid_paired_seeds"":0,""observed_candidate_seeds"":3},""95c818ec-7c55-51f2-a34a-0e0289027dcc"":{""complete_within_observed_keys"":false,""metric_valid_paired_seeds"":0,""observed_candidate_seeds"":3},""bcba9798-4e65-59ab-8960-a0e62f0d152b"":{""complete_within_observed_keys"":false,""metric_valid_paired_seeds"":0,""observed_candidate_seeds"":3},""c26990a9-d9be-5c4a-8317-dae4ee7542fa"":{""complete_within_observed_keys"":false,""metric_valid_paired_seeds"":0,""observed_candidate_seeds"":3},""c4180789-7ea0-5278-bedb-42342bbcbf05"":{""complete_within_observed_keys"":false,""metric_valid_paired_seeds"":0,""observed_candidate_seeds"":3},""ca8ce871-a310-560c-9235-7e865731e1d8"":{""complete_within_observed_keys"":false,""metric_valid_paired_seeds"":0,""observed_candidate_seeds"":3},""d9368cf4-2698-5f4c-aabb-da1c76cfd4bc"":{""complete_within_observed_keys"":false,""metric_valid_paired_seeds"":0,""observed_candidate_seeds"":3}}",0,52,0,0,0,,,,,,,,,,,,,0,,,,,,,,,,,,wilcox,0,,,,mapping_secondary,14,,False,global_sensitivity_all_emitted_hypotheses,25,,False,0.05,"{""missing_candidate_cell"":7,""reference_metric_missing_or_nonfinite"":45}"
mapping,2577a60b-efeb-5683-93fc-007ea0cd77aa,xa202609-hardware-validation-v1,XA-202609 Boolean Oracle hardware validation,xa202609-final-v1,f633c5af-970f-58a0-8281-b231ec72603c,cx_full_12,cea8d4fcd9663670cdb2c1d151434ea7c94b354aee7f6c1fa9a20a6401970b86,7711d5ce-7a4e-5a50-8d20-3483691f63d8,cx_full_12:seed-3,3b6804aaf5951efcb3b0dcef80ae368ab611bd4928c7374b4c00bff4d06d7aee,5e2efe12-13bd-5dca-939a-01d0d34ea2c6,greedy_factor,2c93edc65b3032117b7bea3bd6a3dc43e2cb5298f91e46702328a297fa814f43,0a4754fd-bfe1-582b-9693-ed5462cb787a,resource_nmcts[learned:6ba157fb9b55],c84c20115a0fe93b66a4b98f59915b685e858339601976d443b1fc5d67848504,mapped_depth,True,within each Boolean function: median over strictly paired seeds of (candidate - reference); negative favours candidate,within each Boolean function: median over strictly paired seeds of 100 * (reference - candidate) / abs(reference); reference=0 omitted; positive favours candidate,independent_boolean_function,median_of_strict_case_seed_pairs,52,18,45,45,45,15,15,3,3,3,3,"{""0893b9ec-31f4-52c1-8f37-15dbbd50b51b"":{""complete_within_observed_keys"":true,""metric_valid_paired_seeds"":3,""observed_candidate_seeds"":3},""274aece9-7b61-5254-b708-3fc98ac08458"":{""complete_within_observed_keys"":true,""metric_valid_paired_seeds"":3,""observed_candidate_seeds"":3},""3520a76f-e447-5155-9dde-a5ca03e39ba6"":{""complete_within_observed_keys"":true,""metric_valid_paired_seeds"":3,""observed_candidate_seeds"":3},""482af7b4-51a4-5fa4-b40b-85adb369fbfe"":{""complete_within_observed_keys"":true,""metric_valid_paired_seeds"":3,""observed_candidate_seeds"":3},""4fa225c1-0ffd-5ac1-9ad3-6528c2444647"":{""complete_within_observed_keys"":true,""metric_valid_paired_seeds"":3,""observed_candidate_seeds"":3},""5813f3f9-1d2f-5d48-866d-f516e283caaa"":{""complete_within_observed_keys"":true,""metric_valid_paired_seeds"":3,""observed_candidate_seeds"":3},""66cd8829-3352-5bbb-91f4-471cfd212c2b"":{""complete_within_observed_keys"":false,""metric_valid_paired_seeds"":0,""observed_candidate_seeds"":1},""67f451b8-01a0-5998-b86e-e23c3b951587"":{""complete_within_observed_keys"":true,""metric_valid_paired_seeds"":3,""observed_candidate_seeds"":3},""71016f97-8d6d-5e10-a143-037f00f528e5"":{""complete_within_observed_keys"":true,""metric_valid_paired_seeds"":3,""observed_candidate_seeds"":3},""78f32562-9dbb-54f7-9996-7a130202264f"":{""complete_within_observed_keys"":true,""metric_valid_paired_seeds"":3,""observed_candidate_seeds"":3},""8bdc34be-3102-5902-b931-b5f88eb42082"":{""complete_within_observed_keys"":true,""metric_valid_paired_seeds"":3,""observed_candidate_seeds"":3},""8cc2c6b5-74b3-54a9-8c51-b999c37bf5be"":{""complete_within_observed_keys"":true,""metric_valid_paired_seeds"":3,""observed_candidate_seeds"":3},""95c818ec-7c55-51f2-a34a-0e0289027dcc"":{""complete_within_observed_keys"":true,""metric_valid_paired_seeds"":3,""observed_candidate_seeds"":3},""bcba9798-4e65-59ab-8960-a0e62f0d152b"":{""complete_within_observed_keys"":false,""metric_valid_paired_seeds"":0,""observed_candidate_seeds"":3},""c26990a9-d9be-5c4a-8317-dae4ee7542fa"":{""complete_within_observed_keys"":false,""metric_valid_paired_seeds"":0,""observed_candidate_seeds"":3},""c4180789-7ea0-5278-bedb-42342bbcbf05"":{""complete_within_observed_keys"":true,""metric_valid_paired_seeds"":3,""observed_candidate_seeds"":3},""ca8ce871-a310-560c-9235-7e865731e1d8"":{""complete_within_observed_keys"":true,""metric_valid_paired_seeds"":3,""observed_candidate_seeds"":3},""d9368cf4-2698-5f4c-aabb-da1c76cfd4bc"":{""complete_within_observed_keys"":true,""metric_valid_paired_seeds"":3,""observed_candidate_seeds"":3}}",15,7,9,4,2,112.06666666666666,89.0,81.6,68.0,-30.466666666666665,-62.938333333333325,-6.998333333333343,-13.0,-24.0,0.0,26.5,56.00875781858541,15,0.8113032412492385,0.6795243859558473,0.9437733470397767,14.813524481089354,2.2112861310330376,27.191956093534404,20.27027027027027,0.0,32.58426966292135,5.0,0.009765625,wilcox,11,0.8484848484848485,0.4065934065934066,1.0,mapping_primary,4,0.0390625,True,global_sensitivity_all_emitted_hypotheses,25,0.205078125,False,0.05,"{""missing_candidate_cell"":7}"
mapping,2577a60b-efeb-5683-93fc-007ea0cd77aa,xa202609-hardware-validation-v1,XA-202609 Boolean Oracle hardware validation,xa202609-final-v1,f633c5af-970f-58a0-8281-b231ec72603c,cx_full_12,cea8d4fcd9663670cdb2c1d151434ea7c94b354aee7f6c1fa9a20a6401970b86,7711d5ce-7a4e-5a50-8d20-3483691f63d8,cx_full_12:seed-3,3b6804aaf5951efcb3b0dcef80ae368ab611bd4928c7374b4c00bff4d06d7aee,5e2efe12-13bd-5dca-939a-01d0d34ea2c6,greedy_factor,2c93edc65b3032117b7bea3bd6a3dc43e2cb5298f91e46702328a297fa814f43,0a4754fd-bfe1-582b-9693-ed5462cb787a,resource_nmcts[learned:6ba157fb9b55],c84c20115a0fe93b66a4b98f59915b685e858339601976d443b1fc5d67848504,mapping_runtime_s,True,within each Boolean function: median over strictly paired seeds of (candidate - reference); negative favours candidate,within each Boolean function: median over strictly paired seeds of 100 * (reference - candidate) / abs(reference); reference=0 omitted; positive favours candidate,independent_boolean_function,median_of_strict_case_seed_pairs,52,18,45,45,45,15,15,3,3,3,3,"{""0893b9ec-31f4-52c1-8f37-15dbbd50b51b"":{""complete_within_observed_keys"":true,""metric_valid_paired_seeds"":3,""observed_candidate_seeds"":3},""274aece9-7b61-5254-b708-3fc98ac08458"":{""complete_within_observed_keys"":true,""metric_valid_paired_seeds"":3,""observed_candidate_seeds"":3},""3520a76f-e447-5155-9dde-a5ca03e39ba6"":{""complete_within_observed_keys"":true,""metric_valid_paired_seeds"":3,""observed_candidate_seeds"":3},""482af7b4-51a4-5fa4-b40b-85adb369fbfe"":{""complete_within_observed_keys"":true,""metric_valid_paired_seeds"":3,""observed_candidate_seeds"":3},""4fa225c1-0ffd-5ac1-9ad3-6528c2444647"":{""complete_within_observed_keys"":true,""metric_valid_paired_seeds"":3,""observed_candidate_seeds"":3},""5813f3f9-1d2f-5d48-866d-f516e283caaa"":{""complete_within_observed_keys"":true,""metric_valid_paired_seeds"":3,""observed_candidate_seeds"":3},""66cd8829-3352-5bbb-91f4-471cfd212c2b"":{""complete_within_observed_keys"":false,""metric_valid_paired_seeds"":0,""observed_candidate_seeds"":1},""67f451b8-01a0-5998-b86e-e23c3b951587"":{""complete_within_observed_keys"":true,""metric_valid_paired_seeds"":3,""observed_candidate_seeds"":3},""71016f97-8d6d-5e10-a143-037f00f528e5"":{""complete_within_observed_keys"":true,""metric_valid_paired_seeds"":3,""observed_candidate_seeds"":3},""78f32562-9dbb-54f7-9996-7a130202264f"":{""complete_within_observed_keys"":true,""metric_valid_paired_seeds"":3,""observed_candidate_seeds"":3},""8bdc34be-3102-5902-b931-b5f88eb42082"":{""complete_within_observed_keys"":true,""metric_valid_paired_seeds"":3,""observed_candidate_seeds"":3},""8cc2c6b5-74b3-54a9-8c51-b999c37bf5be"":{""complete_within_observed_keys"":true,""metric_valid_paired_seeds"":3,""observed_candidate_seeds"":3},""95c818ec-7c55-51f2-a34a-0e0289027dcc"":{""complete_within_observed_keys"":true,""metric_valid_paired_seeds"":3,""observed_candidate_seeds"":3},""bcba9798-4e65-59ab-8960-a0e62f0d152b"":{""complete_within_observed_keys"":false,""metric_valid_paired_seeds"":0,""observed_candidate_seeds"":3},""c26990a9-d9be-5c4a-8317-dae4ee7542fa"":{""complete_within_observed_keys"":false,""metric_valid_paired_seeds"":0,""observed_candidate_seeds"":3},""c4180789-7ea0-5278-bedb-42342bbcbf05"":{""complete_within_observed_keys"":true,""metric_valid_paired_seeds"":3,""observed_candidate_seeds"":3},""ca8ce871-a310-560c-9235-7e865731e1d8"":{""complete_within_observed_keys"":true,""metric_valid_paired_seeds"":3,""observed_candidate_seeds"":3},""d9368cf4-2698-5f4c-aabb-da1c76cfd4bc"":{""complete_within_observed_keys"":true,""metric_valid_paired_seeds"":3,""observed_candidate_seeds"":3}}",15,7,10,0,5,0.2319585133333021,0.10246020000067801,0.1986735600000126,0.0838194999996631,-0.03656182000007296,-0.09118862150002466,0.003276701499770139,-0.005071000000498316,-0.033241000000089116,0.009125499999754538,0.029753899999832356,0.09734725729000773,15,0.866134862129562,0.7656002770795022,0.9657155471802571,11.003340420262889,1.1679105635116886,21.280419197278988,7.587947106681153,-0.535605523486852,22.41074816757983,36.0,0.1876220703125,wilcox,15,0.4,-0.15,0.8666666666666667,mapping_secondary,14,1.0,False,global_sensitivity_all_emitted_hypotheses,25,1.0,False,0.05,"{""missing_candidate_cell"":7}"
mapping,2577a60b-efeb-5683-93fc-007ea0cd77aa,xa202609-hardware-validation-v1,XA-202609 Boolean Oracle hardware validation,xa202609-final-v1,f633c5af-970f-58a0-8281-b231ec72603c,cx_full_12,cea8d4fcd9663670cdb2c1d151434ea7c94b354aee7f6c1fa9a20a6401970b86,7711d5ce-7a4e-5a50-8d20-3483691f63d8,cx_full_12:seed-3,3b6804aaf5951efcb3b0dcef80ae368ab611bd4928c7374b4c00bff4d06d7aee,5e2efe12-13bd-5dca-939a-01d0d34ea2c6,greedy_factor,2c93edc65b3032117b7bea3bd6a3dc43e2cb5298f91e46702328a297fa814f43,0a4754fd-bfe1-582b-9693-ed5462cb787a,resource_nmcts[learned:6ba157fb9b55],c84c20115a0fe93b66a4b98f59915b685e858339601976d443b1fc5d67848504,native_entangling_count,True,within each Boolean function: median over strictly paired seeds of (candidate - reference); negative favours candidate,within each Boolean function: median over strictly paired seeds of 100 * (reference - candidate) / abs(reference); reference=0 omitted; positive favours candidate,independent_boolean_function,median_of_strict_case_seed_pairs,52,18,45,45,45,15,15,3,3,3,3,"{""0893b9ec-31f4-52c1-8f37-15dbbd50b51b"":{""complete_within_observed_keys"":true,""metric_valid_paired_seeds"":3,""observed_candidate_seeds"":3},""274aece9-7b61-5254-b708-3fc98ac08458"":{""complete_within_observed_keys"":true,""metric_valid_paired_seeds"":3,""observed_candidate_seeds"":3},""3520a76f-e447-5155-9dde-a5ca03e39ba6"":{""complete_within_observed_keys"":true,""metric_valid_paired_seeds"":3,""observed_candidate_seeds"":3},""482af7b4-51a4-5fa4-b40b-85adb369fbfe"":{""complete_within_observed_keys"":true,""metric_valid_paired_seeds"":3,""observed_candidate_seeds"":3},""4fa225c1-0ffd-5ac1-9ad3-6528c2444647"":{""complete_within_observed_keys"":true,""metric_valid_paired_seeds"":3,""observed_candidate_seeds"":3},""5813f3f9-1d2f-5d48-866d-f516e283caaa"":{""complete_within_observed_keys"":true,""metric_valid_paired_seeds"":3,""observed_candidate_seeds"":3},""66cd8829-3352-5bbb-91f4-471cfd212c2b"":{""complete_within_observed_keys"":false,""metric_valid_paired_seeds"":0,""observed_candidate_seeds"":1},""67f451b8-01a0-5998-b86e-e23c3b951587"":{""complete_within_observed_keys"":true,""metric_valid_paired_seeds"":3,""observed_candidate_seeds"":3},""71016f97-8d6d-5e10-a143-037f00f528e5"":{""complete_within_observed_keys"":true,""metric_valid_paired_seeds"":3,""observed_candidate_seeds"":3},""78f32562-9dbb-54f7-9996-7a130202264f"":{""complete_within_observed_keys"":true,""metric_valid_paired_seeds"":3,""observed_candidate_seeds"":3},""8bdc34be-3102-5902-b931-b5f88eb42082"":{""complete_within_observed_keys"":true,""metric_valid_paired_seeds"":3,""observed_candidate_seeds"":3},""8cc2c6b5-74b3-54a9-8c51-b999c37bf5be"":{""complete_within_observed_keys"":true,""metric_valid_paired_seeds"":3,""observed_candidate_seeds"":3},""95c818ec-7c55-51f2-a34a-0e0289027dcc"":{""complete_within_observed_keys"":true,""metric_valid_paired_seeds"":3,""observed_candidate_seeds"":3},""bcba9798-4e65-59ab-8960-a0e62f0d152b"":{""complete_within_observed_keys"":false,""metric_valid_paired_seeds"":0,""observed_candidate_seeds"":3},""c26990a9-d9be-5c4a-8317-dae4ee7542fa"":{""complete_within_observed_keys"":false,""metric_valid_paired_seeds"":0,""observed_candidate_seeds"":3},""c4180789-7ea0-5278-bedb-42342bbcbf05"":{""complete_within_observed_keys"":true,""metric_valid_paired_seeds"":3,""observed_candidate_seeds"":3},""ca8ce871-a310-560c-9235-7e865731e1d8"":{""complete_within_observed_keys"":true,""metric_valid_paired_seeds"":3,""observed_candidate_seeds"":3},""d9368cf4-2698-5f4c-aabb-da1c76cfd4bc"":{""complete_within_observed_keys"":true,""metric_valid_paired_seeds"":3,""observed_candidate_seeds"":3}}",15,7,8,5,2,64.4,47.0,47.53333333333333,36.0,-16.866666666666667,-35.53666666666666,-3.7333333333333334,-7.0,-11.0,0.0,11.5,32.59024101665727,15,0.8355978087779813,0.7036490802035464,0.9862562891094329,12.501343784327197,-0.43009684081051247,24.440645259662173,18.75,0.0,23.076923076923077,3.0,0.009765625,wilcox,10,0.8909090909090909,0.45454545454545453,1.0,mapping_primary,4,0.0390625,True,global_sensitivity_all_emitted_hypotheses,25,0.205078125,False,0.05,"{""missing_candidate_cell"":7}"
mapping,2577a60b-efeb-5683-93fc-007ea0cd77aa,xa202609-hardware-validation-v1,XA-202609 Boolean Oracle hardware validation,xa202609-final-v1,f633c5af-970f-58a0-8281-b231ec72603c,cx_full_12,cea8d4fcd9663670cdb2c1d151434ea7c94b354aee7f6c1fa9a20a6401970b86,7711d5ce-7a4e-5a50-8d20-3483691f63d8,cx_full_12:seed-3,3b6804aaf5951efcb3b0dcef80ae368ab611bd4928c7374b4c00bff4d06d7aee,5e2efe12-13bd-5dca-939a-01d0d34ea2c6,greedy_factor,2c93edc65b3032117b7bea3bd6a3dc43e2cb5298f91e46702328a297fa814f43,0a4754fd-bfe1-582b-9693-ed5462cb787a,resource_nmcts[learned:6ba157fb9b55],c84c20115a0fe93b66a4b98f59915b685e858339601976d443b1fc5d67848504,one_qubit_gate_count,True,within each Boolean function: median over strictly paired seeds of (candidate - reference); negative favours candidate,within each Boolean function: median over strictly paired seeds of 100 * (reference - candidate) / abs(reference); reference=0 omitted; positive favours candidate,independent_boolean_function,median_of_strict_case_seed_pairs,52,18,45,45,45,15,15,3,3,3,3,"{""0893b9ec-31f4-52c1-8f37-15dbbd50b51b"":{""complete_within_observed_keys"":true,""metric_valid_paired_seeds"":3,""observed_candidate_seeds"":3},""274aece9-7b61-5254-b708-3fc98ac08458"":{""complete_within_observed_keys"":true,""metric_valid_paired_seeds"":3,""observed_candidate_seeds"":3},""3520a76f-e447-5155-9dde-a5ca03e39ba6"":{""complete_within_observed_keys"":true,""metric_valid_paired_seeds"":3,""observed_candidate_seeds"":3},""482af7b4-51a4-5fa4-b40b-85adb369fbfe"":{""complete_within_observed_keys"":true,""metric_valid_paired_seeds"":3,""observed_candidate_seeds"":3},""4fa225c1-0ffd-5ac1-9ad3-6528c2444647"":{""complete_within_observed_keys"":true,""metric_valid_paired_seeds"":3,""observed_candidate_seeds"":3},""5813f3f9-1d2f-5d48-866d-f516e283caaa"":{""complete_within_observed_keys"":true,""metric_valid_paired_seeds"":3,""observed_candidate_seeds"":3},""66cd8829-3352-5bbb-91f4-471cfd212c2b"":{""complete_within_observed_keys"":false,""metric_valid_paired_seeds"":0,""observed_candidate_seeds"":1},""67f451b8-01a0-5998-b86e-e23c3b951587"":{""complete_within_observed_keys"":true,""metric_valid_paired_seeds"":3,""observed_candidate_seeds"":3},""71016f97-8d6d-5e10-a143-037f00f528e5"":{""complete_within_observed_keys"":true,""metric_valid_paired_seeds"":3,""observed_candidate_seeds"":3},""78f32562-9dbb-54f7-9996-7a130202264f"":{""complete_within_observed_keys"":true,""metric_valid_paired_seeds"":3,""observed_candidate_seeds"":3},""8bdc34be-3102-5902-b931-b5f88eb42082"":{""complete_within_observed_keys"":true,""metric_valid_paired_seeds"":3,""observed_candidate_seeds"":3},""8cc2c6b5-74b3-54a9-8c51-b999c37bf5be"":{""complete_within_observed_keys"":true,""metric_valid_paired_seeds"":3,""observed_candidate_seeds"":3},""95c818ec-7c55-51f2-a34a-0e0289027dcc"":{""complete_within_observed_keys"":true,""metric_valid_paired_seeds"":3,""observed_candidate_seeds"":3},""bcba9798-4e65-59ab-8960-a0e62f0d152b"":{""complete_within_observed_keys"":false,""metric_valid_paired_seeds"":0,""observed_candidate_seeds"":3},""c26990a9-d9be-5c4a-8317-dae4ee7542fa"":{""complete_within_observed_keys"":false,""metric_valid_paired_seeds"":0,""observed_candidate_seeds"":3},""c4180789-7ea0-5278-bedb-42342bbcbf05"":{""complete_within_observed_keys"":true,""metric_valid_paired_seeds"":3,""observed_candidate_seeds"":3},""ca8ce871-a310-560c-9235-7e865731e1d8"":{""complete_within_observed_keys"":true,""metric_valid_paired_seeds"":3,""observed_candidate_seeds"":3},""d9368cf4-2698-5f4c-aabb-da1c76cfd4bc"":{""complete_within_observed_keys"":true,""metric_valid_paired_seeds"":3,""observed_candidate_seeds"":3}}",13,7,8,4,3,89.73333333333333,70.0,73.6,60.0,-16.133333333333333,-36.86833333333333,-0.13333333333333333,-10.0,-14.0,0.0,16.0,38.5094917180291,13,0.874853393025762,0.7010844102213853,1.1166250903178792,4.074560767761976,-20.962550031019386,26.060632868396805,12.987012987012987,0.0,26.548672566371682,15.5,0.1318359375,wilcox,11,0.5303030303030303,-0.14107142857142857,1.0,mapping_secondary,14,1.0,False,global_sensitivity_all_emitted_hypotheses,25,1.0,False,0.05,"{""missing_candidate_cell"":7}"
mapping,2577a60b-efeb-5683-93fc-007ea0cd77aa,xa202609-hardware-validation-v1,XA-202609 Boolean Oracle hardware validation,xa202609-final-v1,f633c5af-970f-58a0-8281-b231ec72603c,cx_full_12,cea8d4fcd9663670cdb2c1d151434ea7c94b354aee7f6c1fa9a20a6401970b86,7711d5ce-7a4e-5a50-8d20-3483691f63d8,cx_full_12:seed-3,3b6804aaf5951efcb3b0dcef80ae368ab611bd4928c7374b4c00bff4d06d7aee,5e2efe12-13bd-5dca-939a-01d0d34ea2c6,greedy_factor,2c93edc65b3032117b7bea3bd6a3dc43e2cb5298f91e46702328a297fa814f43,0a4754fd-bfe1-582b-9693-ed5462cb787a,resource_nmcts[learned:6ba157fb9b55],c84c20115a0fe93b66a4b98f59915b685e858339601976d443b1fc5d67848504,routing_overhead,True,within each Boolean function: median over strictly paired seeds of (candidate - reference); negative favours candidate,within each Boolean function: median over strictly paired seeds of 100 * (reference - candidate) / abs(reference); reference=0 omitted; positive favours candidate,independent_boolean_function,median_of_strict_case_seed_pairs,52,18,45,45,45,15,15,3,3,3,3,"{""0893b9ec-31f4-52c1-8f37-15dbbd50b51b"":{""complete_within_observed_keys"":true,""metric_valid_paired_seeds"":3,""observed_candidate_seeds"":3},""274aece9-7b61-5254-b708-3fc98ac08458"":{""complete_within_observed_keys"":true,""metric_valid_paired_seeds"":3,""observed_candidate_seeds"":3},""3520a76f-e447-5155-9dde-a5ca03e39ba6"":{""complete_within_observed_keys"":true,""metric_valid_paired_seeds"":3,""observed_candidate_seeds"":3},""482af7b4-51a4-5fa4-b40b-85adb369fbfe"":{""complete_within_observed_keys"":true,""metric_valid_paired_seeds"":3,""observed_candidate_seeds"":3},""4fa225c1-0ffd-5ac1-9ad3-6528c2444647"":{""complete_within_observed_keys"":true,""metric_valid_paired_seeds"":3,""observed_candidate_seeds"":3},""5813f3f9-1d2f-5d48-866d-f516e283caaa"":{""complete_within_observed_keys"":true,""metric_valid_paired_seeds"":3,""observed_candidate_seeds"":3},""66cd8829-3352-5bbb-91f4-471cfd212c2b"":{""complete_within_observed_keys"":false,""metric_valid_paired_seeds"":0,""observed_candidate_seeds"":1},""67f451b8-01a0-5998-b86e-e23c3b951587"":{""complete_within_observed_keys"":true,""metric_valid_paired_seeds"":3,""observed_candidate_seeds"":3},""71016f97-8d6d-5e10-a143-037f00f528e5"":{""complete_within_observed_keys"":true,""metric_valid_paired_seeds"":3,""observed_candidate_seeds"":3},""78f32562-9dbb-54f7-9996-7a130202264f"":{""complete_within_observed_keys"":true,""metric_valid_paired_seeds"":3,""observed_candidate_seeds"":3},""8bdc34be-3102-5902-b931-b5f88eb42082"":{""complete_within_observed_keys"":true,""metric_valid_paired_seeds"":3,""observed_candidate_seeds"":3},""8cc2c6b5-74b3-54a9-8c51-b999c37bf5be"":{""complete_within_observed_keys"":true,""metric_valid_paired_seeds"":3,""observed_candidate_seeds"":3},""95c818ec-7c55-51f2-a34a-0e0289027dcc"":{""complete_within_observed_keys"":true,""metric_valid_paired_seeds"":3,""observed_candidate_seeds"":3},""bcba9798-4e65-59ab-8960-a0e62f0d152b"":{""complete_within_observed_keys"":false,""metric_valid_paired_seeds"":0,""observed_candidate_seeds"":3},""c26990a9-d9be-5c4a-8317-dae4ee7542fa"":{""complete_within_observed_keys"":false,""metric_valid_paired_seeds"":0,""observed_candidate_seeds"":3},""c4180789-7ea0-5278-bedb-42342bbcbf05"":{""complete_within_observed_keys"":true,""metric_valid_paired_seeds"":3,""observed_candidate_seeds"":3},""ca8ce871-a310-560c-9235-7e865731e1d8"":{""complete_within_observed_keys"":true,""metric_valid_paired_seeds"":3,""observed_candidate_seeds"":3},""d9368cf4-2698-5f4c-aabb-da1c76cfd4bc"":{""complete_within_observed_keys"":true,""metric_valid_paired_seeds"":3,""observed_candidate_seeds"":3}}",0,7,0,15,0,0.0,0.0,0.0,0.0,0.0,0.0,0.0,0.0,0.0,0.0,0.0,0.0,0,,,,,,,,,,0.0,1.0,wilcox,0,0.0,0.0,0.0,mapping_secondary,14,1.0,False,global_sensitivity_all_emitted_hypotheses,25,1.0,False,0.05,"{""missing_candidate_cell"":7}"
mapping,2577a60b-efeb-5683-93fc-007ea0cd77aa,xa202609-hardware-validation-v1,XA-202609 Boolean Oracle hardware validation,xa202609-final-v1,f633c5af-970f-58a0-8281-b231ec72603c,cx_full_12,cea8d4fcd9663670cdb2c1d151434ea7c94b354aee7f6c1fa9a20a6401970b86,7711d5ce-7a4e-5a50-8d20-3483691f63d8,cx_full_12:seed-3,3b6804aaf5951efcb3b0dcef80ae368ab611bd4928c7374b4c00bff4d06d7aee,5e2efe12-13bd-5dca-939a-01d0d34ea2c6,greedy_factor,2c93edc65b3032117b7bea3bd6a3dc43e2cb5298f91e46702328a297fa814f43,0a4754fd-bfe1-582b-9693-ed5462cb787a,resource_nmcts[learned:6ba157fb9b55],c84c20115a0fe93b66a4b98f59915b685e858339601976d443b1fc5d67848504,swap_count,True,within each Boolean function: median over strictly paired seeds of (candidate - reference); negative favours candidate,within each Boolean function: median over strictly paired seeds of 100 * (reference - candidate) / abs(reference); reference=0 omitted; positive favours candidate,independent_boolean_function,median_of_strict_case_seed_pairs,52,18,45,45,45,15,15,3,3,3,3,"{""0893b9ec-31f4-52c1-8f37-15dbbd50b51b"":{""complete_within_observed_keys"":true,""metric_valid_paired_seeds"":3,""observed_candidate_seeds"":3},""274aece9-7b61-5254-b708-3fc98ac08458"":{""complete_within_observed_keys"":true,""metric_valid_paired_seeds"":3,""observed_candidate_seeds"":3},""3520a76f-e447-5155-9dde-a5ca03e39ba6"":{""complete_within_observed_keys"":true,""metric_valid_paired_seeds"":3,""observed_candidate_seeds"":3},""482af7b4-51a4-5fa4-b40b-85adb369fbfe"":{""complete_within_observed_keys"":true,""metric_valid_paired_seeds"":3,""observed_candidate_seeds"":3},""4fa225c1-0ffd-5ac1-9ad3-6528c2444647"":{""complete_within_observed_keys"":true,""metric_valid_paired_seeds"":3,""observed_candidate_seeds"":3},""5813f3f9-1d2f-5d48-866d-f516e283caaa"":{""complete_within_observed_keys"":true,""metric_valid_paired_seeds"":3,""observed_candidate_seeds"":3},""66cd8829-3352-5bbb-91f4-471cfd212c2b"":{""complete_within_observed_keys"":false,""metric_valid_paired_seeds"":0,""observed_candidate_seeds"":1},""67f451b8-01a0-5998-b86e-e23c3b951587"":{""complete_within_observed_keys"":true,""metric_valid_paired_seeds"":3,""observed_candidate_seeds"":3},""71016f97-8d6d-5e10-a143-037f00f528e5"":{""complete_within_observed_keys"":true,""metric_valid_paired_seeds"":3,""observed_candidate_seeds"":3},""78f32562-9dbb-54f7-9996-7a130202264f"":{""complete_within_observed_keys"":true,""metric_valid_paired_seeds"":3,""observed_candidate_seeds"":3},""8bdc34be-3102-5902-b931-b5f88eb42082"":{""complete_within_observed_keys"":true,""metric_valid_paired_seeds"":3,""observed_candidate_seeds"":3},""8cc2c6b5-74b3-54a9-8c51-b999c37bf5be"":{""complete_within_observed_keys"":true,""metric_valid_paired_seeds"":3,""observed_candidate_seeds"":3},""95c818ec-7c55-51f2-a34a-0e0289027dcc"":{""complete_within_observed_keys"":true,""metric_valid_paired_seeds"":3,""observed_candidate_seeds"":3},""bcba9798-4e65-59ab-8960-a0e62f0d152b"":{""complete_within_observed_keys"":false,""metric_valid_paired_seeds"":0,""observed_candidate_seeds"":3},""c26990a9-d9be-5c4a-8317-dae4ee7542fa"":{""complete_within_observed_keys"":false,""metric_valid_paired_seeds"":0,""observed_candidate_seeds"":3},""c4180789-7ea0-5278-bedb-42342bbcbf05"":{""complete_within_observed_keys"":true,""metric_valid_paired_seeds"":3,""observed_candidate_seeds"":3},""ca8ce871-a310-560c-9235-7e865731e1d8"":{""complete_within_observed_keys"":true,""metric_valid_paired_seeds"":3,""observed_candidate_seeds"":3},""d9368cf4-2698-5f4c-aabb-da1c76cfd4bc"":{""complete_within_observed_keys"":true,""metric_valid_paired_seeds"":3,""observed_candidate_seeds"":3}}",0,7,0,15,0,0.0,0.0,0.0,0.0,0.0,0.0,0.0,0.0,0.0,0.0,0.0,0.0,0,,,,,,,,,,0.0,1.0,wilcox,0,0.0,0.0,0.0,mapping_secondary,14,1.0,False,global_sensitivity_all_emitted_hypotheses,25,1.0,False,0.05,"{""missing_candidate_cell"":7}"
mapping,2577a60b-efeb-5683-93fc-007ea0cd77aa,xa202609-hardware-validation-v1,XA-202609 Boolean Oracle hardware validation,xa202609-final-v1,f633c5af-970f-58a0-8281-b231ec72603c,cx_full_12,cea8d4fcd9663670cdb2c1d151434ea7c94b354aee7f6c1fa9a20a6401970b86,7711d5ce-7a4e-5a50-8d20-3483691f63d8,cx_full_12:seed-3,3b6804aaf5951efcb3b0dcef80ae368ab611bd4928c7374b4c00bff4d06d7aee,5e2efe12-13bd-5dca-939a-01d0d34ea2c6,greedy_factor,2c93edc65b3032117b7bea3bd6a3dc43e2cb5298f91e46702328a297fa814f43,0a4754fd-bfe1-582b-9693-ed5462cb787a,resource_nmcts[learned:6ba157fb9b55],c84c20115a0fe93b66a4b98f59915b685e858339601976d443b1fc5d67848504,total_gate_count,True,within each Boolean function: median over strictly paired seeds of (candidate - reference); negative favours candidate,within each Boolean function: median over strictly paired seeds of 100 * (reference - candidate) / abs(reference); reference=0 omitted; positive favours candidate,independent_boolean_function,median_of_strict_case_seed_pairs,52,18,45,45,45,15,15,3,3,3,3,"{""0893b9ec-31f4-52c1-8f37-15dbbd50b51b"":{""complete_within_observed_keys"":true,""metric_valid_paired_seeds"":3,""observed_candidate_seeds"":3},""274aece9-7b61-5254-b708-3fc98ac08458"":{""complete_within_observed_keys"":true,""metric_valid_paired_seeds"":3,""observed_candidate_seeds"":3},""3520a76f-e447-5155-9dde-a5ca03e39ba6"":{""complete_within_observed_keys"":true,""metric_valid_paired_seeds"":3,""observed_candidate_seeds"":3},""482af7b4-51a4-5fa4-b40b-85adb369fbfe"":{""complete_within_observed_keys"":true,""metric_valid_paired_seeds"":3,""observed_candidate_seeds"":3},""4fa225c1-0ffd-5ac1-9ad3-6528c2444647"":{""complete_within_observed_keys"":true,""metric_valid_paired_seeds"":3,""observed_candidate_seeds"":3},""5813f3f9-1d2f-5d48-866d-f516e283caaa"":{""complete_within_observed_keys"":true,""metric_valid_paired_seeds"":3,""observed_candidate_seeds"":3},""66cd8829-3352-5bbb-91f4-471cfd212c2b"":{""complete_within_observed_keys"":false,""metric_valid_paired_seeds"":0,""observed_candidate_seeds"":1},""67f451b8-01a0-5998-b86e-e23c3b951587"":{""complete_within_observed_keys"":true,""metric_valid_paired_seeds"":3,""observed_candidate_seeds"":3},""71016f97-8d6d-5e10-a143-037f00f528e5"":{""complete_within_observed_keys"":true,""metric_valid_paired_seeds"":3,""observed_candidate_seeds"":3},""78f32562-9dbb-54f7-9996-7a130202264f"":{""complete_within_observed_keys"":true,""metric_valid_paired_seeds"":3,""observed_candidate_seeds"":3},""8bdc34be-3102-5902-b931-b5f88eb42082"":{""complete_within_observed_keys"":true,""metric_valid_paired_seeds"":3,""observed_candidate_seeds"":3},""8cc2c6b5-74b3-54a9-8c51-b999c37bf5be"":{""complete_within_observed_keys"":true,""metric_valid_paired_seeds"":3,""observed_candidate_seeds"":3},""95c818ec-7c55-51f2-a34a-0e0289027dcc"":{""complete_within_observed_keys"":true,""metric_valid_paired_seeds"":3,""observed_candidate_seeds"":3},""bcba9798-4e65-59ab-8960-a0e62f0d152b"":{""complete_within_observed_keys"":false,""metric_valid_paired_seeds"":0,""observed_candidate_seeds"":3},""c26990a9-d9be-5c4a-8317-dae4ee7542fa"":{""complete_within_observed_keys"":false,""metric_valid_paired_seeds"":0,""observed_candidate_seeds"":3},""c4180789-7ea0-5278-bedb-42342bbcbf05"":{""complete_within_observed_keys"":true,""metric_valid_paired_seeds"":3,""observed_candidate_seeds"":3},""ca8ce871-a310-560c-9235-7e865731e1d8"":{""complete_within_observed_keys"":true,""metric_valid_paired_seeds"":3,""observed_candidate_seeds"":3},""d9368cf4-2698-5f4c-aabb-da1c76cfd4bc"":{""complete_within_observed_keys"":true,""metric_valid_paired_seeds"":3,""observed_candidate_seeds"":3}}",15,7,8,4,3,154.13333333333333,117.0,121.13333333333334,97.0,-33.0,-72.66833333333334,-4.461666666666694,-19.0,-35.0,0.0,28.5,70.5063320358027,15,0.8699098222528607,0.7228251749297642,1.042632417623602,7.302096992127305,-11.757817694842261,22.246620467364565,14.404432132963988,0.0,29.914529914529915,14.0,0.0966796875,wilcox,11,0.5757575757575758,-0.05454545454545454,1.0,mapping_secondary,14,1.0,False,global_sensitivity_all_emitted_hypotheses,25,1.0,False,0.05,"{""missing_candidate_cell"":7}"
mapping,2577a60b-efeb-5683-93fc-007ea0cd77aa,xa202609-hardware-validation-v1,XA-202609 Boolean Oracle hardware validation,xa202609-final-v1,f633c5af-970f-58a0-8281-b231ec72603c,cx_full_12,cea8d4fcd9663670cdb2c1d151434ea7c94b354aee7f6c1fa9a20a6401970b86,7711d5ce-7a4e-5a50-8d20-3483691f63d8,cx_full_12:seed-3,3b6804aaf5951efcb3b0dcef80ae368ab611bd4928c7374b4c00bff4d06d7aee,5e2efe12-13bd-5dca-939a-01d0d34ea2c6,greedy_factor,2c93edc65b3032117b7bea3bd6a3dc43e2cb5298f91e46702328a297fa814f43,0a4754fd-bfe1-582b-9693-ed5462cb787a,resource_nmcts[learned:6ba157fb9b55],c84c20115a0fe93b66a4b98f59915b685e858339601976d443b1fc5d67848504,two_qubit_depth,True,within each Boolean function: median over strictly paired seeds of (candidate - reference); negative favours candidate,within each Boolean function: median over strictly paired seeds of 100 * (reference - candidate) / abs(reference); reference=0 omitted; positive favours candidate,independent_boolean_function,median_of_strict_case_seed_pairs,52,18,45,45,45,15,15,3,3,3,3,"{""0893b9ec-31f4-52c1-8f37-15dbbd50b51b"":{""complete_within_observed_keys"":true,""metric_valid_paired_seeds"":3,""observed_candidate_seeds"":3},""274aece9-7b61-5254-b708-3fc98ac08458"":{""complete_within_observed_keys"":true,""metric_valid_paired_seeds"":3,""observed_candidate_seeds"":3},""3520a76f-e447-5155-9dde-a5ca03e39ba6"":{""complete_within_observed_keys"":true,""metric_valid_paired_seeds"":3,""observed_candidate_seeds"":3},""482af7b4-51a4-5fa4-b40b-85adb369fbfe"":{""complete_within_observed_keys"":true,""metric_valid_paired_seeds"":3,""observed_candidate_seeds"":3},""4fa225c1-0ffd-5ac1-9ad3-6528c2444647"":{""complete_within_observed_keys"":true,""metric_valid_paired_seeds"":3,""observed_candidate_seeds"":3},""5813f3f9-1d2f-5d48-866d-f516e283caaa"":{""complete_within_observed_keys"":true,""metric_valid_paired_seeds"":3,""observed_candidate_seeds"":3},""66cd8829-3352-5bbb-91f4-471cfd212c2b"":{""complete_within_observed_keys"":false,""metric_valid_paired_seeds"":0,""observed_candidate_seeds"":1},""67f451b8-01a0-5998-b86e-e23c3b951587"":{""complete_within_observed_keys"":true,""metric_valid_paired_seeds"":3,""observed_candidate_seeds"":3},""71016f97-8d6d-5e10-a143-037f00f528e5"":{""complete_within_observed_keys"":true,""metric_valid_paired_seeds"":3,""observed_candidate_seeds"":3},""78f32562-9dbb-54f7-9996-7a130202264f"":{""complete_within_observed_keys"":true,""metric_valid_paired_seeds"":3,""observed_candidate_seeds"":3},""8bdc34be-3102-5902-b931-b5f88eb42082"":{""complete_within_observed_keys"":true,""metric_valid_paired_seeds"":3,""observed_candidate_seeds"":3},""8cc2c6b5-74b3-54a9-8c51-b999c37bf5be"":{""complete_within_observed_keys"":true,""metric_valid_paired_seeds"":3,""observed_candidate_seeds"":3},""95c818ec-7c55-51f2-a34a-0e0289027dcc"":{""complete_within_observed_keys"":true,""metric_valid_paired_seeds"":3,""observed_candidate_seeds"":3},""bcba9798-4e65-59ab-8960-a0e62f0d152b"":{""complete_within_observed_keys"":false,""metric_valid_paired_seeds"":0,""observed_candidate_seeds"":3},""c26990a9-d9be-5c4a-8317-dae4ee7542fa"":{""complete_within_observed_keys"":false,""metric_valid_paired_seeds"":0,""observed_candidate_seeds"":3},""c4180789-7ea0-5278-bedb-42342bbcbf05"":{""complete_within_observed_keys"":true,""metric_valid_paired_seeds"":3,""observed_candidate_seeds"":3},""ca8ce871-a310-560c-9235-7e865731e1d8"":{""complete_within_observed_keys"":true,""metric_valid_paired_seeds"":3,""observed_candidate_seeds"":3},""d9368cf4-2698-5f4c-aabb-da1c76cfd4bc"":{""complete_within_observed_keys"":true,""metric_valid_paired_seeds"":3,""observed_candidate_seeds"":3}}",15,7,9,4,2,57.4,44.0,40.8,33.0,-16.6,-32.0,-3.8,-6.0,-15.0,0.0,13.0,29.521904700456865,15,0.8042800452157985,0.684100885409204,0.9340691407963451,16.155708568903634,5.839098964554891,27.593056083486072,18.181818181818183,0.0,28.03030303030303,5.0,0.009765625,wilcox,11,0.8484848484848485,0.45454545454545453,1.0,mapping_secondary,14,0.13671875,False,global_sensitivity_all_emitted_hypotheses,25,0.205078125,False,0.05,"{""missing_candidate_cell"":7}"
mapping,2577a60b-efeb-5683-93fc-007ea0cd77aa,xa202609-hardware-validation-v1,XA-202609 Boolean Oracle hardware validation,xa202609-final-v1,f633c5af-970f-58a0-8281-b231ec72603c,cx_full_12,cea8d4fcd9663670cdb2c1d151434ea7c94b354aee7f6c1fa9a20a6401970b86,7711d5ce-7a4e-5a50-8d20-3483691f63d8,cx_full_12:seed-3,3b6804aaf5951efcb3b0dcef80ae368ab611bd4928c7374b4c00bff4d06d7aee,5e2efe12-13bd-5dca-939a-01d0d34ea2c6,greedy_factor,2c93edc65b3032117b7bea3bd6a3dc43e2cb5298f91e46702328a297fa814f43,0a4754fd-bfe1-582b-9693-ed5462cb787a,resource_nmcts[learned:6ba157fb9b55],c84c20115a0fe93b66a4b98f59915b685e858339601976d443b1fc5d67848504,two_qubit_gate_count,True,within each Boolean function: median over strictly paired seeds of (candidate - reference); negative favours candidate,within each Boolean function: median over strictly paired seeds of 100 * (reference - candidate) / abs(reference); reference=0 omitted; positive favours candidate,independent_boolean_function,median_of_strict_case_seed_pairs,52,18,45,45,45,15,15,3,3,3,3,"{""0893b9ec-31f4-52c1-8f37-15dbbd50b51b"":{""complete_within_observed_keys"":true,""metric_valid_paired_seeds"":3,""observed_candidate_seeds"":3},""274aece9-7b61-5254-b708-3fc98ac08458"":{""complete_within_observed_keys"":true,""metric_valid_paired_seeds"":3,""observed_candidate_seeds"":3},""3520a76f-e447-5155-9dde-a5ca03e39ba6"":{""complete_within_observed_keys"":true,""metric_valid_paired_seeds"":3,""observed_candidate_seeds"":3},""482af7b4-51a4-5fa4-b40b-85adb369fbfe"":{""complete_within_observed_keys"":true,""metric_valid_paired_seeds"":3,""observed_candidate_seeds"":3},""4fa225c1-0ffd-5ac1-9ad3-6528c2444647"":{""complete_within_observed_keys"":true,""metric_valid_paired_seeds"":3,""observed_candidate_seeds"":3},""5813f3f9-1d2f-5d48-866d-f516e283caaa"":{""complete_within_observed_keys"":true,""metric_valid_paired_seeds"":3,""observed_candidate_seeds"":3},""66cd8829-3352-5bbb-91f4-471cfd212c2b"":{""complete_within_observed_keys"":false,""metric_valid_paired_seeds"":0,""observed_candidate_seeds"":1},""67f451b8-01a0-5998-b86e-e23c3b951587"":{""complete_within_observed_keys"":true,""metric_valid_paired_seeds"":3,""observed_candidate_seeds"":3},""71016f97-8d6d-5e10-a143-037f00f528e5"":{""complete_within_observed_keys"":true,""metric_valid_paired_seeds"":3,""observed_candidate_seeds"":3},""78f32562-9dbb-54f7-9996-7a130202264f"":{""complete_within_observed_keys"":true,""metric_valid_paired_seeds"":3,""observed_candidate_seeds"":3},""8bdc34be-3102-5902-b931-b5f88eb42082"":{""complete_within_observed_keys"":true,""metric_valid_paired_seeds"":3,""observed_candidate_seeds"":3},""8cc2c6b5-74b3-54a9-8c51-b999c37bf5be"":{""complete_within_observed_keys"":true,""metric_valid_paired_seeds"":3,""observed_candidate_seeds"":3},""95c818ec-7c55-51f2-a34a-0e0289027dcc"":{""complete_within_observed_keys"":true,""metric_valid_paired_seeds"":3,""observed_candidate_seeds"":3},""bcba9798-4e65-59ab-8960-a0e62f0d152b"":{""complete_within_observed_keys"":false,""metric_valid_paired_seeds"":0,""observed_candidate_seeds"":3},""c26990a9-d9be-5c4a-8317-dae4ee7542fa"":{""complete_within_observed_keys"":false,""metric_valid_paired_seeds"":0,""observed_candidate_seeds"":3},""c4180789-7ea0-5278-bedb-42342bbcbf05"":{""complete_within_observed_keys"":true,""metric_valid_paired_seeds"":3,""observed_candidate_seeds"":3},""ca8ce871-a310-560c-9235-7e865731e1d8"":{""complete_within_observed_keys"":true,""metric_valid_paired_seeds"":3,""observed_candidate_seeds"":3},""d9368cf4-2698-5f4c-aabb-da1c76cfd4bc"":{""complete_within_observed_keys"":true,""metric_valid_paired_seeds"":3,""observed_candidate_seeds"":3}}",15,7,8,5,2,64.4,47.0,47.53333333333333,36.0,-16.866666666666667,-35.135000000000005,-3.4,-7.0,-11.0,0.0,11.5,32.59024101665727,15,0.8355978087779813,0.70434380828743,0.9701008884315778,12.501343784327197,0.12599842516102727,25.22583605969015,18.75,0.0,23.076923076923077,3.0,0.009765625,wilcox,10,0.8909090909090909,0.45454545454545453,1.0,mapping_secondary,14,0.13671875,False,global_sensitivity_all_emitted_hypotheses,25,0.205078125,False,0.05,"{""missing_candidate_cell"":7}"
mapping,2577a60b-efeb-5683-93fc-007ea0cd77aa,xa202609-hardware-validation-v1,XA-202609 Boolean Oracle hardware validation,xa202609-final-v1,9c355b3e-986f-570f-b981-821c3eda824f,cx_line_12_bidir,b81fe35d4792feb90534359bd7fb8e1fdd687875869c7075cef9743016623154,a2bc23d2-3da1-5b8b-a0d2-c417541dda9d,cx_line_12_bidir:seed-3,7e7f2dd846b3ac9452489b27d61b752383d6cf346dd2b2f71ce88a5ab869523f,5e2efe12-13bd-5dca-939a-01d0d34ea2c6,greedy_factor,2c93edc65b3032117b7bea3bd6a3dc43e2cb5298f91e46702328a297fa814f43,0a4754fd-bfe1-582b-9693-ed5462cb787a,resource_nmcts[learned:6ba157fb9b55],c84c20115a0fe93b66a4b98f59915b685e858339601976d443b1fc5d67848504,estimated_error,True,within each Boolean function: median over strictly paired seeds of (candidate - reference); negative favours candidate,within each Boolean function: median over strictly paired seeds of 100 * (reference - candidate) / abs(reference); reference=0 omitted; positive favours candidate,independent_boolean_function,median_of_strict_case_seed_pairs,8,4,8,8,0,0,0,4,,,,"{""274aece9-7b61-5254-b708-3fc98ac08458"":{""complete_within_observed_keys"":false,""metric_valid_paired_seeds"":0,""observed_candidate_seeds"":2},""71016f97-8d6d-5e10-a143-037f00f528e5"":{""complete_within_observed_keys"":false,""metric_valid_paired_seeds"":0,""observed_candidate_seeds"":2},""78f32562-9dbb-54f7-9996-7a130202264f"":{""complete_within_observed_keys"":false,""metric_valid_paired_seeds"":0,""observed_candidate_seeds"":2},""95c818ec-7c55-51f2-a34a-0e0289027dcc"":{""complete_within_observed_keys"":false,""metric_valid_paired_seeds"":0,""observed_candidate_seeds"":2}}",0,8,0,0,0,,,,,,,,,,,,,0,,,,,,,,,,,,wilcox,0,,,,mapping_secondary,14,,False,global_sensitivity_all_emitted_hypotheses,25,,False,0.05,"{""reference_metric_missing_or_nonfinite"":8}"
mapping,2577a60b-efeb-5683-93fc-007ea0cd77aa,xa202609-hardware-validation-v1,XA-202609 Boolean Oracle hardware validation,xa202609-final-v1,9c355b3e-986f-570f-b981-821c3eda824f,cx_line_12_bidir,b81fe35d4792feb90534359bd7fb8e1fdd687875869c7075cef9743016623154,a2bc23d2-3da1-5b8b-a0d2-c417541dda9d,cx_line_12_bidir:seed-3,7e7f2dd846b3ac9452489b27d61b752383d6cf346dd2b2f71ce88a5ab869523f,5e2efe12-13bd-5dca-939a-01d0d34ea2c6,greedy_factor,2c93edc65b3032117b7bea3bd6a3dc43e2cb5298f91e46702328a297fa814f43,0a4754fd-bfe1-582b-9693-ed5462cb787a,resource_nmcts[learned:6ba157fb9b55],c84c20115a0fe93b66a4b98f59915b685e858339601976d443b1fc5d67848504,mapped_depth,True,within each Boolean function: median over strictly paired seeds of (candidate - reference); negative favours candidate,within each Boolean function: median over strictly paired seeds of 100 * (reference - candidate) / abs(reference); reference=0 omitted; positive favours candidate,independent_boolean_function,median_of_strict_case_seed_pairs,8,4,8,8,8,4,4,0,2,2.0,2,"{""274aece9-7b61-5254-b708-3fc98ac08458"":{""complete_within_observed_keys"":true,""metric_valid_paired_seeds"":2,""observed_candidate_seeds"":2},""71016f97-8d6d-5e10-a143-037f00f528e5"":{""complete_within_observed_keys"":true,""metric_valid_paired_seeds"":2,""observed_candidate_seeds"":2},""78f32562-9dbb-54f7-9996-7a130202264f"":{""complete_within_observed_keys"":true,""metric_valid_paired_seeds"":2,""observed_candidate_seeds"":2},""95c818ec-7c55-51f2-a34a-0e0289027dcc"":{""complete_within_observed_keys"":true,""metric_valid_paired_seeds"":2,""observed_candidate_seeds"":2}}",4,0,2,1,1,205.5,119.5,127.5,107.25,-78.0,-226.5,7.25,-12.25,-302.0,14.5,97.5,150.19820238604723,4,0.8070171601889643,0.5210025662642299,1.112372025760174,13.203668312363966,-12.823498964803314,43.55769230769231,8.876811594202898,-23.015873015873016,58.07692307692308,1.0,0.5,wilcox,3,0.6666666666666666,-1.0,1.0,mapping_primary,4,1.0,False,global_sensitivity_all_emitted_hypotheses,25,1.0,False,0.05,{}
mapping,2577a60b-efeb-5683-93fc-007ea0cd77aa,xa202609-hardware-validation-v1,XA-202609 Boolean Oracle hardware validation,xa202609-final-v1,9c355b3e-986f-570f-b981-821c3eda824f,cx_line_12_bidir,b81fe35d4792feb90534359bd7fb8e1fdd687875869c7075cef9743016623154,a2bc23d2-3da1-5b8b-a0d2-c417541dda9d,cx_line_12_bidir:seed-3,7e7f2dd846b3ac9452489b27d61b752383d6cf346dd2b2f71ce88a5ab869523f,5e2efe12-13bd-5dca-939a-01d0d34ea2c6,greedy_factor,2c93edc65b3032117b7bea3bd6a3dc43e2cb5298f91e46702328a297fa814f43,0a4754fd-bfe1-582b-9693-ed5462cb787a,resource_nmcts[learned:6ba157fb9b55],c84c20115a0fe93b66a4b98f59915b685e858339601976d443b1fc5d67848504,mapping_runtime_s,True,within each Boolean function: median over strictly paired seeds of (candidate - reference); negative favours candidate,within each Boolean function: median over strictly paired seeds of 100 * (reference - candidate) / abs(reference); reference=0 omitted; positive favours candidate,independent_boolean_function,median_of_strict_case_seed_pairs,8,4,8,8,8,4,4,0,2,2.0,2,"{""274aece9-7b61-5254-b708-3fc98ac08458"":{""complete_within_observed_keys"":true,""metric_valid_paired_seeds"":2,""observed_candidate_seeds"":2},""71016f97-8d6d-5e10-a143-037f00f528e5"":{""complete_within_observed_keys"":true,""metric_valid_paired_seeds"":2,""observed_candidate_seeds"":2},""78f32562-9dbb-54f7-9996-7a130202264f"":{""complete_within_observed_keys"":true,""metric_valid_paired_seeds"":2,""observed_candidate_seeds"":2},""95c818ec-7c55-51f2-a34a-0e0289027dcc"":{""complete_within_observed_keys"":true,""metric_valid_paired_seeds"":2,""observed_candidate_seeds"":2}}",4,0,2,0,2,0.38085132499998053,0.2061535499999536,0.25300881250007023,0.22396435000018755,-0.1278425124999103,-0.41594496250002067,0.034135624999976244,0.002655350000168255,-0.5583940999999868,0.041713350000009086,0.16314751249956316,0.28771297488869946,4,0.853973348154835,0.5541397319748801,1.1247538561404344,8.44184450009258,-13.475964444602784,39.49264499422509,-2.6551527069761622,-16.922364655784495,56.00004807010714,5.0,1.0,wilcox,4,0.0,-1.0,1.0,mapping_secondary,14,1.0,False,global_sensitivity_all_emitted_hypotheses,25,1.0,False,0.05,{}
mapping,2577a60b-efeb-5683-93fc-007ea0cd77aa,xa202609-hardware-validation-v1,XA-202609 Boolean Oracle hardware validation,xa202609-final-v1,9c355b3e-986f-570f-b981-821c3eda824f,cx_line_12_bidir,b81fe35d4792feb90534359bd7fb8e1fdd687875869c7075cef9743016623154,a2bc23d2-3da1-5b8b-a0d2-c417541dda9d,cx_line_12_bidir:seed-3,7e7f2dd846b3ac9452489b27d61b752383d6cf346dd2b2f71ce88a5ab869523f,5e2efe12-13bd-5dca-939a-01d0d34ea2c6,greedy_factor,2c93edc65b3032117b7bea3bd6a3dc43e2cb5298f91e46702328a297fa814f43,0a4754fd-bfe1-582b-9693-ed5462cb787a,resource_nmcts[learned:6ba157fb9b55],c84c20115a0fe93b66a4b98f59915b685e858339601976d443b1fc5d67848504,native_entangling_count,True,within each Boolean function: median over strictly paired seeds of (candidate - reference); negative favours candidate,within each Boolean function: median over strictly paired seeds of 100 * (reference - candidate) / abs(reference); reference=0 omitted; positive favours candidate,independent_boolean_function,median_of_strict_case_seed_pairs,8,4,8,8,8,4,4,0,2,2.0,2,"{""274aece9-7b61-5254-b708-3fc98ac08458"":{""complete_within_observed_keys"":true,""metric_valid_paired_seeds"":2,""observed_candidate_seeds"":2},""71016f97-8d6d-5e10-a143-037f00f528e5"":{""complete_within_observed_keys"":true,""metric_valid_paired_seeds"":2,""observed_candidate_seeds"":2},""78f32562-9dbb-54f7-9996-7a130202264f"":{""complete_within_observed_keys"":true,""metric_valid_paired_seeds"":2,""observed_candidate_seeds"":2},""95c818ec-7c55-51f2-a34a-0e0289027dcc"":{""complete_within_observed_keys"":true,""metric_valid_paired_seeds"":2,""observed_candidate_seeds"":2}}",4,0,2,1,1,157.75,83.0,102.0,87.75,-55.75,-174.003125,7.003124999999983,-0.25,-232.0,9.5,60.75,117.5900364259943,4,0.8369494244133525,0.5484471465085855,1.0750893844190683,11.421924110463303,-7.632575757575758,41.33016627078385,0.5681818181818182,-10.555555555555555,55.10688836104513,2.0,0.75,wilcox,3,0.3333333333333333,-1.0,1.0,mapping_primary,4,1.0,False,global_sensitivity_all_emitted_hypotheses,25,1.0,False,0.05,{}
mapping,2577a60b-efeb-5683-93fc-007ea0cd77aa,xa202609-hardware-validation-v1,XA-202609 Boolean Oracle hardware validation,xa202609-final-v1,9c355b3e-986f-570f-b981-821c3eda824f,cx_line_12_bidir,b81fe35d4792feb90534359bd7fb8e1fdd687875869c7075cef9743016623154,a2bc23d2-3da1-5b8b-a0d2-c417541dda9d,cx_line_12_bidir:seed-3,7e7f2dd846b3ac9452489b27d61b752383d6cf346dd2b2f71ce88a5ab869523f,5e2efe12-13bd-5dca-939a-01d0d34ea2c6,greedy_factor,2c93edc65b3032117b7bea3bd6a3dc43e2cb5298f91e46702328a297fa814f43,0a4754fd-bfe1-582b-9693-ed5462cb787a,resource_nmcts[learned:6ba157fb9b55],c84c20115a0fe93b66a4b98f59915b685e858339601976d443b1fc5d67848504,one_qubit_gate_count,True,within each Boolean function: median over strictly paired seeds of (candidate - reference); negative favours candidate,within each Boolean function: median over strictly paired seeds of 100 * (reference - candidate) / abs(reference); reference=0 omitted; positive favours candidate,independent_boolean_function,median_of_strict_case_seed_pairs,8,4,8,8,8,4,4,0,2,2.0,2,"{""274aece9-7b61-5254-b708-3fc98ac08458"":{""complete_within_observed_keys"":true,""metric_valid_paired_seeds"":2,""observed_candidate_seeds"":2},""71016f97-8d6d-5e10-a143-037f00f528e5"":{""complete_within_observed_keys"":true,""metric_valid_paired_seeds"":2,""observed_candidate_seeds"":2},""78f32562-9dbb-54f7-9996-7a130202264f"":{""complete_within_observed_keys"":true,""metric_valid_paired_seeds"":2,""observed_candidate_seeds"":2},""95c818ec-7c55-51f2-a34a-0e0289027dcc"":{""complete_within_observed_keys"":true,""metric_valid_paired_seeds"":2,""observed_candidate_seeds"":2}}",4,0,2,1,1,96.75,65.5,62.125,54.75,-34.625,-102.75,10.75,-11.5,-137.0,21.5,56.875,70.62739671449505,4,0.8343197692628553,0.5046197670306264,1.404537811485131,3.263210184607562,-51.50793650793651,46.34123518402994,16.428571428571427,-79.62962962962963,59.82532751091703,1.0,0.5,wilcox,3,0.6666666666666666,-1.0,1.0,mapping_secondary,14,1.0,False,global_sensitivity_all_emitted_hypotheses,25,1.0,False,0.05,{}
mapping,2577a60b-efeb-5683-93fc-007ea0cd77aa,xa202609-hardware-validation-v1,XA-202609 Boolean Oracle hardware validation,xa202609-final-v1,9c355b3e-986f-570f-b981-821c3eda824f,cx_line_12_bidir,b81fe35d4792feb90534359bd7fb8e1fdd687875869c7075cef9743016623154,a2bc23d2-3da1-5b8b-a0d2-c417541dda9d,cx_line_12_bidir:seed-3,7e7f2dd846b3ac9452489b27d61b752383d6cf346dd2b2f71ce88a5ab869523f,5e2efe12-13bd-5dca-939a-01d0d34ea2c6,greedy_factor,2c93edc65b3032117b7bea3bd6a3dc43e2cb5298f91e46702328a297fa814f43,0a4754fd-bfe1-582b-9693-ed5462cb787a,resource_nmcts[learned:6ba157fb9b55],c84c20115a0fe93b66a4b98f59915b685e858339601976d443b1fc5d67848504,routing_overhead,True,within each Boolean function: median over strictly paired seeds of (candidate - reference); negative favours candidate,within each Boolean function: median over strictly paired seeds of 100 * (reference - candidate) / abs(reference); reference=0 omitted; positive favours candidate,independent_boolean_function,median_of_strict_case_seed_pairs,8,4,8,8,8,4,4,0,2,2.0,2,"{""274aece9-7b61-5254-b708-3fc98ac08458"":{""complete_within_observed_keys"":true,""metric_valid_paired_seeds"":2,""observed_candidate_seeds"":2},""71016f97-8d6d-5e10-a143-037f00f528e5"":{""complete_within_observed_keys"":true,""metric_valid_paired_seeds"":2,""observed_candidate_seeds"":2},""78f32562-9dbb-54f7-9996-7a130202264f"":{""complete_within_observed_keys"":true,""metric_valid_paired_seeds"":2,""observed_candidate_seeds"":2},""95c818ec-7c55-51f2-a34a-0e0289027dcc"":{""complete_within_observed_keys"":true,""metric_valid_paired_seeds"":2,""observed_candidate_seeds"":2}}",4,0,1,1,2,1.1477933168645575,1.1555555555555554,1.3515316365316365,1.4181681681681682,0.20373831966707895,-0.2469230769230769,0.6543997162572348,0.24923391215526047,-0.4938461538461538,0.8103316082039487,0.6998953087454163,0.5724084495046178,4,1.1094099262465091,0.7262435499649662,1.6124419793857345,-20.98264101817074,-66.42834695160278,21.737064375953267,-18.2566404788627,-88.5711292688037,41.15384615384615,1.0,0.5,wilcox,3,-0.6666666666666666,-1.0,1.0,mapping_secondary,14,1.0,False,global_sensitivity_all_emitted_hypotheses,25,1.0,False,0.05,{}
mapping,2577a60b-efeb-5683-93fc-007ea0cd77aa,xa202609-hardware-validation-v1,XA-202609 Boolean Oracle hardware validation,xa202609-final-v1,9c355b3e-986f-570f-b981-821c3eda824f,cx_line_12_bidir,b81fe35d4792feb90534359bd7fb8e1fdd687875869c7075cef9743016623154,a2bc23d2-3da1-5b8b-a0d2-c417541dda9d,cx_line_12_bidir:seed-3,7e7f2dd846b3ac9452489b27d61b752383d6cf346dd2b2f71ce88a5ab869523f,5e2efe12-13bd-5dca-939a-01d0d34ea2c6,greedy_factor,2c93edc65b3032117b7bea3bd6a3dc43e2cb5298f91e46702328a297fa814f43,0a4754fd-bfe1-582b-9693-ed5462cb787a,resource_nmcts[learned:6ba157fb9b55],c84c20115a0fe93b66a4b98f59915b685e858339601976d443b1fc5d67848504,swap_count,True,within each Boolean function: median over strictly paired seeds of (candidate - reference); negative favours candidate,within each Boolean function: median over strictly paired seeds of 100 * (reference - candidate) / abs(reference); reference=0 omitted; positive favours candidate,independent_boolean_function,median_of_strict_case_seed_pairs,8,4,8,8,8,4,4,0,2,2.0,2,"{""274aece9-7b61-5254-b708-3fc98ac08458"":{""complete_within_observed_keys"":true,""metric_valid_paired_seeds"":2,""observed_candidate_seeds"":2},""71016f97-8d6d-5e10-a143-037f00f528e5"":{""complete_within_observed_keys"":true,""metric_valid_paired_seeds"":2,""observed_candidate_seeds"":2},""78f32562-9dbb-54f7-9996-7a130202264f"":{""complete_within_observed_keys"":true,""metric_valid_paired_seeds"":2,""observed_candidate_seeds"":2},""95c818ec-7c55-51f2-a34a-0e0289027dcc"":{""complete_within_observed_keys"":true,""metric_valid_paired_seeds"":2,""observed_candidate_seeds"":2}}",0,0,0,4,0,0.0,0.0,0.0,0.0,0.0,0.0,0.0,0.0,0.0,0.0,0.0,0.0,0,,,,,,,,,,0.0,1.0,wilcox,0,0.0,0.0,0.0,mapping_secondary,14,1.0,False,global_sensitivity_all_emitted_hypotheses,25,1.0,False,0.05,{}
mapping,2577a60b-efeb-5683-93fc-007ea0cd77aa,xa202609-hardware-validation-v1,XA-202609 Boolean Oracle hardware validation,xa202609-final-v1,9c355b3e-986f-570f-b981-821c3eda824f,cx_line_12_bidir,b81fe35d4792feb90534359bd7fb8e1fdd687875869c7075cef9743016623154,a2bc23d2-3da1-5b8b-a0d2-c417541dda9d,cx_line_12_bidir:seed-3,7e7f2dd846b3ac9452489b27d61b752383d6cf346dd2b2f71ce88a5ab869523f,5e2efe12-13bd-5dca-939a-01d0d34ea2c6,greedy_factor,2c93edc65b3032117b7bea3bd6a3dc43e2cb5298f91e46702328a297fa814f43,0a4754fd-bfe1-582b-9693-ed5462cb787a,resource_nmcts[learned:6ba157fb9b55],c84c20115a0fe93b66a4b98f59915b685e858339601976d443b1fc5d67848504,total_gate_count,True,within each Boolean function: median over strictly paired seeds of (candidate - reference); negative favours candidate,within each Boolean function: median over strictly paired seeds of 100 * (reference - candidate) / abs(reference); reference=0 omitted; positive favours candidate,independent_boolean_function,median_of_strict_case_seed_pairs,8,4,8,8,8,4,4,0,2,2.0,2,"{""274aece9-7b61-5254-b708-3fc98ac08458"":{""complete_within_observed_keys"":true,""metric_valid_paired_seeds"":2,""observed_candidate_seeds"":2},""71016f97-8d6d-5e10-a143-037f00f528e5"":{""complete_within_observed_keys"":true,""metric_valid_paired_seeds"":2,""observed_candidate_seeds"":2},""78f32562-9dbb-54f7-9996-7a130202264f"":{""complete_within_observed_keys"":true,""metric_valid_paired_seeds"":2,""observed_candidate_seeds"":2},""95c818ec-7c55-51f2-a34a-0e0289027dcc"":{""complete_within_observed_keys"":true,""metric_valid_paired_seeds"":2,""observed_candidate_seeds"":2}}",4,0,2,1,1,254.5,148.5,164.125,141.75,-90.375,-276.75,12.375,-6.75,-369.0,21.0,107.625,186.2916060910958,4,0.8462720956004337,0.533144241131936,1.1880275706768635,8.907316495124594,-20.073723591549296,42.57692307692307,4.21875,-29.577464788732392,56.76923076923077,2.0,0.75,wilcox,3,0.3333333333333333,-1.0,1.0,mapping_secondary,14,1.0,False,global_sensitivity_all_emitted_hypotheses,25,1.0,False,0.05,{}
mapping,2577a60b-efeb-5683-93fc-007ea0cd77aa,xa202609-hardware-validation-v1,XA-202609 Boolean Oracle hardware validation,xa202609-final-v1,9c355b3e-986f-570f-b981-821c3eda824f,cx_line_12_bidir,b81fe35d4792feb90534359bd7fb8e1fdd687875869c7075cef9743016623154,a2bc23d2-3da1-5b8b-a0d2-c417541dda9d,cx_line_12_bidir:seed-3,7e7f2dd846b3ac9452489b27d61b752383d6cf346dd2b2f71ce88a5ab869523f,5e2efe12-13bd-5dca-939a-01d0d34ea2c6,greedy_factor,2c93edc65b3032117b7bea3bd6a3dc43e2cb5298f91e46702328a297fa814f43,0a4754fd-bfe1-582b-9693-ed5462cb787a,resource_nmcts[learned:6ba157fb9b55],c84c20115a0fe93b66a4b98f59915b685e858339601976d443b1fc5d67848504,two_qubit_depth,True,within each Boolean function: median over strictly paired seeds of (candidate - reference); negative favours candidate,within each Boolean function: median over strictly paired seeds of 100 * (reference - candidate) / abs(reference); reference=0 omitted; positive favours candidate,independent_boolean_function,median_of_strict_case_seed_pairs,8,4,8,8,8,4,4,0,2,2.0,2,"{""274aece9-7b61-5254-b708-3fc98ac08458"":{""complete_within_observed_keys"":true,""metric_valid_paired_seeds"":2,""observed_candidate_seeds"":2},""71016f97-8d6d-5e10-a143-037f00f528e5"":{""complete_within_observed_keys"":true,""metric_valid_paired_seeds"":2,""observed_candidate_seeds"":2},""78f32562-9dbb-54f7-9996-7a130202264f"":{""complete_within_observed_keys"":true,""metric_valid_paired_seeds"":2,""observed_candidate_seeds"":2},""95c818ec-7c55-51f2-a34a-0e0289027dcc"":{""complete_within_observed_keys"":true,""metric_valid_paired_seeds"":2,""observed_candidate_seeds"":2}}",4,0,2,2,0,137.0,72.5,86.5,72.0,-50.5,-150.75,0.0,-0.5,-201.0,0.0,51.0,100.33444074693395,4,0.8142531455960504,0.5446129690472404,1.0,14.171913144031864,0.0,41.64364640883978,0.5813953488372093,0.0,55.52486187845304,0.0,0.5,wilcox,2,1.0,0.0,1.0,mapping_secondary,14,1.0,False,global_sensitivity_all_emitted_hypotheses,25,1.0,False,0.05,{}
mapping,2577a60b-efeb-5683-93fc-007ea0cd77aa,xa202609-hardware-validation-v1,XA-202609 Boolean Oracle hardware validation,xa202609-final-v1,9c355b3e-986f-570f-b981-821c3eda824f,cx_line_12_bidir,b81fe35d4792feb90534359bd7fb8e1fdd687875869c7075cef9743016623154,a2bc23d2-3da1-5b8b-a0d2-c417541dda9d,cx_line_12_bidir:seed-3,7e7f2dd846b3ac9452489b27d61b752383d6cf346dd2b2f71ce88a5ab869523f,5e2efe12-13bd-5dca-939a-01d0d34ea2c6,greedy_factor,2c93edc65b3032117b7bea3bd6a3dc43e2cb5298f91e46702328a297fa814f43,0a4754fd-bfe1-582b-9693-ed5462cb787a,resource_nmcts[learned:6ba157fb9b55],c84c20115a0fe93b66a4b98f59915b685e858339601976d443b1fc5d67848504,two_qubit_gate_count,True,within each Boolean function: median over strictly paired seeds of (candidate - reference); negative favours candidate,within each Boolean function: median over strictly paired seeds of 100 * (reference - candidate) / abs(reference); reference=0 omitted; positive favours candidate,independent_boolean_function,median_of_strict_case_seed_pairs,8,4,8,8,8,4,4,0,2,2.0,2,"{""274aece9-7b61-5254-b708-3fc98ac08458"":{""complete_within_observed_keys"":true,""metric_valid_paired_seeds"":2,""observed_candidate_seeds"":2},""71016f97-8d6d-5e10-a143-037f00f528e5"":{""complete_within_observed_keys"":true,""metric_valid_paired_seeds"":2,""observed_candidate_seeds"":2},""78f32562-9dbb-54f7-9996-7a130202264f"":{""complete_within_observed_keys"":true,""metric_valid_paired_seeds"":2,""observed_candidate_seeds"":2},""95c818ec-7c55-51f2-a34a-0e0289027dcc"":{""complete_within_observed_keys"":true,""metric_valid_paired_seeds"":2,""observed_candidate_seeds"":2}}",4,0,2,1,1,157.75,83.0,102.0,87.75,-55.75,-174.0,7.0,-0.25,-232.0,9.5,60.75,117.5900364259943,4,0.8369494244133525,0.5484471465085855,1.0750893844190683,11.421924110463303,-7.632575757575758,41.33016627078385,0.5681818181818182,-10.555555555555555,55.10688836104513,2.0,0.75,wilcox,3,0.3333333333333333,-1.0,1.0,mapping_secondary,14,1.0,False,global_sensitivity_all_emitted_hypotheses,25,1.0,False,0.05,{}
