CNOT,T,anf_terms,correct,depth,explicit_ancilla,gates,method,n,n_qubits,name,peak_ancilla,score,skipped,terms,time_s,truth_table_hex
3,0,3,True,3,0,3,and_affine_nmcts,3,4,parity_n3,0,0.19499999999999998,,3,0.0017168521881103516,96
3,0,3,True,3,0,3,and_resource_nmcts,3,4,parity_n3,0,0.19499999999999998,,3,0.0019299983978271484,96
12,4,3,True,12,0,8,and_affine_nmcts,3,4,majority_n3,0,4.74,,2,0.0018770694732666016,E8
12,4,3,True,12,0,8,and_resource_nmcts,3,4,majority_n3,0,4.74,,2,0.001895904541015625,E8
3,0,3,True,3,0,3,and_pareto_resource_nmcts,3,4,parity_n3,0,0.19499999999999998,,3,0.015275955200195312,96
12,4,3,True,12,0,8,and_affine_nmcts,3,4,threshold2_n3,0,4.74,,2,0.001789093017578125,E8
12,4,3,True,12,0,8,and_resource_nmcts,3,4,threshold2_n3,0,4.74,,2,0.001940011978149414,E8
12,4,3,True,12,0,8,and_pareto_resource_nmcts,3,4,majority_n3,0,4.74,,2,0.02039194107055664,E8
4,0,4,True,4,0,4,and_affine_nmcts,4,5,parity_n4,0,0.26,,4,0.0017619132995605469,6996
4,0,4,True,4,0,4,and_resource_nmcts,4,5,parity_n4,0,0.26,,4,0.0030870437622070312,6996
12,4,3,True,12,0,8,and_pareto_resource_nmcts,3,4,threshold2_n3,0,4.74,,2,0.02013111114501953,E8
4,0,4,True,4,0,4,and_pareto_resource_nmcts,4,5,parity_n4,0,0.26,,4,0.031504154205322266,6996
5,0,5,True,5,0,5,and_affine_nmcts,5,6,parity_n5,0,0.325,,5,0.0024640560150146484,96696996
5,0,5,True,5,0,5,and_resource_nmcts,5,6,parity_n5,0,0.325,,5,0.008861064910888672,96696996
49,24,5,True,58,1,32,and_affine_nmcts,4,6,majority_n4,2,31.150000000000002,,8,0.06383395195007324,E880
49,24,7,True,51,1,25,and_affine_nmcts,4,6,threshold2_n4,2,30.975,,7,0.05480337142944336,FEE8
49,24,7,True,51,1,25,and_resource_nmcts,4,6,threshold2_n4,2,30.975,,7,0.057806968688964844,FEE8
49,24,5,True,58,1,32,and_resource_nmcts,4,6,majority_n4,2,31.150000000000002,,8,0.0665597915649414,E880
6,0,6,True,6,0,6,and_affine_nmcts,6,7,parity_n6,0,0.38999999999999996,,6,0.00084686279296875,6996966996696996
5,0,5,True,5,0,5,and_pareto_resource_nmcts,5,6,parity_n5,0,0.325,,5,0.08275675773620605,96696996
6,0,6,True,6,0,6,and_resource_nmcts,6,7,parity_n6,0,0.38999999999999996,,6,0.036579132080078125,6996966996696996
70,32,15,True,70,1,34,and_affine_nmcts,5,7,majority_n5,2,40.19,,6,0.09210872650146484,FEE8E880
70,32,15,True,70,1,34,and_resource_nmcts,5,7,majority_n5,2,40.19,,6,0.1144258975982666,FEE8E880
219,108,15,True,219,1,87,and_affine_nmcts,6,8,majority_n6,2,124.915,,15,0.056156158447265625,FEE8E880E8808000
219,108,15,True,219,1,87,and_resource_nmcts,6,8,majority_n6,2,124.915,,15,0.1109468936920166,FEE8E880E8808000
225,132,35,True,238,1,100,and_affine_nmcts,6,8,threshold3_n6,2,149.57,,16,0.15539312362670898,FFFEFEE8FEE8E880
78,40,15,True,89,1,43,and_affine_nmcts,5,7,threshold2_n5,2,48.885,,6,0.3206007480621338,FFFEFEE8
67,36,9,True,67,1,29,and_affine_nmcts,6,8,mux_2_4,1,41.975,,9,0.0036780834197998047,FEDCBA9876543210
67,36,9,True,67,1,29,and_resource_nmcts,6,8,mux_2_4,1,41.975,,9,0.018989086151123047,FEDCBA9876543210
78,40,15,True,89,1,43,and_resource_nmcts,5,7,threshold2_n5,2,48.885,,6,0.33672499656677246,FFFEFEE8
6,0,6,True,6,0,6,and_pareto_resource_nmcts,6,7,parity_n6,0,0.38999999999999996,,6,0.2982950210571289,6996966996696996
31,16,3,True,31,1,13,and_affine_nmcts,4,6,adder_carry_w2,1,19.834999999999997,,3,0.02555108070373535,EC80
31,16,3,True,31,1,13,and_resource_nmcts,4,6,adder_carry_w2,1,19.834999999999997,,3,0.027196884155273438,EC80
97,48,7,True,97,1,39,and_affine_nmcts,6,8,adder_carry_w3,2,57.725,,7,0.012949705123901367,FEFCF8F0E0C08000
49,24,7,True,49,1,23,and_pareto_resource_nmcts,4,6,threshold2_n4,2,30.925,,7,0.448505163192749,FEE8
97,48,7,True,97,1,39,and_resource_nmcts,6,8,adder_carry_w3,2,57.725,,7,0.03389620780944824,FEFCF8F0E0C08000
14,8,2,True,14,0,6,and_affine_nmcts,4,5,mul_w2_bit1,0,8.830000000000002,,2,0.0023610591888427734,6AC0
14,8,2,True,14,0,6,and_resource_nmcts,4,5,mul_w2_bit1,0,8.830000000000002,,2,0.0028061866760253906,6AC0
49,24,5,True,58,1,32,and_pareto_resource_nmcts,4,6,majority_n4,2,31.150000000000002,,8,0.4891622066497803,E880
38,20,4,True,38,1,16,and_affine_nmcts,6,8,mul_w3_bit2,2,26.25,,4,0.003980875015258789,1E665AAAB4CCF000
14,8,2,True,14,0,6,and_pareto_resource_nmcts,4,5,mul_w2_bit1,0,8.830000000000002,,2,0.030781984329223633,6AC0
38,20,4,True,38,1,16,and_resource_nmcts,6,8,mul_w3_bit2,2,26.25,,4,0.017271041870117188,1E665AAAB4CCF000
225,132,35,True,238,1,100,and_resource_nmcts,6,8,threshold3_n6,2,149.57,,16,0.30254507064819336,FFFEFEE8FEE8E880
31,16,9,True,33,0,17,and_affine_nmcts,4,5,truth_n4_0,1,19.905,,5,0.021638870239257812,A3B1
31,16,9,True,33,0,17,and_resource_nmcts,4,5,truth_n4_0,1,19.905,,5,0.024327754974365234,A3B1
38,20,4,True,38,1,16,and_affine_nmcts,4,6,truth_n4_1,1,24.25,,4,0.02304697036743164,1C80
38,20,4,True,38,1,16,and_resource_nmcts,4,6,truth_n4_1,1,24.25,,4,0.02378392219543457,1C80
25,12,3,True,30,1,18,and_pareto_resource_nmcts,4,6,adder_carry_w2,2,17.63,,6,0.2115647792816162,EC80
49,24,12,True,54,1,28,and_affine_nmcts,4,6,truth_n4_2,2,31.05,,8,0.058212995529174805,667
65,32,9,True,71,1,37,and_pareto_resource_nmcts,6,8,mux_2_4,1,38.035,,11,0.3085298538208008,FEDCBA9876543210
31,16,9,True,33,0,17,and_pareto_resource_nmcts,4,5,truth_n4_0,1,19.905,,5,0.19747519493103027,A3B1
38,20,4,True,38,1,16,and_pareto_resource_nmcts,6,8,mul_w3_bit2,2,26.25,,4,0.244873046875,1E665AAAB4CCF000
49,24,12,True,54,1,28,and_resource_nmcts,4,6,truth_n4_2,2,31.05,,8,0.063385009765625,667
48,24,11,True,55,1,29,and_affine_nmcts,4,6,truth_n4_3,2,31.035,,7,0.058606624603271484,BDD6
37,16,4,True,39,1,21,and_pareto_resource_nmcts,4,6,truth_n4_1,1,20.275000000000002,,7,0.19621920585632324,1C80
39,16,8,True,43,1,25,and_affine_nmcts,4,6,truth_n4_4,1,20.455,,5,0.022697925567626953,4668
48,24,11,True,55,1,29,and_resource_nmcts,4,6,truth_n4_3,2,31.035,,7,0.06146502494812012,BDD6
39,16,8,True,43,1,25,and_resource_nmcts,4,6,truth_n4_4,1,20.455,,5,0.026666879653930664,4668
36,16,8,True,38,1,20,and_affine_nmcts,4,6,truth_n4_5,2,22.21,,6,0.04615592956542969,3EB1
36,16,8,True,38,1,20,and_resource_nmcts,4,6,truth_n4_5,2,22.21,,6,0.049057960510253906,3EB1
31,16,8,True,36,0,20,and_affine_nmcts,4,5,truth_n4_6,1,19.979999999999997,,6,0.02021193504333496,3924
31,16,8,True,36,0,20,and_resource_nmcts,4,5,truth_n4_6,1,19.979999999999997,,6,0.020210981369018555,3924
39,16,8,True,43,1,25,and_pareto_resource_nmcts,4,6,truth_n4_4,1,20.455,,5,0.23761415481567383,4668
31,16,8,True,36,0,20,and_pareto_resource_nmcts,4,5,truth_n4_6,1,19.979999999999997,,6,0.1803281307220459,3924
41,20,8,True,43,1,21,and_affine_nmcts,4,6,truth_n4_7,2,26.495,,5,0.05520796775817871,23B8
41,20,8,True,43,1,21,and_resource_nmcts,4,6,truth_n4_7,2,26.495,,5,0.061673879623413086,23B8
42,20,12,True,46,1,24,and_pareto_resource_nmcts,4,6,truth_n4_2,2,26.61,,6,0.4591069221496582,667
40,16,11,True,45,1,25,and_affine_nmcts,4,6,truth_n4_8,1,20.525000000000002,,7,0.03068089485168457,BC89
40,16,11,True,45,1,25,and_resource_nmcts,4,6,truth_n4_8,1,20.525000000000002,,7,0.032849788665771484,BC89
36,16,8,True,38,1,20,and_pareto_resource_nmcts,4,6,truth_n4_5,2,22.21,,6,0.33870601654052734,3EB1
41,20,10,True,45,1,23,and_affine_nmcts,4,6,truth_n4_9,1,24.545,,5,0.029644012451171875,1A3D
41,20,10,True,45,1,23,and_resource_nmcts,4,6,truth_n4_9,1,24.545,,5,0.03169679641723633,1A3D
28,12,7,True,33,1,19,and_affine_nmcts,4,6,truth_n4_10,2,17.805,,5,0.052073001861572266,AD3C
48,24,11,True,55,1,29,and_pareto_resource_nmcts,4,6,truth_n4_3,2,31.035,,7,0.533160924911499,BDD6
28,12,7,True,33,1,19,and_resource_nmcts,4,6,truth_n4_10,2,17.805,,5,0.05321216583251953,AD3C
55,28,7,True,59,2,31,and_pareto_resource_nmcts,6,9,adder_carry_w3,4,39.394999999999996,,13,0.8953368663787842,FEFCF8F0E0C08000
25,12,9,True,29,0,17,and_affine_nmcts,4,5,truth_n4_11,1,15.605,,5,0.0200498104095459,BD9C
25,12,9,True,29,0,17,and_resource_nmcts,4,5,truth_n4_11,1,15.605,,5,0.022429943084716797,BD9C
35,16,11,True,40,1,22,and_affine_nmcts,4,6,truth_n4_12,1,20.22,,6,0.025950908660888672,E465
35,16,11,True,40,1,22,and_resource_nmcts,4,6,truth_n4_12,1,20.22,,6,0.028830766677856445,E465
40,16,11,True,45,1,25,and_pareto_resource_nmcts,4,6,truth_n4_8,1,20.525000000000002,,7,0.2721259593963623,BC89
41,20,10,True,45,1,23,and_pareto_resource_nmcts,4,6,truth_n4_9,1,24.545,,5,0.2664330005645752,1A3D
45,20,9,True,49,1,27,and_affine_nmcts,4,6,truth_n4_13,2,26.805,,5,0.058283090591430664,8B9D
70,32,15,True,70,1,34,and_pareto_resource_nmcts,5,7,majority_n5,2,40.19,,6,1.4926300048828125,FEE8E880
45,20,9,True,49,1,27,and_resource_nmcts,4,6,truth_n4_13,2,26.805,,5,0.061266183853149414,8B9D
41,20,8,True,43,1,21,and_pareto_resource_nmcts,4,6,truth_n4_7,2,26.495,,5,0.4410879611968994,23B8
25,12,9,True,29,0,17,and_pareto_resource_nmcts,4,5,truth_n4_11,1,15.605,,5,0.1915438175201416,BD9C
29,12,7,True,33,0,21,and_affine_nmcts,4,5,truth_n4_15,1,15.865,,5,0.013697624206542969,972A
43,20,10,True,45,1,23,and_affine_nmcts,4,6,truth_n4_14,2,26.625,,7,0.05554509162902832,1641
29,12,7,True,33,0,21,and_resource_nmcts,4,5,truth_n4_15,1,15.865,,5,0.01589202880859375,972A
24,12,8,True,28,0,16,and_affine_nmcts,4,5,truth_n4_16,1,15.540000000000001,,4,0.014644145965576172,6C03
43,20,10,True,45,1,23,and_resource_nmcts,4,6,truth_n4_14,2,26.625,,7,0.05884408950805664,1641
24,12,8,True,28,0,16,and_resource_nmcts,4,5,truth_n4_16,1,15.540000000000001,,4,0.04365992546081543,6C03
28,12,7,True,33,1,19,and_pareto_resource_nmcts,4,6,truth_n4_10,2,17.805,,5,0.3748600482940674,AD3C
32,16,4,True,32,1,14,and_affine_nmcts,4,6,truth_n4_17,2,21.900000000000002,,4,0.055552005767822266,822
35,16,11,True,40,1,22,and_pareto_resource_nmcts,4,6,truth_n4_12,1,20.22,,6,0.2707059383392334,E465
32,16,4,True,32,1,14,and_resource_nmcts,4,6,truth_n4_17,2,21.900000000000002,,4,0.05719923973083496,822
31,12,6,True,35,1,21,and_affine_nmcts,4,6,truth_n4_18,2,17.975,,3,0.0510709285736084,7A0
24,12,8,True,28,0,16,and_pareto_resource_nmcts,4,5,truth_n4_16,1,15.540000000000001,,4,0.15093612670898438,6C03
31,12,6,True,35,1,21,and_resource_nmcts,4,6,truth_n4_18,2,17.975,,3,0.05328488349914551,7A0
25,12,8,True,27,0,15,and_affine_nmcts,4,5,truth_n4_19,1,15.555,,5,0.02109694480895996,17FC
25,12,8,True,27,0,15,and_resource_nmcts,4,5,truth_n4_19,1,15.555,,5,0.02283310890197754,17FC
29,12,7,True,33,0,21,and_pareto_resource_nmcts,4,5,truth_n4_15,1,15.865,,5,0.22854280471801758,972A
31,16,6,True,33,0,17,and_affine_nmcts,4,5,truth_n4_20,1,19.905,,5,0.019418954849243164,37F8
28,16,6,True,32,0,16,and_resource_nmcts,4,5,truth_n4_20,1,19.76,,6,0.021596908569335938,37F8
34,16,6,True,37,1,19,and_affine_nmcts,4,6,truth_n4_21,1,20.105,,5,0.022253751754760742,3B8F
34,16,6,True,37,1,19,and_resource_nmcts,4,6,truth_n4_21,1,20.105,,5,0.023056983947753906,3B8F
44,20,9,True,47,1,25,and_pareto_resource_nmcts,4,6,truth_n4_13,2,26.715,,9,0.43918275833129883,8B9D
38,16,10,True,43,1,25,and_pareto_resource_nmcts,4,6,truth_n4_14,2,22.415,,9,0.4071500301361084,1641
25,12,8,True,27,0,15,and_pareto_resource_nmcts,4,5,truth_n4_19,1,15.555,,5,0.18904805183410645,17FC
28,16,6,True,32,0,16,and_pareto_resource_nmcts,4,5,truth_n4_20,1,19.76,,6,0.18030190467834473,37F8
33,12,9,True,36,1,22,and_affine_nmcts,4,6,truth_n4_22,2,18.08,,6,0.04798412322998047,815E
33,12,9,True,36,1,22,and_resource_nmcts,4,6,truth_n4_22,2,18.08,,6,0.05022597312927246,815E
27,12,7,True,30,0,18,and_affine_nmcts,4,5,truth_n4_23,1,15.709999999999999,,4,0.010329961776733398,9A1D
27,12,7,True,30,0,18,and_resource_nmcts,4,5,truth_n4_23,1,15.709999999999999,,4,0.01143503189086914,9A1D
34,16,6,True,37,1,19,and_pareto_resource_nmcts,4,6,truth_n4_21,1,20.105,,5,0.19469809532165527,3B8F
32,16,4,True,32,1,14,and_pareto_resource_nmcts,4,6,truth_n4_17,2,21.900000000000002,,4,0.3712460994720459,822
35,16,12,True,43,1,25,and_affine_nmcts,4,6,truth_n4_24,2,22.294999999999998,,5,0.060858964920043945,6CB
35,16,12,True,43,1,25,and_resource_nmcts,4,6,truth_n4_24,2,22.294999999999998,,5,0.06407022476196289,6CB
32,16,7,True,37,1,19,and_affine_nmcts,4,6,truth_n4_25,1,20.025000000000002,,5,0.02251887321472168,8FAD
27,16,7,True,32,0,16,and_resource_nmcts,4,5,truth_n4_25,1,19.72,,7,0.025661230087280273,8FAD
27,12,7,True,30,0,18,and_pareto_resource_nmcts,4,5,truth_n4_23,1,15.709999999999999,,4,0.1032719612121582,9A1D
31,12,6,True,35,1,21,and_pareto_resource_nmcts,4,6,truth_n4_18,2,17.975,,3,0.36671996116638184,7A0
24,12,9,True,31,0,19,and_affine_nmcts,4,5,truth_n4_27,1,15.615,,5,0.012345075607299805,B74D
40,16,8,True,46,1,28,and_affine_nmcts,4,6,truth_n4_26,2,22.570000000000004,,6,0.05535006523132324,32E7
24,12,9,True,31,0,19,and_resource_nmcts,4,5,truth_n4_27,1,15.615,,5,0.013186216354370117,B74D
40,16,8,True,46,1,28,and_resource_nmcts,4,6,truth_n4_26,2,22.570000000000004,,6,0.05779600143432617,32E7
41,20,9,True,43,1,21,and_affine_nmcts,4,6,truth_n4_28,2,26.495,,5,0.058750152587890625,A65E
33,16,9,True,37,1,19,and_resource_nmcts,4,6,truth_n4_28,2,22.065,,5,0.0602109432220459,A65E
35,16,7,True,35,1,17,and_affine_nmcts,4,6,truth_n4_29,1,20.095,,5,0.02174520492553711,B38A
35,16,7,True,35,1,17,and_resource_nmcts,4,6,truth_n4_29,1,20.095,,5,0.022531747817993164,B38A
27,16,7,True,32,0,16,and_pareto_resource_nmcts,4,5,truth_n4_25,1,19.72,,7,0.19046711921691895,8FAD
24,12,9,True,31,0,19,and_pareto_resource_nmcts,4,5,truth_n4_27,1,15.615,,5,0.12381911277770996,B74D
24,12,9,True,28,0,16,and_affine_nmcts,4,5,truth_n4_30,1,15.540000000000001,,4,0.010721921920776367,8B81
24,12,9,True,28,0,16,and_resource_nmcts,4,5,truth_n4_30,1,15.540000000000001,,4,0.01191401481628418,8B81
33,12,9,True,36,1,22,and_pareto_resource_nmcts,4,6,truth_n4_22,2,18.08,,6,0.36873722076416016,815E
40,16,10,True,41,1,23,and_affine_nmcts,4,6,truth_n4_31,2,22.445,,7,0.06131482124328613,6B65
24,12,9,True,28,0,16,and_pareto_resource_nmcts,4,5,truth_n4_30,1,15.540000000000001,,4,0.10423588752746582,8B81
40,16,10,True,41,1,23,and_resource_nmcts,4,6,truth_n4_31,2,22.445,,7,0.06394481658935547,6B65
32,16,8,True,38,0,22,and_affine_nmcts,4,5,truth_n4_32,1,20.07,,6,0.019557952880859375,386E
32,16,8,True,38,0,22,and_resource_nmcts,4,5,truth_n4_32,1,20.07,,6,0.021747112274169922,386E
22,12,6,True,27,0,15,and_affine_nmcts,4,5,truth_n4_33,1,15.435,,3,0.019204139709472656,72FF
35,16,7,True,35,1,17,and_pareto_resource_nmcts,4,6,truth_n4_29,1,20.095,,5,0.18890595436096191,B38A
22,12,6,True,27,0,15,and_resource_nmcts,4,5,truth_n4_33,1,15.435,,3,0.020357131958007812,72FF
35,16,12,True,43,1,25,and_pareto_resource_nmcts,4,6,truth_n4_24,2,22.294999999999998,,5,0.4507431983947754,6CB
28,12,5,True,33,1,19,and_affine_nmcts,4,6,truth_n4_34,2,17.805,,5,0.05164504051208496,96DA
40,16,8,True,46,1,28,and_pareto_resource_nmcts,4,6,truth_n4_26,2,22.570000000000004,,6,0.41219115257263184,32E7
78,40,15,True,89,1,43,and_pareto_resource_nmcts,5,7,threshold2_n5,2,48.885,,6,2.476871967315674,FFFEFEE8
28,12,5,True,33,1,19,and_resource_nmcts,4,6,truth_n4_34,2,17.805,,5,0.05312991142272949,96DA
39,20,6,True,42,1,20,and_affine_nmcts,4,6,truth_n4_35,2,26.389999999999997,,6,0.04967236518859863,4737
32,16,8,True,38,0,22,and_pareto_resource_nmcts,4,5,truth_n4_32,1,20.07,,6,0.18335270881652832,386E
26,12,9,True,29,0,17,and_affine_nmcts,4,5,truth_n4_36,1,15.645,,7,0.019308805465698242,CF36
39,20,6,True,42,1,20,and_resource_nmcts,4,6,truth_n4_35,2,26.389999999999997,,6,0.05065178871154785,4737
26,12,9,True,29,0,17,and_resource_nmcts,4,5,truth_n4_36,1,15.645,,7,0.01916813850402832,CF36
33,16,9,True,37,1,19,and_pareto_resource_nmcts,4,6,truth_n4_28,2,22.065,,5,0.41797590255737305,A65E
22,12,6,True,27,0,15,and_pareto_resource_nmcts,4,5,truth_n4_33,1,15.435,,3,0.17681217193603516,72FF
33,16,9,True,42,1,24,and_affine_nmcts,4,6,truth_n4_37,2,22.189999999999998,,4,0.05717825889587402,DE8A
33,16,9,True,42,1,24,and_resource_nmcts,4,6,truth_n4_37,2,22.189999999999998,,4,0.058686017990112305,DE8A
32,16,8,True,36,1,18,and_affine_nmcts,4,6,truth_n4_38,2,22.0,,4,0.0525660514831543,1A9
36,16,11,True,39,1,21,and_affine_nmcts,4,6,truth_n4_39,2,22.235000000000003,,7,0.052356719970703125,C241
32,16,8,True,36,1,18,and_resource_nmcts,4,6,truth_n4_38,2,22.0,,4,0.08272814750671387,1A9
26,12,9,True,29,0,17,and_pareto_resource_nmcts,4,5,truth_n4_36,1,15.645,,7,0.17035913467407227,CF36
33,16,10,True,39,1,21,and_pareto_resource_nmcts,4,6,truth_n4_31,2,22.115000000000002,,5,0.4290280342102051,6B65
36,16,11,True,39,1,21,and_resource_nmcts,4,6,truth_n4_39,2,22.235000000000003,,7,0.05438685417175293,C241
39,16,7,True,46,1,26,and_affine_nmcts,4,6,truth_n4_40,1,20.51,,6,0.028920650482177734,CE4A
39,16,7,True,46,1,26,and_resource_nmcts,4,6,truth_n4_40,1,20.51,,6,0.031671762466430664,CE4A
34,16,6,True,35,1,17,and_affine_nmcts,4,6,truth_n4_41,2,22.055,,5,0.046463966369628906,28DF
34,16,6,True,35,1,17,and_resource_nmcts,4,6,truth_n4_41,2,22.055,,5,0.049715280532836914,28DF
27,12,5,True,29,1,15,and_pareto_resource_nmcts,4,6,truth_n4_34,2,17.665,,5,0.3743019104003906,96DA
46,20,11,True,55,1,33,and_affine_nmcts,4,6,truth_n4_42,2,26.994999999999997,,7,0.05415987968444824,B2B9
39,20,6,True,42,1,20,and_pareto_resource_nmcts,4,6,truth_n4_35,2,26.389999999999997,,6,0.3627159595489502,4737
31,16,6,True,40,0,24,and_affine_nmcts,4,5,truth_n4_43,1,20.08,,6,0.01630401611328125,6C30
46,20,11,True,55,1,33,and_resource_nmcts,4,6,truth_n4_42,2,26.994999999999997,,7,0.05857205390930176,B2B9
31,16,6,True,40,0,24,and_resource_nmcts,4,5,truth_n4_43,1,20.08,,6,0.016856670379638672,6C30
27,12,10,True,31,0,19,and_affine_nmcts,4,5,truth_n4_44,1,15.735,,3,0.013566970825195312,571A
27,12,10,True,31,0,19,and_resource_nmcts,4,5,truth_n4_44,1,15.735,,3,0.018498897552490234,571A
33,16,9,True,42,1,24,and_pareto_resource_nmcts,4,6,truth_n4_37,2,22.189999999999998,,4,0.40300798416137695,DE8A
32,16,8,True,36,1,18,and_pareto_resource_nmcts,4,6,truth_n4_38,2,22.0,,4,0.36704301834106445,1A9
27,12,6,True,27,0,15,and_affine_nmcts,4,5,truth_n4_45,1,15.635,,3,0.010645866394042969,4722
27,12,6,True,27,0,15,and_resource_nmcts,4,5,truth_n4_45,1,15.635,,3,0.011596202850341797,4722
39,16,7,True,46,1,26,and_pareto_resource_nmcts,4,6,truth_n4_40,1,20.51,,6,0.2591211795806885,CE4A
40,20,10,True,45,1,23,and_affine_nmcts,4,6,truth_n4_46,2,26.505000000000003,,7,0.0481109619140625,27CD
40,20,10,True,45,1,23,and_resource_nmcts,4,6,truth_n4_46,2,26.505000000000003,,7,0.051162004470825195,27CD
31,16,6,True,40,0,24,and_pareto_resource_nmcts,4,5,truth_n4_43,1,20.08,,6,0.16188693046569824,6C30
36,16,11,True,39,1,21,and_pareto_resource_nmcts,4,6,truth_n4_39,2,22.235000000000003,,7,0.39340901374816895,C241
27,12,6,True,27,0,15,and_pareto_resource_nmcts,4,5,truth_n4_45,1,15.635,,3,0.10491228103637695,4722
40,16,10,True,44,1,26,and_affine_nmcts,4,6,truth_n4_47,2,22.520000000000003,,6,0.05436897277832031,371E
40,16,10,True,44,1,26,and_resource_nmcts,4,6,truth_n4_47,2,22.520000000000003,,6,0.05809283256530762,371E
34,16,6,True,35,1,17,and_pareto_resource_nmcts,4,6,truth_n4_41,2,22.055,,5,0.33647727966308594,28DF
19,8,7,True,22,0,14,and_affine_nmcts,4,5,truth_n4_49,1,11.23,,6,0.0192108154296875,C374
26,12,13,True,35,1,21,and_affine_nmcts,4,6,truth_n4_48,2,17.775,,5,0.05355429649353027,F50B
26,12,13,True,35,1,21,and_resource_nmcts,4,6,truth_n4_48,2,17.775,,5,0.06106972694396973,F50B
27,12,10,True,31,0,19,and_pareto_resource_nmcts,4,5,truth_n4_44,1,15.735,,3,0.2169959545135498,571A
19,8,7,True,22,0,14,and_resource_nmcts,4,5,truth_n4_49,1,11.23,,6,0.020354032516479492,C374
24,12,10,True,31,0,19,and_affine_nmcts,4,5,truth_n4_50,1,15.615,,5,0.022350072860717773,562B
24,12,10,True,31,0,19,and_resource_nmcts,4,5,truth_n4_50,1,15.615,,5,0.0278167724609375,562B
23,12,4,True,25,0,13,and_affine_nmcts,4,5,truth_n4_51,1,15.425,,3,0.019274234771728516,1A2A
23,12,4,True,25,0,13,and_resource_nmcts,4,5,truth_n4_51,1,15.425,,3,0.021728992462158203,1A2A
30,16,10,True,35,0,19,and_affine_nmcts,4,5,truth_n4_52,1,19.915,,5,0.011518001556396484,17BE
30,16,10,True,35,0,19,and_resource_nmcts,4,5,truth_n4_52,1,19.915,,5,0.01260232925415039,17BE
46,20,11,True,55,1,33,and_pareto_resource_nmcts,4,6,truth_n4_42,2,26.994999999999997,,7,0.4100220203399658,B2B9
45,20,10,True,51,1,29,and_affine_nmcts,4,6,truth_n4_53,2,26.855,,5,0.05227804183959961,6142
19,8,7,True,22,0,14,and_pareto_resource_nmcts,4,5,truth_n4_49,1,11.23,,6,0.17672491073608398,C374
30,16,10,True,35,0,19,and_pareto_resource_nmcts,4,5,truth_n4_52,1,19.915,,5,0.1248011589050293,17BE
24,12,10,True,31,0,19,and_pareto_resource_nmcts,4,5,truth_n4_50,1,15.615,,5,0.20197606086730957,562B
23,12,4,True,25,0,13,and_pareto_resource_nmcts,4,5,truth_n4_51,1,15.425,,3,0.17032313346862793,1A2A
45,20,10,True,51,1,29,and_resource_nmcts,4,6,truth_n4_53,2,26.855,,5,0.05370378494262695,6142
29,12,8,True,31,0,19,and_affine_nmcts,4,5,truth_n4_55,1,15.815,,5,0.013247966766357422,5BE6
29,12,8,True,31,0,19,and_resource_nmcts,4,5,truth_n4_55,1,15.815,,5,0.01563096046447754,5BE6
36,16,10,True,41,1,23,and_pareto_resource_nmcts,4,6,truth_n4_46,2,22.285,,7,0.36281895637512207,27CD
24,12,7,True,28,0,16,and_affine_nmcts,4,5,truth_n4_56,1,15.540000000000001,,4,0.011333227157592773,D8F5
47,24,8,True,47,1,21,and_affine_nmcts,4,6,truth_n4_54,2,30.794999999999998,,5,0.055220842361450195,18C2
47,24,8,True,47,1,21,and_resource_nmcts,4,6,truth_n4_54,2,30.794999999999998,,5,0.055497169494628906,18C2
24,12,7,True,28,0,16,and_resource_nmcts,4,5,truth_n4_56,1,15.540000000000001,,4,0.012134790420532227,D8F5
24,12,8,True,26,0,14,and_affine_nmcts,4,5,truth_n4_57,1,15.490000000000002,,4,0.011045217514038086,580D
24,12,8,True,26,0,14,and_resource_nmcts,4,5,truth_n4_57,1,15.490000000000002,,4,0.012297868728637695,580D
40,16,9,True,45,1,25,and_affine_nmcts,4,6,truth_n4_58,1,20.525000000000002,,7,0.026201725006103516,9A8D
40,16,10,True,44,1,26,and_pareto_resource_nmcts,4,6,truth_n4_47,2,22.520000000000003,,6,0.40418291091918945,371E
40,16,9,True,45,1,25,and_resource_nmcts,4,6,truth_n4_58,1,20.525000000000002,,7,0.02775287628173828,9A8D
26,12,13,True,35,1,21,and_pareto_resource_nmcts,4,6,truth_n4_48,2,17.775,,5,0.4071948528289795,F50B
24,12,7,True,28,0,16,and_pareto_resource_nmcts,4,5,truth_n4_56,1,15.540000000000001,,4,0.11098599433898926,D8F5
22,12,8,True,26,0,14,and_pareto_resource_nmcts,4,5,truth_n4_57,1,15.410000000000002,,4,0.1036689281463623,580D
39,20,8,True,44,1,22,and_affine_nmcts,4,6,truth_n4_59,2,26.439999999999998,,6,0.05675220489501953,43B7
34,16,9,True,39,1,21,and_affine_nmcts,4,6,truth_n4_60,2,22.155,,5,0.043344736099243164,CE9F
39,20,8,True,44,1,22,and_resource_nmcts,4,6,truth_n4_59,2,26.439999999999998,,6,0.05991029739379883,43B7
34,16,9,True,39,1,21,and_resource_nmcts,4,6,truth_n4_60,2,22.155,,5,0.04674100875854492,CE9F
32,12,8,True,33,1,19,and_affine_nmcts,4,6,truth_n4_61,1,15.964999999999998,,5,0.026548147201538086,B1F
29,12,8,True,31,0,19,and_pareto_resource_nmcts,4,5,truth_n4_55,1,15.815,,5,0.2137768268585205,5BE6
32,12,8,True,33,1,19,and_resource_nmcts,4,6,truth_n4_61,1,15.964999999999998,,5,0.028734922409057617,B1F
32,16,7,True,35,1,17,and_affine_nmcts,4,6,truth_n4_62,2,21.975,,5,0.04777717590332031,BACF
32,16,7,True,35,1,17,and_resource_nmcts,4,6,truth_n4_62,2,21.975,,5,0.050112009048461914,BACF
171,92,15,True,171,2,71,and_pareto_resource_nmcts,6,9,majority_n6,3,108.115,,15,3.5995051860809326,FEE8E880E8808000
45,20,10,True,51,1,29,and_pareto_resource_nmcts,4,6,truth_n4_53,2,26.855,,5,0.4037001132965088,6142
39,16,8,True,46,1,28,and_affine_nmcts,4,6,truth_n4_63,2,22.53,,6,0.05114412307739258,759C
40,16,9,True,45,1,25,and_pareto_resource_nmcts,4,6,truth_n4_58,1,20.525000000000002,,7,0.24457502365112305,9A8D
39,16,8,True,46,1,28,and_resource_nmcts,4,6,truth_n4_63,2,22.53,,6,0.05359172821044922,759C
43,20,8,True,45,1,23,and_pareto_resource_nmcts,4,6,truth_n4_54,2,26.625,,7,0.41890931129455566,18C2
32,12,8,True,33,1,19,and_pareto_resource_nmcts,4,6,truth_n4_61,1,15.964999999999998,,5,0.25737905502319336,B1F
34,16,9,True,39,1,21,and_pareto_resource_nmcts,4,6,truth_n4_60,2,22.155,,5,0.33769893646240234,CE9F
87,40,15,True,90,1,46,and_affine_nmcts,5,7,truth_n5_0,2,49.29,,12,0.19949793815612793,89463E85
87,40,15,True,90,1,46,and_resource_nmcts,5,7,truth_n5_0,2,49.29,,12,0.20167803764343262,89463E85
39,20,8,True,44,1,22,and_pareto_resource_nmcts,4,6,truth_n4_59,2,26.439999999999998,,6,0.4139268398284912,43B7
32,16,7,True,35,1,17,and_pareto_resource_nmcts,4,6,truth_n4_62,2,21.975,,5,0.363757848739624,BACF
93,40,12,True,93,1,45,and_affine_nmcts,5,7,truth_n5_1,2,49.565000000000005,,10,0.2680549621582031,1FF49B78
39,16,8,True,46,1,28,and_pareto_resource_nmcts,4,6,truth_n4_63,2,22.53,,6,0.3957397937774658,759C
93,40,12,True,93,1,45,and_resource_nmcts,5,7,truth_n5_1,2,49.565000000000005,,10,0.28259706497192383,1FF49B78
121,60,17,True,128,1,62,and_affine_nmcts,5,7,truth_n5_2,2,71.38000000000001,,13,0.32358288764953613,F91E1D4C
121,60,17,True,128,1,62,and_resource_nmcts,5,7,truth_n5_2,2,71.38000000000001,,13,0.35053181648254395,F91E1D4C
110,52,19,True,111,1,51,and_affine_nmcts,5,7,truth_n5_3,2,62.574999999999996,,16,0.30184197425842285,EC1B8CA1
110,52,19,True,111,1,51,and_resource_nmcts,5,7,truth_n5_3,2,62.574999999999996,,16,0.3066890239715576,EC1B8CA1
106,52,18,True,110,1,52,and_affine_nmcts,5,7,truth_n5_4,2,62.410000000000004,,14,0.36202478408813477,60E7A113
95,44,14,True,95,1,45,and_affine_nmcts,5,7,truth_n5_5,2,53.675,,10,0.2599010467529297,142C3FE8
106,52,18,True,110,1,52,and_resource_nmcts,5,7,truth_n5_4,2,62.410000000000004,,14,0.3894181251525879,60E7A113
95,44,14,True,95,1,45,and_resource_nmcts,5,7,truth_n5_5,2,53.675,,10,0.3018810749053955,142C3FE8
85,36,21,True,96,1,52,and_affine_nmcts,5,7,truth_n5_6,2,45.36,,9,0.2690858840942383,8D5288F1
85,36,21,True,96,1,52,and_resource_nmcts,5,7,truth_n5_6,2,45.36,,9,0.25069713592529297,8D5288F1
171,92,35,True,184,2,84,and_pareto_resource_nmcts,6,9,threshold3_n6,3,108.44000000000001,,16,4.68361496925354,FFFEFEE8FEE8E880
100,48,14,True,109,1,53,and_affine_nmcts,5,7,truth_n5_7,2,58.165,,12,0.2466259002685547,4B0DBB41
72,44,14,True,84,0,40,and_resource_nmcts,5,6,truth_n5_7,3,54.54,,14,0.2544901371002197,4B0DBB41
82,40,15,True,88,1,42,and_pareto_resource_nmcts,5,7,truth_n5_0,2,49.02,,11,1.510594129562378,89463E85
101,48,21,True,111,1,55,and_affine_nmcts,5,7,truth_n5_8,2,58.254999999999995,,12,0.3673269748687744,D453DD32
101,48,21,True,111,1,55,and_resource_nmcts,5,7,truth_n5_8,2,58.254999999999995,,12,0.3854820728302002,D453DD32
67,32,15,True,78,1,44,and_affine_nmcts,5,7,truth_n5_9,2,40.29,,8,0.20111608505249023,A0EE89AE
67,32,15,True,78,1,44,and_resource_nmcts,5,7,truth_n5_9,2,40.29,,8,0.2562680244445801,A0EE89AE
78,40,15,True,85,1,41,and_affine_nmcts,5,7,truth_n5_10,2,48.80499999999999,,11,0.19635605812072754,9E574F7A
93,40,12,True,93,1,45,and_pareto_resource_nmcts,5,7,truth_n5_1,2,49.565000000000005,,10,2.213408946990967,1FF49B78
78,40,15,True,85,1,41,and_resource_nmcts,5,7,truth_n5_10,2,48.80499999999999,,11,0.20567607879638672,9E574F7A
87,44,15,True,91,1,43,and_affine_nmcts,5,7,truth_n5_11,2,53.275,,11,0.22573018074035645,E2ACF72F
85,44,19,True,87,1,41,and_pareto_resource_nmcts,5,7,truth_n5_3,3,55.114999999999995,,12,2.3976829051971436,EC1B8CA1
85,36,21,True,96,1,52,and_pareto_resource_nmcts,5,7,truth_n5_6,2,45.36,,9,1.9268198013305664,8D5288F1
87,44,15,True,91,1,43,and_resource_nmcts,5,7,truth_n5_11,2,53.275,,11,0.2322230339050293,E2ACF72F
106,48,17,True,112,2,58,and_pareto_resource_nmcts,5,8,truth_n5_2,3,60.5,,20,2.736814022064209,F91E1D4C
89,40,14,True,97,2,51,and_pareto_resource_nmcts,5,8,truth_n5_5,3,51.525,,16,2.1773200035095215,142C3FE8
73,32,12,True,75,1,39,and_affine_nmcts,5,7,truth_n5_13,2,40.435,,9,0.14065003395080566,5C941CF0
80,40,14,True,83,1,37,and_pareto_resource_nmcts,5,7,truth_n5_7,2,48.815,,10,1.888066053390503,4B0DBB41
88,44,19,True,95,1,45,and_affine_nmcts,5,7,truth_n5_12,2,53.395,,10,0.2750129699707031,DC98D2C1
88,44,19,True,95,1,45,and_resource_nmcts,5,7,truth_n5_12,2,53.395,,10,0.2868211269378662,DC98D2C1
97,48,18,True,103,1,51,and_pareto_resource_nmcts,5,7,truth_n5_4,2,57.935,,14,2.706264019012451,60E7A113
73,32,12,True,75,1,39,and_resource_nmcts,5,7,truth_n5_13,2,40.435,,9,0.18783807754516602,5C941CF0
99,48,13,True,106,1,54,and_affine_nmcts,5,7,truth_n5_14,2,58.089999999999996,,12,0.3267390727996826,93CD59BF
99,48,13,True,106,1,54,and_resource_nmcts,5,7,truth_n5_14,2,58.089999999999996,,12,0.3402280807495117,93CD59BF
70,32,12,True,74,1,38,and_affine_nmcts,5,7,truth_n5_15,2,40.29,,7,0.27009105682373047,3139D32C
67,32,15,True,78,1,44,and_pareto_resource_nmcts,5,7,truth_n5_9,2,40.29,,8,1.6738080978393555,A0EE89AE
70,32,12,True,74,1,38,and_resource_nmcts,5,7,truth_n5_15,2,40.29,,7,0.2747340202331543,3139D32C
83,36,17,True,89,2,47,and_affine_nmcts,5,8,truth_n5_16,3,47.125,,9,0.2722947597503662,B45ED1F0
83,36,17,True,89,2,47,and_resource_nmcts,5,8,truth_n5_16,3,47.125,,9,0.2923860549926758,B45ED1F0
70,36,15,True,77,1,39,and_pareto_resource_nmcts,5,7,truth_n5_10,2,44.345,,11,1.5321781635284424,9E574F7A
90,40,12,True,94,1,48,and_affine_nmcts,5,7,truth_n5_17,2,49.489999999999995,,11,0.2603142261505127,11CE5DD2
81,40,12,True,86,1,40,and_resource_nmcts,5,7,truth_n5_17,2,48.93,,11,0.26989006996154785,11CE5DD2
71,36,10,True,72,1,32,and_affine_nmcts,5,7,truth_n5_18,2,44.24,,10,0.16464591026306152,BBB2599
71,36,10,True,72,1,32,and_resource_nmcts,5,7,truth_n5_18,2,44.24,,10,0.18063688278198242,BBB2599
92,44,21,True,103,2,55,and_pareto_resource_nmcts,5,8,truth_n5_8,3,55.775,,18,2.9828991889953613,D453DD32
80,36,15,True,84,1,44,and_affine_nmcts,5,7,truth_n5_19,2,44.9,,10,0.18392515182495117,A9488D99
73,32,12,True,75,1,39,and_pareto_resource_nmcts,5,7,truth_n5_13,2,40.435,,9,1.5373280048370361,5C941CF0
87,44,15,True,91,1,43,and_pareto_resource_nmcts,5,7,truth_n5_11,2,53.275,,11,1.8598148822784424,E2ACF72F
80,36,15,True,84,1,44,and_resource_nmcts,5,7,truth_n5_19,2,44.9,,10,0.18690800666809082,A9488D99
87,44,18,True,90,1,42,and_affine_nmcts,5,7,truth_n5_20,2,53.25,,12,0.30365729331970215,3A578A8E
87,44,18,True,90,1,42,and_resource_nmcts,5,7,truth_n5_20,2,53.25,,12,0.32574009895324707,3A578A8E
88,44,19,True,95,1,45,and_pareto_resource_nmcts,5,7,truth_n5_12,2,53.395,,10,2.1388959884643555,DC98D2C1
60,28,13,True,68,1,36,and_affine_nmcts,5,7,truth_n5_21,2,35.78,,8,0.14290928840637207,C5E7CE8A
60,28,13,True,68,1,36,and_resource_nmcts,5,7,truth_n5_21,2,35.78,,8,0.15056586265563965,C5E7CE8A
101,44,18,True,105,1,53,and_affine_nmcts,5,7,truth_n5_22,2,54.145,,12,0.28524279594421387,4A15544D
101,44,18,True,105,1,53,and_resource_nmcts,5,7,truth_n5_22,2,54.145,,12,0.2876758575439453,4A15544D
70,32,12,True,74,1,38,and_pareto_resource_nmcts,5,7,truth_n5_15,2,40.29,,7,1.9680287837982178,3139D32C
71,32,10,True,75,1,39,and_pareto_resource_nmcts,5,7,truth_n5_18,2,40.355000000000004,,12,1.362334966659546,BBB2599
102,52,15,True,104,1,46,and_affine_nmcts,5,7,truth_n5_23,2,62.1,,13,0.26287102699279785,FC377A4C
68,36,12,True,73,1,37,and_pareto_resource_nmcts,5,7,truth_n5_17,3,46.184999999999995,,11,1.8418018817901611,11CE5DD2
102,52,15,True,104,1,46,and_resource_nmcts,5,7,truth_n5_23,2,62.1,,13,0.2731621265411377,FC377A4C
99,48,13,True,102,1,46,and_pareto_resource_nmcts,5,7,truth_n5_14,2,57.95,,13,2.5492961406707764,93CD59BF
88,40,18,True,94,1,48,and_affine_nmcts,5,7,truth_n5_24,2,49.41,,9,0.26216602325439453,146D3F31
66,32,15,True,70,2,36,and_pareto_resource_nmcts,5,8,truth_n5_19,3,42.05,,12,1.4432928562164307,A9488D99
80,32,13,True,85,1,45,and_affine_nmcts,5,7,truth_n5_25,3,42.925000000000004,,11,0.1909949779510498,DAF61A26
83,36,17,True,89,2,47,and_pareto_resource_nmcts,5,8,truth_n5_16,3,47.125,,9,2.2958908081054688,B45ED1F0
88,40,18,True,94,1,48,and_resource_nmcts,5,7,truth_n5_24,2,49.41,,9,0.27202486991882324,146D3F31
80,32,13,True,85,1,45,and_resource_nmcts,5,7,truth_n5_25,3,42.925000000000004,,11,0.2036280632019043,DAF61A26
60,28,13,True,68,1,36,and_pareto_resource_nmcts,5,7,truth_n5_21,2,35.78,,8,1.1543128490447998,C5E7CE8A
107,48,14,True,109,1,53,and_affine_nmcts,5,7,truth_n5_26,2,58.445,,12,0.3170351982116699,3B982EF8
107,48,14,True,109,1,53,and_resource_nmcts,5,7,truth_n5_26,2,58.445,,12,0.3227870464324951,3B982EF8
100,48,21,True,109,1,53,and_affine_nmcts,5,7,truth_n5_27,2,58.165,,12,0.3352646827697754,DDD1DFB2
100,48,21,True,109,1,53,and_resource_nmcts,5,7,truth_n5_27,2,58.165,,12,0.30762600898742676,DDD1DFB2
106,44,14,True,110,1,56,and_affine_nmcts,5,7,truth_n5_28,2,54.45,,13,0.2760639190673828,19DB3AD0
106,44,14,True,110,1,56,and_resource_nmcts,5,7,truth_n5_28,2,54.45,,13,0.29802489280700684,19DB3AD0
90,40,14,True,101,1,55,and_affine_nmcts,5,7,truth_n5_29,2,49.665,,11,0.30956101417541504,614FF3D7
90,40,14,True,101,1,55,and_resource_nmcts,5,7,truth_n5_29,2,49.665,,11,0.2697458267211914,614FF3D7
83,40,18,True,88,1,44,and_pareto_resource_nmcts,5,7,truth_n5_20,2,49.08,,13,2.373274087905884,3A578A8E
76,32,18,True,79,1,41,and_affine_nmcts,5,7,truth_n5_30,2,40.635,,10,0.3199429512023926,47294739
76,32,18,True,79,1,41,and_resource_nmcts,5,7,truth_n5_30,2,40.635,,10,0.381633996963501,47294739
71,32,13,True,78,1,40,and_pareto_resource_nmcts,5,7,truth_n5_25,2,40.410000000000004,,11,1.5246913433074951,DAF61A26
75,36,20,True,83,1,43,and_affine_nmcts,5,7,truth_n5_31,2,44.675,,11,0.18210101127624512,7412B293
84,40,18,True,90,1,46,and_pareto_resource_nmcts,5,7,truth_n5_22,2,49.17,,14,2.2702667713165283,4A15544D
75,36,20,True,83,1,43,and_resource_nmcts,5,7,truth_n5_31,2,44.675,,11,0.19400978088378906,7412B293
94,48,15,True,96,1,44,and_pareto_resource_nmcts,5,7,truth_n5_23,2,57.63999999999999,,13,2.1521880626678467,FC377A4C
88,40,18,True,94,1,48,and_pareto_resource_nmcts,5,7,truth_n5_24,2,49.41,,9,2.0958681106567383,146D3F31
90,40,15,True,95,1,49,and_affine_nmcts,5,7,truth_n5_32,2,49.515,,11,0.23919105529785156,A2BC372F
90,40,15,True,95,1,49,and_resource_nmcts,5,7,truth_n5_32,2,49.515,,11,0.2498493194580078,A2BC372F
95,44,19,True,101,1,49,and_affine_nmcts,5,7,truth_n5_33,2,53.805,,12,0.3045792579650879,D58842DE
95,44,19,True,101,1,49,and_resource_nmcts,5,7,truth_n5_33,2,53.805,,12,0.3215770721435547,D58842DE
98,44,18,True,102,1,52,and_affine_nmcts,5,7,truth_n5_34,2,53.970000000000006,,13,0.2504408359527588,5D65A441
98,44,18,True,102,1,52,and_resource_nmcts,5,7,truth_n5_34,2,53.970000000000006,,13,0.2708261013031006,5D65A441
107,48,14,True,109,1,53,and_pareto_resource_nmcts,5,7,truth_n5_26,2,58.445,,12,2.529803991317749,3B982EF8
89,44,21,True,94,1,46,and_pareto_resource_nmcts,5,7,truth_n5_27,2,53.43,,13,2.371551990509033,DDD1DFB2
93,40,20,True,101,1,53,and_affine_nmcts,5,7,truth_n5_35,2,49.765,,10,0.23527288436889648,29A3B2E9
93,40,20,True,101,1,53,and_resource_nmcts,5,7,truth_n5_35,2,49.765,,10,0.24942898750305176,29A3B2E9
106,44,14,True,110,1,56,and_pareto_resource_nmcts,5,7,truth_n5_28,2,54.45,,13,2.304713249206543,19DB3AD0
90,40,14,True,101,1,55,and_pareto_resource_nmcts,5,7,truth_n5_29,2,49.665,,11,2.0011770725250244,614FF3D7
48,20,10,True,55,1,31,and_affine_nmcts,5,7,truth_n5_37,1,25.055,,9,0.03171205520629883,5AF30553
103,48,10,True,107,1,53,and_affine_nmcts,5,7,truth_n5_36,2,58.254999999999995,,12,0.2719879150390625,5EC42E08
48,20,10,True,55,1,31,and_resource_nmcts,5,7,truth_n5_37,1,25.055,,9,0.035223960876464844,5AF30553
103,48,10,True,107,1,53,and_resource_nmcts,5,7,truth_n5_36,2,58.254999999999995,,12,0.31831884384155273,5EC42E08
75,36,20,True,83,1,43,and_pareto_resource_nmcts,5,7,truth_n5_31,2,44.675,,11,1.5253639221191406,7412B293
94,44,16,True,100,1,50,and_affine_nmcts,5,7,truth_n5_38,2,53.76,,9,0.28552722930908203,35A240AE
44,20,10,True,50,1,28,and_pareto_resource_nmcts,5,7,truth_n5_37,1,24.790000000000003,,8,0.34207725524902344,5AF30553
94,44,16,True,100,1,50,and_resource_nmcts,5,7,truth_n5_38,2,53.76,,9,0.29712986946105957,35A240AE
90,40,19,True,97,1,51,and_affine_nmcts,5,7,truth_n5_39,2,49.565,,12,0.30753207206726074,AB9099A4
67,32,18,True,73,1,37,and_pareto_resource_nmcts,5,7,truth_n5_30,2,40.144999999999996,,10,2.2797508239746094,47294739
90,40,19,True,97,1,51,and_resource_nmcts,5,7,truth_n5_39,2,49.565,,12,0.3890409469604492,AB9099A4
90,40,15,True,95,1,49,and_pareto_resource_nmcts,5,7,truth_n5_32,2,49.515,,11,1.9811689853668213,A2BC372F
76,36,18,True,83,1,41,and_resource_nmcts,5,7,truth_n5_40,2,44.69499999999999,,10,0.2868378162384033,4458A885
76,36,18,True,83,1,41,and_affine_nmcts,5,7,truth_n5_40,2,44.69499999999999,,10,0.3297150135040283,4458A885
72,36,17,True,79,1,39,and_affine_nmcts,5,7,truth_n5_41,2,44.455000000000005,,9,0.23373913764953613,B3AA7EFE
72,36,17,True,79,1,39,and_resource_nmcts,5,7,truth_n5_41,2,44.455000000000005,,9,0.2451179027557373,B3AA7EFE
91,44,23,True,100,1,50,and_affine_nmcts,5,7,truth_n5_42,2,53.64,,12,0.32192397117614746,EFC89849
94,44,18,True,101,1,51,and_pareto_resource_nmcts,5,7,truth_n5_34,2,53.785,,14,2.0159287452697754,5D65A441
90,44,19,True,96,1,48,and_pareto_resource_nmcts,5,7,truth_n5_33,2,53.519999999999996,,13,2.501540184020996,D58842DE
91,44,23,True,100,1,50,and_resource_nmcts,5,7,truth_n5_42,2,53.64,,12,0.3923051357269287,EFC89849
94,44,11,True,94,1,42,and_affine_nmcts,5,7,truth_n5_43,2,53.589999999999996,,11,0.30393505096435547,AEFCFAD8
94,44,11,True,94,1,42,and_resource_nmcts,5,7,truth_n5_43,2,53.589999999999996,,11,0.31243205070495605,AEFCFAD8
93,40,20,True,101,1,53,and_pareto_resource_nmcts,5,7,truth_n5_35,2,49.765,,10,2.1336748600006104,29A3B2E9
91,44,10,True,93,1,41,and_pareto_resource_nmcts,5,7,truth_n5_36,2,53.445,,10,2.1620869636535645,5EC42E08
67,32,21,True,75,1,37,and_resource_nmcts,5,7,truth_n5_44,2,40.175,,8,0.29682374000549316,A5E5A5AB
67,32,21,True,75,1,37,and_affine_nmcts,5,7,truth_n5_44,2,40.175,,8,0.33752012252807617,A5E5A5AB
94,48,18,True,104,1,50,and_affine_nmcts,5,7,truth_n5_45,2,57.82,,9,0.3235199451446533,12476F57
94,48,18,True,104,1,50,and_resource_nmcts,5,7,truth_n5_45,2,57.82,,9,0.34465789794921875,12476F57
94,44,16,True,100,1,50,and_pareto_resource_nmcts,5,7,truth_n5_38,2,53.76,,9,2.3190510272979736,35A240AE
102,48,19,True,104,1,50,and_affine_nmcts,5,7,truth_n5_46,2,58.14,,11,0.3003089427947998,9BF00273
102,48,19,True,104,1,50,and_resource_nmcts,5,7,truth_n5_46,2,58.14,,11,0.3198540210723877,9BF00273
72,36,17,True,79,1,39,and_pareto_resource_nmcts,5,7,truth_n5_41,2,44.455000000000005,,9,1.8510158061981201,B3AA7EFE
61,32,19,True,70,1,38,and_pareto_resource_nmcts,5,7,truth_n5_39,3,41.87,,10,2.375278949737549,AB9099A4
75,36,18,True,79,1,37,and_pareto_resource_nmcts,5,7,truth_n5_40,2,44.555,,10,2.1925711631774902,4458A885
110,52,17,True,113,1,55,and_affine_nmcts,5,7,truth_n5_47,2,62.644999999999996,,14,0.3054358959197998,A28DEFE3
110,52,17,True,113,1,55,and_resource_nmcts,5,7,truth_n5_47,2,62.644999999999996,,14,0.31927990913391113,A28DEFE3
101,48,22,True,112,1,56,and_affine_nmcts,5,7,truth_n5_48,2,58.28,,13,0.36614489555358887,2BCFBE01
101,48,22,True,112,1,56,and_resource_nmcts,5,7,truth_n5_48,2,58.28,,13,0.33922696113586426,2BCFBE01
86,44,17,True,97,1,49,and_affine_nmcts,5,7,truth_n5_49,2,53.385,,11,0.37307310104370117,88BD6407
86,44,17,True,97,1,49,and_resource_nmcts,5,7,truth_n5_49,2,53.385,,11,0.31278204917907715,88BD6407
104,44,19,True,108,1,54,and_affine_nmcts,5,7,truth_n5_50,2,54.31999999999999,,11,0.3426241874694824,BAA80DD4
88,44,23,True,94,1,48,and_pareto_resource_nmcts,5,7,truth_n5_42,2,53.41,,14,2.543375015258789,EFC89849
104,44,19,True,108,1,54,and_resource_nmcts,5,7,truth_n5_50,2,54.31999999999999,,11,0.36601901054382324,BAA80DD4
94,44,11,True,94,1,42,and_pareto_resource_nmcts,5,7,truth_n5_43,2,53.589999999999996,,11,2.30319881439209,AEFCFAD8
63,28,21,True,72,1,36,and_pareto_resource_nmcts,5,7,truth_n5_44,2,35.96,,8,2.0568697452545166,A5E5A5AB
94,44,18,True,95,1,47,and_affine_nmcts,5,7,truth_n5_52,2,53.654999999999994,,13,0.2576789855957031,29D4BEEF
101,48,14,True,102,1,46,and_affine_nmcts,5,7,truth_n5_51,2,58.03,,13,0.346405029296875,3EABEDCB
101,48,14,True,102,1,46,and_resource_nmcts,5,7,truth_n5_51,2,58.03,,13,0.35476088523864746,3EABEDCB
94,44,18,True,95,1,47,and_resource_nmcts,5,7,truth_n5_52,2,53.654999999999994,,13,0.2701072692871094,29D4BEEF
90,44,16,True,90,1,40,and_affine_nmcts,5,7,truth_n5_53,2,53.35,,11,0.251262903213501,7656AF72
90,44,16,True,90,1,40,and_resource_nmcts,5,7,truth_n5_53,2,53.35,,11,0.2673039436340332,7656AF72
94,48,18,True,104,1,50,and_pareto_resource_nmcts,5,7,truth_n5_45,2,57.82,,9,2.607450008392334,12476F57
71,36,12,True,72,1,32,and_affine_nmcts,5,7,truth_n5_54,2,44.24,,8,0.24384808540344238,6123FDF7
71,36,12,True,72,1,32,and_resource_nmcts,5,7,truth_n5_54,2,44.24,,8,0.25452399253845215,6123FDF7
102,48,19,True,104,1,50,and_pareto_resource_nmcts,5,7,truth_n5_46,2,58.14,,11,2.511337995529175,9BF00273
90,44,14,True,98,1,48,and_affine_nmcts,5,7,truth_n5_55,2,53.55,,11,0.27828288078308105,451B4CF3
90,44,14,True,98,1,48,and_resource_nmcts,5,7,truth_n5_55,2,53.55,,11,0.28183794021606445,451B4CF3
95,48,17,True,102,1,50,and_pareto_resource_nmcts,5,7,truth_n5_47,2,57.83,,14,2.5382373332977295,A28DEFE3
102,48,11,True,102,1,44,and_affine_nmcts,5,7,truth_n5_56,2,58.05,,10,0.32134294509887695,FD5166E6
84,40,17,True,92,1,48,and_pareto_resource_nmcts,5,7,truth_n5_49,2,49.22,,13,2.33526611328125,88BD6407
98,48,22,True,107,1,53,and_pareto_resource_nmcts,5,7,truth_n5_48,2,58.055,,14,2.6803271770477295,2BCFBE01
102,48,11,True,102,1,44,and_resource_nmcts,5,7,truth_n5_56,2,58.05,,10,0.3436131477355957,FD5166E6
103,48,17,True,108,1,50,and_affine_nmcts,5,7,truth_n5_57,2,58.239999999999995,,11,0.31331300735473633,ECE66FA2
103,48,17,True,108,1,50,and_resource_nmcts,5,7,truth_n5_57,2,58.239999999999995,,11,0.3253462314605713,ECE66FA2
56,28,9,True,56,1,26,and_affine_nmcts,5,7,truth_n5_58,1,33.34,,8,0.06819939613342285,A3D70628
56,28,9,True,56,1,26,and_resource_nmcts,5,7,truth_n5_58,1,33.34,,8,0.07478022575378418,A3D70628
107,44,17,True,114,1,60,and_affine_nmcts,5,7,truth_n5_59,2,54.59,,15,0.3088960647583008,B02B61C4
94,44,18,True,95,1,47,and_pareto_resource_nmcts,5,7,truth_n5_52,2,53.654999999999994,,13,2.2169039249420166,29D4BEEF
83,40,16,True,88,1,44,and_pareto_resource_nmcts,5,7,truth_n5_53,2,49.08,,13,2.106206178665161,7656AF72
49,24,9,True,52,1,28,and_pareto_resource_nmcts,5,7,truth_n5_58,2,31.020000000000003,,10,0.6241269111633301,A3D70628
104,44,19,True,108,1,54,and_pareto_resource_nmcts,5,7,truth_n5_50,2,54.31999999999999,,11,2.8678860664367676,BAA80DD4
107,44,17,True,114,1,60,and_resource_nmcts,5,7,truth_n5_59,2,54.59,,15,0.3160891532897949,B02B61C4
98,48,14,True,101,1,47,and_pareto_resource_nmcts,5,7,truth_n5_51,2,57.905,,15,2.785134792327881,3EABEDCB
70,32,14,True,74,1,36,and_resource_nmcts,5,7,truth_n5_61,2,40.269999999999996,,10,0.18942594528198242,3838B326
92,44,19,True,93,2,43,and_affine_nmcts,5,8,truth_n5_60,3,55.505,,13,0.31595611572265625,8E944239
70,32,14,True,74,1,36,and_affine_nmcts,5,7,truth_n5_61,2,40.269999999999996,,10,0.24304413795471191,3838B326
71,36,12,True,72,1,32,and_pareto_resource_nmcts,5,7,truth_n5_54,2,44.24,,8,2.0118439197540283,6123FDF7
92,44,19,True,93,2,43,and_resource_nmcts,5,8,truth_n5_60,3,55.505,,13,0.33545708656311035,8E944239
96,44,21,True,103,1,51,and_affine_nmcts,5,7,truth_n5_62,2,53.895,,14,0.28806304931640625,AF42E12F
96,44,21,True,103,1,51,and_resource_nmcts,5,7,truth_n5_62,2,53.895,,14,0.306826114654541,AF42E12F
108,48,14,True,117,1,61,and_affine_nmcts,5,7,truth_n5_63,2,58.685,,14,0.3919558525085449,5304317F
251,124,29,True,252,2,108,and_affine_nmcts,6,9,truth_n6_0,3,144.9,,29,0.061377763748168945,C4B032CCD7C524A5
79,40,14,True,82,1,40,and_pareto_resource_nmcts,5,7,truth_n5_55,3,50.78999999999999,,13,2.2349610328674316,451B4CF3
251,124,29,True,252,2,108,and_resource_nmcts,6,9,truth_n6_0,3,144.9,,29,0.10890913009643555,C4B032CCD7C524A5
108,48,14,True,117,1,61,and_resource_nmcts,5,7,truth_n5_63,2,58.685,,14,0.34372806549072266,5304317F
253,128,36,True,262,1,122,and_affine_nmcts,6,8,truth_n6_1,2,147.27,,29,0.09665203094482422,E51F30DC6A7EE39
253,128,36,True,262,1,122,and_resource_nmcts,6,8,truth_n6_1,2,147.27,,29,0.2057199478149414,E51F30DC6A7EE39
232,116,37,True,244,2,116,and_affine_nmcts,6,9,truth_n6_2,3,136.1,,25,0.19696307182312012,D261A7AB3AA2E4F9
232,116,37,True,244,2,116,and_resource_nmcts,6,9,truth_n6_2,3,136.1,,25,0.21343016624450684,D261A7AB3AA2E4F9
90,44,17,True,94,1,44,and_pareto_resource_nmcts,5,7,truth_n5_57,2,53.449999999999996,,11,2.5280048847198486,ECE66FA2
68,32,14,True,72,1,36,and_pareto_resource_nmcts,5,7,truth_n5_61,2,40.16,,10,1.3601179122924805,3838B326
96,44,11,True,96,2,42,and_pareto_resource_nmcts,5,8,truth_n5_56,3,55.7,,11,2.682004928588867,FD5166E6
258,140,37,True,262,2,110,and_affine_nmcts,6,9,truth_n6_3,3,161.35,,26,0.1643667221069336,CE177B4E0837B8A3
272,136,34,True,280,2,128,and_affine_nmcts,6,9,truth_n6_4,3,158.35999999999999,,28,0.0753169059753418,66B2BC5B50C187FC
258,140,37,True,262,2,110,and_resource_nmcts,6,9,truth_n6_3,3,161.35,,26,0.2538261413574219,CE177B4E0837B8A3
272,136,34,True,280,2,128,and_resource_nmcts,6,9,truth_n6_4,3,158.35999999999999,,28,0.14364004135131836,66B2BC5B50C187FC
246,124,34,True,252,2,114,and_affine_nmcts,6,9,truth_n6_5,3,144.76,,24,0.08053088188171387,10F1BC81448AAA9E
246,124,34,True,252,2,114,and_resource_nmcts,6,9,truth_n6_5,3,144.76,,24,0.14793610572814941,10F1BC81448AAA9E
90,44,17,True,97,1,49,and_pareto_resource_nmcts,5,7,truth_n5_59,2,53.545,,15,2.5277018547058105,B02B61C4
205,96,33,True,216,2,104,and_affine_nmcts,6,9,truth_n6_6,3,114.48,,23,0.09540581703186035,E9C349E03602F8AC
86,44,19,True,90,1,42,and_pareto_resource_nmcts,5,7,truth_n5_60,2,53.21,,12,2.5586841106414795,8E944239
205,96,33,True,216,2,104,and_resource_nmcts,6,9,truth_n6_6,3,114.48,,23,0.24321508407592773,E9C349E03602F8AC
230,108,29,True,237,2,111,and_affine_nmcts,6,9,truth_n6_7,3,127.865,,25,0.05292987823486328,9132B63EF16287E4
90,44,21,True,99,1,49,and_pareto_resource_nmcts,5,7,truth_n5_62,2,53.575,,12,2.4150919914245605,AF42E12F
230,108,29,True,237,2,111,and_resource_nmcts,6,9,truth_n6_7,3,127.865,,25,0.10367417335510254,9132B63EF16287E4
254,124,31,True,254,2,114,and_affine_nmcts,6,9,truth_n6_8,3,145.10999999999999,,27,0.07042980194091797,B7C93ACFE059A0EE
254,124,31,True,254,2,114,and_resource_nmcts,6,9,truth_n6_8,3,145.10999999999999,,27,0.1362149715423584,B7C93ACFE059A0EE
108,48,14,True,117,1,61,and_pareto_resource_nmcts,5,7,truth_n5_63,2,58.685,,14,2.635561943054199,5304317F
242,128,30,True,255,2,119,and_affine_nmcts,6,9,truth_n6_9,3,148.695,,25,0.06321597099304199,366EB16F508EBAD7
242,128,30,True,255,2,119,and_resource_nmcts,6,9,truth_n6_9,3,148.695,,25,0.1287388801574707,366EB16F508EBAD7
204,104,29,True,211,2,95,and_pareto_resource_nmcts,6,9,truth_n6_0,3,122.275,,24,3.660388231277466,C4B032CCD7C524A5
255,128,36,True,267,2,123,and_affine_nmcts,6,9,truth_n6_10,3,149.43499999999997,,23,0.09994173049926758,7FCD9EB1A7CAD415
255,128,36,True,267,2,123,and_resource_nmcts,6,9,truth_n6_10,3,149.43499999999997,,23,0.19166302680969238,7FCD9EB1A7CAD415
212,108,37,True,216,2,96,and_pareto_resource_nmcts,6,9,truth_n6_3,3,126.67999999999999,,26,4.123842000961304,CE177B4E0837B8A3
229,120,36,True,236,2,104,and_pareto_resource_nmcts,6,9,truth_n6_1,4,141.73999999999998,,30,4.880697727203369,E51F30DC6A7EE39
295,148,37,True,307,2,141,and_affine_nmcts,6,9,truth_n6_11,3,171.815,,28,0.11952614784240723,E27A984D654821D0
231,112,34,True,242,2,110,and_pareto_resource_nmcts,6,9,truth_n6_4,3,131.96999999999997,,29,4.170933961868286,66B2BC5B50C187FC
295,148,37,True,307,2,141,and_resource_nmcts,6,9,truth_n6_11,3,171.815,,28,0.2214977741241455,E27A984D654821D0
238,120,29,True,239,1,103,and_affine_nmcts,6,8,truth_n6_12,2,138.13500000000002,,29,0.05894875526428223,A491F0B2EA1FCA65
238,120,29,True,239,1,103,and_resource_nmcts,6,8,truth_n6_12,2,138.13500000000002,,29,0.11769509315490723,A491F0B2EA1FCA65
292,144,38,True,297,2,135,and_affine_nmcts,6,9,truth_n6_13,3,167.485,,32,0.08399701118469238,24933B83757750A9
213,112,37,True,220,2,98,and_pareto_resource_nmcts,6,9,truth_n6_2,4,132.8,,26,4.797270059585571,D261A7AB3AA2E4F9
202,100,29,True,210,2,94,and_pareto_resource_nmcts,6,9,truth_n6_7,3,118.17,,21,3.702563762664795,9132B63EF16287E4
292,144,38,True,297,2,135,and_resource_nmcts,6,9,truth_n6_13,3,167.485,,32,0.15951991081237793,24933B83757750A9
223,120,34,True,229,2,99,and_affine_nmcts,6,9,truth_n6_14,3,139.345,,23,0.07334589958190918,23BED01D43CF2FDE
219,120,34,True,224,1,96,and_resource_nmcts,6,8,truth_n6_14,3,139.08,,24,0.1436140537261963,23BED01D43CF2FDE
249,128,29,True,249,2,109,and_affine_nmcts,6,9,truth_n6_15,3,148.78500000000003,,24,0.05394721031188965,BEB799193F22FAF8
213,108,34,True,223,2,101,and_pareto_resource_nmcts,6,9,truth_n6_5,3,126.875,,25,4.467475891113281,10F1BC81448AAA9E
249,128,29,True,249,2,109,and_resource_nmcts,6,9,truth_n6_15,3,148.78500000000003,,24,0.11126399040222168,BEB799193F22FAF8
261,128,35,True,273,2,127,and_affine_nmcts,6,9,truth_n6_16,3,149.805,,25,0.06565618515014648,89FA6A688FB5D27B
261,128,35,True,273,2,127,and_resource_nmcts,6,9,truth_n6_16,3,149.805,,25,0.12929105758666992,89FA6A688FB5D27B
219,116,31,True,224,2,98,and_pareto_resource_nmcts,6,9,truth_n6_8,3,135.1,,29,4.029297828674316,B7C93ACFE059A0EE
224,116,31,True,227,2,97,and_affine_nmcts,6,9,truth_n6_17,3,135.335,,24,0.060262203216552734,BF3C4C06434308BC
205,96,33,True,216,2,104,and_pareto_resource_nmcts,6,9,truth_n6_6,3,114.48,,23,4.5848069190979,E9C349E03602F8AC
217,112,31,True,221,2,95,and_resource_nmcts,6,9,truth_n6_17,3,130.945,,23,0.11359906196594238,BF3C4C06434308BC
257,128,34,True,268,2,124,and_affine_nmcts,6,9,truth_n6_18,3,149.54000000000002,,26,0.12970685958862305,6DADD6C795A76D79
228,120,34,True,235,2,103,and_resource_nmcts,6,9,truth_n6_18,3,139.675,,26,0.23125386238098145,6DADD6C795A76D79
232,112,30,True,245,1,117,and_pareto_resource_nmcts,6,8,truth_n6_9,2,130.125,,25,4.4435529708862305,366EB16F508EBAD7
226,112,33,True,234,2,108,and_affine_nmcts,6,9,truth_n6_19,3,131.63,,21,0.07675313949584961,956269F0E5D7B875
226,112,33,True,234,2,108,and_resource_nmcts,6,9,truth_n6_19,3,131.63,,21,0.14133191108703613,956269F0E5D7B875
192,92,29,True,198,2,90,and_pareto_resource_nmcts,6,9,truth_n6_12,3,109.55000000000001,,25,3.3845529556274414,A491F0B2EA1FCA65
209,108,36,True,213,2,95,and_pareto_resource_nmcts,6,9,truth_n6_10,3,126.505,,29,4.668952941894531,7FCD9EB1A7CAD415
251,128,30,True,264,2,124,and_affine_nmcts,6,9,truth_n6_20,3,149.24,,27,0.07409882545471191,5CABCC97663F1C97
251,128,30,True,264,2,124,and_resource_nmcts,6,9,truth_n6_20,3,149.24,,27,0.15315580368041992,5CABCC97663F1C97
295,152,35,True,295,2,129,and_affine_nmcts,6,9,truth_n6_21,3,175.51500000000001,,30,0.09778666496276855,FF50BDE4382567B8
165,80,34,True,171,2,81,and_pareto_resource_nmcts,6,9,truth_n6_14,4,97.975,,23,3.364542007446289,23BED01D43CF2FDE
295,152,35,True,295,2,129,and_resource_nmcts,6,9,truth_n6_21,3,175.51500000000001,,30,0.17807579040527344,FF50BDE4382567B8
291,148,34,True,295,2,131,and_affine_nmcts,6,9,truth_n6_22,4,173.375,,28,0.08222413063049316,2369B584FF5E9FF0
291,148,34,True,295,2,131,and_resource_nmcts,6,9,truth_n6_22,4,173.375,,28,0.15852689743041992,2369B584FF5E9FF0
211,108,29,True,215,2,95,and_pareto_resource_nmcts,6,9,truth_n6_15,3,126.615,,25,3.7643821239471436,BEB799193F22FAF8
250,128,24,True,250,2,104,and_affine_nmcts,6,9,truth_n6_23,3,148.79,,24,0.05446791648864746,7E570DDF827050A8
250,128,24,True,250,2,104,and_resource_nmcts,6,9,truth_n6_23,3,148.79,,24,0.10535001754760742,7E570DDF827050A8
229,116,38,True,237,2,107,and_pareto_resource_nmcts,6,9,truth_n6_13,3,135.785,,28,4.532770872116089,24933B83757750A9
193,96,31,True,197,2,89,and_pareto_resource_nmcts,6,9,truth_n6_17,3,113.565,,23,3.7772722244262695,BF3C4C06434308BC
281,144,37,True,285,2,127,and_affine_nmcts,6,9,truth_n6_24,3,166.78500000000003,,28,0.10607218742370605,C17AF08A1745D6D8
229,116,37,True,236,2,106,and_pareto_resource_nmcts,6,9,truth_n6_11,3,135.76,,31,5.065223932266235,E27A984D654821D0
236,128,31,True,240,1,102,and_affine_nmcts,6,8,truth_n6_25,2,146.06,,25,0.06250596046447754,DC713D960C0FD195
202,124,31,True,250,0,126,and_resource_nmcts,6,7,truth_n6_25,3,143.09,,31,0.1220390796661377,DC713D960C0FD195
281,144,37,True,285,2,127,and_resource_nmcts,6,9,truth_n6_24,3,166.78500000000003,,28,0.20928502082824707,C17AF08A1745D6D8
256,128,32,True,262,2,118,and_affine_nmcts,6,9,truth_n6_26,3,149.35000000000002,,24,0.07224392890930176,27209BDF1C11F735
256,128,32,True,262,2,118,and_resource_nmcts,6,9,truth_n6_26,3,149.35000000000002,,24,0.13779711723327637,27209BDF1C11F735
194,96,35,True,199,2,91,and_pareto_resource_nmcts,6,9,truth_n6_16,4,115.655,,29,4.443406820297241,89FA6A688FB5D27B
256,128,36,True,264,2,120,and_affine_nmcts,6,9,truth_n6_27,3,149.4,,23,0.0979471206665039,28F49481A0A04DC4
198,124,36,True,242,0,118,and_resource_nmcts,6,7,truth_n6_27,4,144.73,,36,0.18565106391906738,28F49481A0A04DC4
173,84,34,True,179,2,83,and_pareto_resource_nmcts,6,9,truth_n6_18,3,100.435,,23,4.383529901504517,6DADD6C795A76D79
222,108,29,True,229,2,107,and_affine_nmcts,6,9,truth_n6_28,3,127.38499999999999,,24,0.06685018539428711,AE340454CAC5B68C
222,108,29,True,229,2,107,and_resource_nmcts,6,9,truth_n6_28,3,127.38499999999999,,24,0.13255596160888672,AE340454CAC5B68C
209,104,33,True,215,2,101,and_pareto_resource_nmcts,6,9,truth_n6_19,3,122.595,,32,4.229510068893433,956269F0E5D7B875
231,112,25,True,241,2,113,and_affine_nmcts,6,9,truth_n6_29,3,131.98499999999999,,23,0.07642292976379395,98AE43346C12ACE8
231,112,25,True,241,2,113,and_resource_nmcts,6,9,truth_n6_29,3,131.98499999999999,,23,0.14299607276916504,98AE43346C12ACE8
226,108,30,True,231,2,103,and_pareto_resource_nmcts,6,9,truth_n6_20,3,127.53500000000001,,29,4.437011957168579,5CABCC97663F1C97
203,100,24,True,208,2,94,and_pareto_resource_nmcts,6,9,truth_n6_23,3,118.18,,26,3.406049966812134,7E570DDF827050A8
241,120,28,True,245,2,109,and_affine_nmcts,6,9,truth_n6_30,3,140.405,,30,0.08901500701904297,62801C4510435A10
226,116,28,True,231,2,101,and_resource_nmcts,6,9,truth_n6_30,3,135.515,,26,0.17298483848571777,62801C4510435A10
258,128,29,True,258,1,110,and_affine_nmcts,6,8,truth_n6_31,2,147.29,,29,0.05311989784240723,988C24C961B1CD22
258,128,29,True,258,1,110,and_resource_nmcts,6,8,truth_n6_31,2,147.29,,29,0.10023880004882812,988C24C961B1CD22
172,88,31,True,178,2,82,and_pareto_resource_nmcts,6,9,truth_n6_25,4,106.36999999999999,,23,3.616680145263672,DC713D960C0FD195
233,116,35,True,244,2,110,and_pareto_resource_nmcts,6,9,truth_n6_21,3,136.07999999999998,,26,4.923725843429565,FF50BDE4382567B8
227,116,34,True,237,2,107,and_pareto_resource_nmcts,6,9,truth_n6_22,3,135.70499999999998,,29,4.705044984817505,2369B584FF5E9FF0
155,76,36,True,161,2,73,and_pareto_resource_nmcts,6,9,truth_n6_27,3,91.34500000000001,,19,3.9644222259521484,28F49481A0A04DC4
214,108,32,True,220,2,98,and_pareto_resource_nmcts,6,9,truth_n6_26,3,126.84,,24,4.302491188049316,27209BDF1C11F735
161,88,29,True,165,2,75,and_pareto_resource_nmcts,6,9,truth_n6_28,3,103.66499999999999,,23,3.508855104446411,AE340454CAC5B68C
190,96,25,True,192,2,84,and_pareto_resource_nmcts,6,9,truth_n6_29,3,113.32,,24,3.2920238971710205,98AE43346C12ACE8
231,116,37,True,237,2,107,and_pareto_resource_nmcts,6,9,truth_n6_24,3,135.86499999999998,,31,4.926562786102295,C17AF08A1745D6D8
200,104,28,True,206,2,92,and_pareto_resource_nmcts,6,9,truth_n6_30,3,122.01,,25,3.7452080249786377,62801C4510435A10
215,108,29,True,224,2,102,and_pareto_resource_nmcts,6,9,truth_n6_31,3,126.97999999999999,,27,3.5791752338409424,988C24C961B1CD22
