split,name,n,term_count,safe_skip_label,skip_probability,skip_depth2,target_depth,target_score,depth2_score,target_time_s,all_depth_time_s
train,train_n14_0000_mixed,14,102,0,0.0001355400454485789,0,2,1395.7050000000002,1395.7050000000002,0.18960258399965824,0.18960258399965824
train,train_n14_0001_deep,14,200,0,1.643929081751594e-08,0,2,3662.54,3662.54,0.4252449580017128,0.4252449580017128
train,train_n14_0002_deep,14,164,0,1.4076597526502255e-11,0,2,3481.445,3481.445,0.3384806249960093,0.3384806249960093
train,train_n14_0003_shallow,14,53,0,0.002301627304404974,0,2,647.09,647.09,0.08372895699721994,0.08372895699721994
train,train_n14_0004_deep,14,188,0,1.2972632967844788e-09,0,2,3616.0950000000003,3616.0950000000003,0.38523770800748025,0.38523770800748025
train,train_n14_0005_deep,14,145,0,8.88744988714052e-09,0,2,2555.65,2555.65,0.2902847079967614,0.2902847079967614
train,train_n14_0006_mixed,14,95,0,9.066793427336961e-05,0,2,1559.24,1559.24,0.17568399999800022,0.17568399999800022
train,train_n14_0007_mixed,14,122,0,1.3863074855180457e-05,0,2,1856.8600000000001,1856.8600000000001,0.23420120799710276,0.23420120799710276
train,train_n14_0008_shallow,14,53,0,0.028101427480578423,0,2,788.815,788.815,0.07654983299653395,0.07654983299653395
train,train_n14_0009_mixed,14,99,0,2.3755288225402182e-07,0,2,1747.565,1747.565,0.1792901670014544,0.1792901670014544
train,train_n14_0010_mixed,14,116,0,4.610038502050884e-07,0,2,1999.82,1999.82,0.22155549899616744,0.22155549899616744
train,train_n14_0011_deep,14,204,0,1.0270055028627212e-08,0,2,3516.96,3516.96,0.42524691600192455,0.42524691600192455
train,train_n14_0012_shallow,14,82,0,1.2451283510017674e-05,0,2,1304.325,1304.325,0.1406838329967286,0.1406838329967286
train,train_n14_0013_shallow,14,60,0,2.2375654396000755e-07,0,2,712.3199999999999,712.3199999999999,0.09473291600079392,0.09473291600079392
train,train_n14_0014_mixed,14,82,0,7.576555071864277e-05,0,2,1028.31,1028.31,0.13903191699864692,0.13903191699864692
train,train_n14_0015_shallow,14,43,0,0.02393220365047455,0,2,703.8100000000001,703.8100000000001,0.028302000002440764,0.028302000002440764
train,train_n14_0016_mixed,14,57,0,2.4776102236501174e-06,0,2,948.015,948.015,0.09469566700136056,0.09469566700136056
train,train_n14_0017_shallow,14,43,0,0.031001709401607513,0,2,571.3,571.3,0.03284041700317175,0.03284041700317175
train,train_n14_0018_mixed,14,148,0,1.4626377264903567e-07,0,2,2693.31,2693.31,0.3003536249998433,0.3003536249998433
train,train_n14_0019_shallow,14,81,0,6.155207898927983e-08,0,2,1441.9099999999999,1441.9099999999999,0.14547358399795485,0.14547358399795485
train,train_n14_0020_mixed,14,81,0,0.00046982686035335064,0,2,909.37,909.37,0.14202774899968063,0.14202774899968063
train,train_n14_0021_mixed,14,115,0,3.17600168386889e-10,0,2,2279.0350000000003,2279.0350000000003,0.22813429199595703,0.22813429199595703
train,train_n14_0022_deep,14,126,0,2.41744546656264e-05,0,2,1955.1750000000002,1955.1750000000002,0.2476742920007382,0.2476742920007382
train,train_n14_0023_deep,14,144,0,3.5179168467180943e-09,0,2,2658.925,2658.925,0.2869744589988841,0.2869744589988841
train,train_n14_0024_deep,14,136,0,3.449915197961673e-08,0,2,2497.87,2497.87,0.2707395820034435,0.2707395820034435
train,train_n14_0025_deep,14,147,0,1.2438806606951403e-07,0,2,2539.0099999999998,2539.0099999999998,0.30174758300199755,0.30174758300199755
train,train_n14_0026_deep,14,111,0,2.3895736376289278e-05,0,2,1831.6499999999999,1831.6499999999999,0.21806716800347203,0.21806716800347203
train,train_n14_0027_shallow,14,72,0,5.402628175943391e-07,0,2,1206.055,1206.055,0.1251918329980981,0.1251918329980981
train,train_n14_0028_mixed,14,77,0,0.00021794717758893967,0,2,937.295,937.295,0.13179770699571236,0.13179770699571236
train,train_n14_0029_deep,14,150,0,6.712352274007571e-08,0,2,2760.38,2760.38,0.3039372919993184,0.3039372919993184
train,train_n14_0030_deep,14,162,0,2.423899968562182e-05,0,2,2370.37,2370.37,0.3197359170044365,0.3197359170044365
train,train_n14_0031_mixed,14,116,0,1.0476873768539008e-07,0,2,2200.28,2200.28,0.23267587399823242,0.23267587399823242
train,train_n14_0032_deep,14,111,0,0.00011809068382717669,0,2,1528.96,1528.96,0.20566979100112803,0.20566979100112803
train,train_n14_0033_deep,14,159,0,8.125843886652717e-10,0,2,3033.54,3033.54,0.35117483399881166,0.35117483399881166
train,train_n14_0034_shallow,14,46,0,0.001264515914954245,0,2,505.80999999999995,505.80999999999995,0.06809124999927008,0.06809124999927008
train,train_n14_0035_shallow,14,41,0,0.0007406061631627381,0,2,531.92,531.92,0.030523708996042842,0.030523708996042842
train,train_n14_0036_deep,14,199,0,2.998478687565864e-10,0,2,3942.3500000000004,3942.3500000000004,0.41744750200086855,0.41744750200086855
train,train_n14_0037_mixed,14,120,0,2.6097200134245213e-06,0,2,1849.1699999999998,1849.1699999999998,0.2318527079987689,0.2318527079987689
train,train_n14_0038_deep,14,153,0,1.1130596000441528e-08,0,2,2504.275,2504.275,0.30099799999879906,0.30099799999879906
train,train_n14_0039_deep,14,162,0,1.5373482651834247e-12,0,2,3584.7349999999997,3584.7349999999997,0.34327699900313746,0.34327699900313746
train,train_n14_0040_mixed,14,123,0,7.686243463922438e-08,0,2,2206.765,2206.765,0.2413621659979981,0.2413621659979981
train,train_n14_0041_deep,14,135,0,8.209096513667191e-09,0,2,2570.16,2570.16,0.27400020900313393,0.27400020900313393
train,train_n14_0042_shallow,14,58,0,0.0002825850388035178,0,2,719.8449999999999,719.8449999999999,0.09463179200247396,0.09463179200247396
train,train_n14_0043_shallow,14,63,0,2.1530086087295786e-06,0,2,576.855,576.855,0.10163704200022039,0.10163704200022039
train,train_n14_0044_mixed,14,81,0,0.0006151637062430382,0,2,1036.125,1036.125,0.13959012600025744,0.13959012600025744
train,train_n14_0045_deep,14,192,0,1.123455755508429e-11,0,2,3861.7349999999997,3861.7349999999997,0.3932677910015627,0.3932677910015627
train,train_n14_0046_deep,14,184,0,1.360244490829221e-12,0,2,4038.13,4038.13,0.3875517500018759,0.3875517500018759
train,train_n14_0047_shallow,14,38,1,0.976232647895813,1,1,557.495,557.495,0.005982792001304915,0.01262983400010853
train,train_n14_0048_deep,14,179,0,5.39056221882106e-09,0,2,3332.94,3332.94,0.36968399900069926,0.36968399900069926
train,train_n14_0049_shallow,14,52,0,0.002264435403048992,0,2,671.945,671.945,0.07108912499825237,0.07108912499825237
train,train_n14_0050_mixed,14,94,0,4.488403249069961e-07,0,2,1617.2450000000001,1617.2450000000001,0.17533541699958732,0.17533541699958732
train,train_n14_0051_mixed,14,114,0,6.289305360951403e-07,0,2,1947.14,1947.14,0.21528145799675258,0.21528145799675258
train,train_n14_0052_deep,14,137,0,2.786777197893997e-10,0,2,2848.48,2848.48,0.2813436249998631,0.2813436249998631
train,train_n14_0053_mixed,14,135,0,4.6110935159049404e-07,0,2,2293.76,2293.76,0.2617355839975062,0.2617355839975062
train,train_n14_0054_mixed,14,104,0,4.34073263022583e-05,0,2,1648.2050000000002,1648.2050000000002,0.19546945800175308,0.19546945800175308
train,train_n14_0055_shallow,14,41,0,0.002247784286737442,0,2,452.755,452.755,0.05537566699786112,0.05537566699786112
train,train_n14_0056_shallow,14,63,0,0.0018030849751085043,0,2,1035.255,1035.255,0.10864129199762829,0.10864129199762829
train,train_n14_0057_shallow,14,31,0,0.02293439209461212,0,2,299.28499999999997,299.28499999999997,0.040423333000944695,0.040423333000944695
train,train_n14_0058_mixed,14,118,0,8.453513089534681e-08,0,2,1983.0749999999998,1983.0749999999998,0.2754200830022455,0.2754200830022455
train,train_n14_0059_shallow,14,60,0,1.847813564381795e-06,0,2,1058.5300000000002,1058.5300000000002,0.1028587079999852,0.1028587079999852
train,train_n14_0060_deep,14,173,0,4.776961812225089e-11,0,2,3604.0099999999998,3604.0099999999998,0.3662022909957159,0.3662022909957159
train,train_n14_0061_mixed,14,126,0,6.921007411619939e-07,0,2,2075.005,2075.005,0.2456968339974992,0.2456968339974992
train,train_n14_0062_shallow,14,60,0,0.00048570017679594457,0,2,834.265,834.265,0.09692404099769192,0.09692404099769192
train,train_n14_0063_mixed,14,107,0,0.00023769306426402181,0,2,1326.925,1326.925,0.19774579200020526,0.19774579200020526
train,train_n14_0064_shallow,14,27,1,0.9999997615814209,1,1,466.845,466.845,0.0022502510000776965,0.003360042999702273
train,train_n14_0065_mixed,14,86,0,0.00024275999749079347,0,2,1074.36,1074.36,0.14866887499738368,0.14866887499738368
train,train_n14_0066_mixed,14,73,0,2.1514922991627827e-05,0,2,740.47,740.47,0.12178541600587778,0.12178541600587778
train,train_n14_0067_shallow,14,70,0,0.00020905284327454865,0,2,779.8699999999999,779.8699999999999,0.1161653329982073,0.1161653329982073
train,train_n14_0068_deep,14,174,0,1.564214358040772e-08,0,2,2952.4300000000003,2952.4300000000003,0.3463298750029935,0.3463298750029935
train,train_n14_0069_shallow,14,40,0,0.011832802556455135,0,2,481.995,481.995,0.030198041997209657,0.030198041997209657
train,train_n14_0070_deep,14,153,0,1.771038871112296e-10,0,2,3259.975,3259.975,0.3240631669978029,0.3240631669978029
train,train_n14_0071_mixed,14,115,0,0.0026570798363536596,0,2,1540.295,1540.295,0.21620995899866102,0.21620995899866102
train,train_n14_0072_deep,14,125,0,5.924607080487476e-07,0,2,2200.99,2200.99,0.24679891699997825,0.24679891699997825
train,train_n14_0073_shallow,14,53,1,0.9994205236434937,1,1,964.0150000000001,964.0150000000001,0.014803499998379266,0.038575624999793945
train,train_n14_0074_shallow,14,48,0,0.0012390009360387921,0,2,802.775,802.775,0.037977167001372436,0.037977167001372436
train,train_n14_0075_shallow,14,51,0,3.181902502547018e-05,0,2,641.71,641.71,0.07986266600346426,0.07986266600346426
train,train_n14_0076_deep,14,168,0,5.506461953075359e-09,0,2,3218.96,3218.96,0.349147749999247,0.349147749999247
train,train_n14_0077_mixed,14,112,0,4.156268289534637e-07,0,2,1935.0049999999999,1935.0049999999999,0.21256341799744405,0.21256341799744405
train,train_n14_0078_deep,14,142,0,1.5027637800812954e-06,0,2,2485.0299999999997,2485.0299999999997,0.2777330000062648,0.2777330000062648
train,train_n14_0079_deep,14,174,0,7.531794077308973e-10,0,2,3467.92,3467.92,0.36838562499542604,0.36838562499542604
train,train_n16_0000_deep,16,208,0,4.091479510748286e-08,0,2,3762.02,3762.02,0.5359869169988087,0.5359869169988087
train,train_n16_0001_mixed,16,93,0,0.00011401557276258245,0,2,1553.915,1553.915,0.20883533500455087,0.20883533500455087
train,train_n16_0002_deep,16,159,0,8.784681995166466e-06,0,2,2672.845,2672.845,0.4062572070033639,0.4062572070033639
train,train_n16_0003_mixed,16,70,0,8.925793736125343e-06,0,2,787.195,787.195,0.14539216700359248,0.14539216700359248
train,train_n16_0004_deep,16,202,0,7.483315300760296e-08,0,2,3750.7499999999995,3750.7499999999995,0.5236477910002577,0.5236477910002577
train,train_n16_0005_shallow,16,54,0,0.014489655382931232,0,2,857.795,857.795,0.11252883400084102,0.11252883400084102
train,train_n16_0006_deep,16,170,0,1.096123103394575e-08,0,2,3398.525,3398.525,0.4410219999990659,0.4410219999990659
train,train_n16_0007_mixed,16,146,0,2.716327435337007e-05,0,2,2334.82,2334.82,0.3554785010019259,0.3554785010019259
train,train_n16_0008_mixed,16,101,0,0.003938913345336914,0,2,1410.43,1410.43,0.22449758400398423,0.22449758400398423
train,train_n16_0009_shallow,16,74,0,0.0464884452521801,0,2,1061.5249999999999,1061.5249999999999,0.15476162399863824,0.15476162399863824
train,train_n16_0010_shallow,16,85,0,0.0010876164305955172,0,2,1208.29,1208.29,0.1819104169990169,0.1819104169990169
train,train_n16_0011_shallow,16,45,0,0.03315805643796921,0,2,661.37,661.37,0.06986691700149095,0.06986691700149095
train,train_n16_0012_deep,16,109,0,1.1336977934206516e-07,0,2,1991.54,1991.54,0.25373183399642585,0.25373183399642585
train,train_n16_0013_mixed,16,93,0,4.683151644258032e-09,0,2,930.315,930.315,0.2090542080004525,0.2090542080004525
train,train_n16_0014_shallow,16,24,1,0.9992777705192566,1,1,287.33,287.33,0.002410417000646703,0.003604334000556264
train,train_n16_0015_shallow,16,79,0,0.0007852280978113413,0,2,1306.885,1306.885,0.1746902089980722,0.1746902089980722
train,train_n16_0016_shallow,16,71,0,3.8232614315347746e-05,0,2,874.95,874.95,0.14548554199791397,0.14548554199791397
train,train_n16_0017_deep,16,167,0,3.296714510270249e-07,0,2,2836.0450000000005,2836.0450000000005,0.4182130830013193,0.4182130830013193
train,train_n16_0018_deep,16,168,0,1.8898772680131515e-07,0,2,3265.685,3265.685,0.4285639160007122,0.4285639160007122
train,train_n16_0019_shallow,16,46,1,0.9916785955429077,1,1,613.6,613.6,0.01567220800279756,0.04614337500242982
train,train_n16_0020_deep,16,186,0,2.7642656732496107e-06,0,2,3030.08,3030.08,0.476932207999198,0.476932207999198
train,train_n16_0021_mixed,16,93,0,7.270041351148393e-06,0,2,1711.095,1711.095,0.21135091700125486,0.21135091700125486
train,train_n16_0022_mixed,16,114,0,9.621064236853272e-06,0,2,1198.4650000000001,1198.4650000000001,0.2611813329967845,0.2611813329967845
train,train_n16_0023_deep,16,159,0,3.2631901376589667e-06,0,2,2847.735,2847.735,0.39794500100106234,0.39794500100106234
train,train_n16_0024_mixed,16,49,0,1.296217851631809e-05,0,2,506.07,506.07,0.0869451249964186,0.0869451249964186
train,train_n16_0025_deep,16,209,0,3.529907477428651e-09,0,2,4236.615,4236.615,0.5572269159965799,0.5572269159965799
train,train_n16_0026_shallow,16,51,0,0.006210882216691971,0,2,693.29,693.29,0.10165695900286664,0.10165695900286664
train,train_n16_0027_mixed,16,83,0,0.000512292783241719,0,2,1275.3799999999999,1275.3799999999999,0.18073966700103483,0.18073966700103483
train,train_n16_0028_deep,16,138,0,9.35820043679314e-09,0,2,2803.29,2803.29,0.336956168001052,0.336956168001052
train,train_n16_0029_deep,16,151,0,5.202102215662308e-07,0,2,2885.4249999999997,2885.4249999999997,0.38618870800564764,0.38618870800564764
train,train_n16_0030_shallow,16,77,0,2.2915506633580662e-05,0,2,868.48,868.48,0.16466795800079126,0.16466795800079126
train,train_n16_0031_deep,16,201,0,4.2999879212857195e-08,0,2,3901.965,3901.965,0.5280402079988562,0.5280402079988562
train,train_n16_0032_shallow,16,70,0,0.0013471909333020449,0,2,1154.58,1154.58,0.14922454199768254,0.14922454199768254
train,train_n16_0033_mixed,16,131,0,2.695286980269884e-07,0,2,2566.655,2566.655,0.31808987600015826,0.31808987600015826
train,train_n16_0034_mixed,16,81,0,0.0003590661217458546,0,2,1383.94,1383.94,0.18003279099866631,0.18003279099866631
train,train_n16_0035_deep,16,117,0,1.342615973953798e-06,0,2,2043.61,2043.61,0.28432400099700317,0.28432400099700317
train,train_n16_0036_shallow,16,63,0,0.004210756625980139,0,2,882.6850000000001,882.6850000000001,0.12473341700388119,0.12473341700388119
train,train_n16_0037_mixed,16,110,0,6.765281312937077e-08,0,2,2084.96,2084.96,0.2544741249985236,0.2544741249985236
train,train_n16_0038_shallow,16,28,1,0.9999428987503052,1,1,505.605,505.605,0.002882541997678345,0.004318916999181965
train,train_n16_0039_shallow,16,35,0,0.00018718869250733405,0,2,474.84499999999997,474.84499999999997,0.06825250000110827,0.06825250000110827
train,train_n16_0040_shallow,16,56,0,3.9210988234117394e-07,0,2,499.72499999999997,499.72499999999997,0.10870829299892648,0.10870829299892648
train,train_n16_0041_mixed,16,116,0,0.00026580647681839764,0,2,1803.1799999999998,1803.1799999999998,0.265304541997466,0.265304541997466
train,train_n16_0042_deep,16,160,0,7.568091859866399e-06,0,2,2195.0899999999997,2195.0899999999997,0.3929167080023035,0.3929167080023035
train,train_n16_0043_mixed,16,162,0,4.309962164938952e-09,0,2,3191.55,3191.55,0.40449050000097486,0.40449050000097486
train,train_n16_0044_shallow,16,73,0,0.004755978472530842,0,2,1093.085,1093.085,0.15438087399525102,0.15438087399525102
train,train_n16_0045_mixed,16,100,0,5.513620635611005e-05,0,2,1313.375,1313.375,0.2243819160030398,0.2243819160030398
train,train_n16_0046_deep,16,192,0,3.4277047866737576e-09,0,2,3770.1349999999998,3770.1349999999998,0.49217079199661384,0.49217079199661384
train,train_n16_0047_shallow,16,46,1,0.9984725117683411,1,1,771.91,771.91,0.009464165999816032,0.02041783299864619
train,train_n16_0048_shallow,16,44,0,1.3985787518322468e-05,0,2,381.365,381.365,0.08474825099983718,0.08474825099983718
train,train_n16_0049_mixed,16,126,0,1.3460557966027409e-06,0,2,2294.6299999999997,2294.6299999999997,0.2974322919981205,0.2974322919981205
train,train_n16_0050_deep,16,184,0,1.1435083280275649e-07,0,2,3331.915,3331.915,0.4727121670002816,0.4727121670002816
train,train_n16_0051_deep,16,208,0,2.9706283655173138e-08,0,2,4065.625,4065.625,0.5579225419969589,0.5579225419969589
train,train_n16_0052_shallow,16,48,0,5.715024963137694e-05,0,2,775.15,775.15,0.09405037499891478,0.09405037499891478
train,train_n16_0053_shallow,16,79,0,0.0022949830163270235,0,2,1410.105,1410.105,0.17797883399907732,0.17797883399907732
train,train_n16_0054_deep,16,105,0,1.252089441550197e-05,0,2,1880.4599999999998,1880.4599999999998,0.2441779590008082,0.2441779590008082
train,train_n16_0055_mixed,16,113,0,3.7115423765499145e-05,0,2,1317.51,1317.51,0.25869595799667877,0.25869595799667877
train,train_n16_0056_shallow,16,69,0,2.6579882614896633e-06,0,2,631.2049999999999,631.2049999999999,0.1313028740005393,0.1313028740005393
train,train_n16_0057_mixed,16,137,0,2.624582748467219e-06,0,2,2574.915,2574.915,0.4121255830032169,0.4121255830032169
train,train_n16_0058_shallow,16,41,1,0.9966875910758972,1,1,576.47,576.47,0.013919416000135243,0.041033790999790654
train,train_n16_0059_shallow,16,30,1,0.9991230368614197,1,1,357.84,357.84,0.005830624002555851,0.012112499003706034
train,train_n16_0060_mixed,16,117,0,0.0002970805508084595,0,2,1993.83,1993.83,0.27145779200145626,0.27145779200145626
train,train_n16_0061_shallow,16,42,0,0.09956838935613632,0,2,581.325,581.325,0.03696012499858625,0.03696012499858625
train,train_n16_0062_shallow,16,87,0,0.0042818887159228325,0,2,1250.53,1250.53,0.18728841700067278,0.18728841700067278
train,train_n16_0063_deep,16,119,0,0.0001844724320108071,0,2,1651.02,1651.02,0.27779016600106843,0.27779016600106843
train,train_n16_0064_shallow,16,67,0,2.250145553261973e-05,0,2,916.4050000000001,916.4050000000001,0.1403540419996716,0.1403540419996716
train,train_n16_0065_mixed,16,115,0,4.747452840092592e-05,0,2,1326.04,1326.04,0.2659913340030471,0.2659913340030471
train,train_n16_0066_mixed,16,105,0,2.9005110263824463e-05,0,2,1112.25,1112.25,0.23449291600263678,0.23449291600263678
train,train_n16_0067_shallow,16,77,0,0.0003531942202243954,0,2,1207.995,1207.995,0.14624625099895638,0.14624625099895638
train,train_n16_0068_deep,16,163,0,6.328054496407276e-06,0,2,2544.855,2544.855,0.402653958004521,0.402653958004521
train,train_n16_0069_shallow,16,72,0,7.18120509191067e-06,0,2,1083.065,1083.065,0.15493512499597273,0.15493512499597273
train,train_n16_0070_mixed,16,102,0,0.00031053173006512225,0,2,1595.7549999999999,1595.7549999999999,0.2297219159991073,0.2297219159991073
train,train_n16_0071_deep,16,184,0,8.389676509068522e-09,0,2,3367.355,3367.355,0.4806957490000059,0.4806957490000059
train,train_n16_0072_shallow,16,67,0,1.876688293123152e-05,0,2,1025.75,1025.75,0.14066116799949668,0.14066116799949668
train,train_n16_0073_mixed,16,79,0,0.003709019860252738,0,2,951.855,951.855,0.17021008400115534,0.17021008400115534
train,train_n16_0074_shallow,16,41,1,0.9994962215423584,1,1,698.4849999999999,698.4849999999999,0.006268000001000473,0.010164708000957035
train,train_n16_0075_deep,16,110,0,0.00044081296073272824,0,2,1527.745,1527.745,0.2577047080012562,0.2577047080012562
train,train_n16_0076_mixed,16,131,0,1.4374042223153083e-07,0,2,2425.535,2425.535,0.3094117489963537,0.3094117489963537
train,train_n16_0077_deep,16,162,0,1.6649579265504144e-05,0,2,2231.455,2231.455,0.4029707910049183,0.4029707910049183
train,train_n16_0078_mixed,16,93,0,5.864677223144099e-05,0,2,1548.9399999999998,1548.9399999999998,0.2109164579960634,0.2109164579960634
train,train_n16_0079_deep,16,236,0,8.720784649973723e-10,0,2,4897.86,4897.86,0.6343152510016807,0.6343152510016807
train,train_n18_0000_shallow,18,41,1,1.0,1,1,706.6299999999999,706.6299999999999,0.0052989170035289135,0.007913708006526576
train,train_n18_0001_shallow,18,59,0,0.0004704955208580941,0,2,794.295,794.295,0.14555858399762656,0.14555858399762656
train,train_n18_0002_deep,18,217,0,3.015476757184388e-11,0,2,5041.1050000000005,5041.1050000000005,0.698628458998428,0.698628458998428
train,train_n18_0003_shallow,18,79,0,4.417931975808642e-08,0,2,688.405,688.405,0.1988775829995575,0.1988775829995575
train,train_n18_0004_deep,18,185,0,1.4040687723593237e-08,0,2,3752.4550000000004,3752.4550000000004,0.5628328330021759,0.5628328330021759
train,train_n18_0005_deep,18,185,0,9.111024823482694e-09,0,2,3922.9849999999997,3922.9849999999997,0.5725524589979614,0.5725524589979614
train,train_n18_0006_mixed,18,102,0,2.597778575363918e-06,0,2,1833.22,1833.22,0.2878507499990519,0.2878507499990519
train,train_n18_0007_mixed,18,105,0,1.3110040981700877e-06,0,2,1611.8,1611.8,0.2884718760033138,0.2884718760033138
train,train_n18_0008_mixed,18,111,0,1.6174588381545618e-05,0,2,1806.84,1806.84,0.3028568749978149,0.3028568749978149
train,train_n18_0009_shallow,18,69,1,0.9984678626060486,1,1,1190.075,1190.075,0.017497125001682434,0.03847279200272169
train,train_n18_0010_deep,18,205,0,6.813363029323227e-08,0,2,3873.7850000000003,3873.7850000000003,0.6477545839989034,0.6477545839989034
train,train_n18_0011_mixed,18,114,0,1.1192160854989197e-05,0,2,1877.84,1877.84,0.32027791699874797,0.32027791699874797
train,train_n18_0012_deep,18,109,0,7.656634579689126e-07,0,2,1657.885,1657.885,0.29785616699882667,0.29785616699882667
train,train_n18_0013_shallow,18,36,1,1.0,1,1,711.8000000000001,711.8000000000001,0.007058916999085341,0.011672625001665438
train,train_n18_0014_shallow,18,56,0,0.011495902203023434,0,2,755.625,755.625,0.12587258399798884,0.12587258399798884
train,train_n18_0015_deep,18,94,0,1.06509578472469e-05,0,2,1681.6399999999999,1681.6399999999999,0.259394833999977,0.259394833999977
train,train_n18_0016_mixed,18,73,0,5.7719912405218565e-08,0,2,670.53,670.53,0.17928795899933903,0.17928795899933903
train,train_n18_0017_shallow,18,25,1,0.9999992847442627,1,1,567.76,567.76,0.003440041997237131,0.005137208998348797
train,train_n18_0018_mixed,18,184,0,5.303348515894868e-08,0,2,3767.1899999999996,3767.1899999999996,0.5609804169980634,0.5609804169980634
train,train_n18_0019_deep,18,211,0,1.1892835161120274e-08,0,2,3600.125,3600.125,0.6761891670030309,0.6761891670030309
train,train_n18_0020_deep,18,200,0,9.915937937421404e-08,0,2,3816.9400000000005,3816.9400000000005,0.6115024590035318,0.6115024590035318
train,train_n18_0021_shallow,18,50,0,0.00029834359884262085,0,2,640.98,640.98,0.09267941799771506,0.09267941799771506
train,train_n18_0022_shallow,18,64,0,3.720080243851953e-08,0,2,629.105,629.105,0.16215533400099957,0.16215533400099957
train,train_n18_0023_deep,18,158,0,9.702040415504598e-07,0,2,2348.6,2348.6,0.4764505419989291,0.4764505419989291
train,train_n18_0024_shallow,18,72,0,2.392738906564773e-06,0,2,715.1500000000001,715.1500000000001,0.17928275099984603,0.17928275099984603
train,train_n18_0025_mixed,18,91,0,0.001080943737179041,0,2,1420.7150000000001,1420.7150000000001,0.24894075100019109,0.24894075100019109
train,train_n18_0026_deep,18,144,0,5.767380457655236e-07,0,2,2847.6600000000003,2847.6600000000003,0.43231633200048236,0.43231633200048236
train,train_n18_0027_shallow,18,48,0,0.022026125341653824,0,2,795.71,795.71,0.0739719579978555,0.0739719579978555
train,train_n18_0028_mixed,18,108,0,0.00599227799102664,0,2,1670.135,1670.135,0.2888860000020941,0.2888860000020941
train,train_n18_0029_deep,18,230,0,6.604402802423692e-09,0,2,4913.5199999999995,4913.5199999999995,0.7348612929963565,0.7348612929963565
train,train_n18_0030_deep,18,264,0,5.388893775659653e-10,0,2,5341.41,5341.41,0.8622389170050155,0.8622389170050155
train,train_n18_0031_mixed,18,124,0,4.937808171234792e-06,0,2,2188.64,2188.64,0.35891608300153166,0.35891608300153166
train,train_n18_0032_shallow,18,88,0,4.3057840230176225e-05,0,2,1218.945,1218.945,0.23036149900144665,0.23036149900144665
train,train_n18_0033_deep,18,148,0,1.7119674566856702e-08,0,2,3128.8650000000002,3128.8650000000002,0.44543195799997193,0.44543195799997193
train,train_n18_0034_shallow,18,71,0,0.007239831145852804,0,2,1250.02,1250.02,0.1909795830033545,0.1909795830033545
train,train_n18_0035_shallow,18,74,1,0.9860484600067139,1,1,1144.2549999999999,1144.2549999999999,0.03785299999799463,0.1751645419972192
train,train_n18_0036_shallow,18,64,0,7.65034474170534e-06,0,2,649.125,649.125,0.15613245900021866,0.15613245900021866
train,train_n18_0037_deep,18,133,0,1.4162619663693476e-05,0,2,2485.165,2485.165,0.3950145419985347,0.3950145419985347
train,train_n18_0038_shallow,18,36,1,0.9999148845672607,1,1,597.535,597.535,0.004582417001074646,0.006864084003609605
train,train_n18_0039_mixed,18,72,0,0.01084919087588787,0,2,1143.48,1143.48,0.1898763749995851,0.1898763749995851
train,train_n18_0040_shallow,18,54,0,0.04629944637417793,0,2,684.4950000000001,684.4950000000001,0.06350300099802553,0.06350300099802553
train,train_n18_0041_deep,18,189,0,1.0811012174372081e-07,0,2,3332.695,3332.695,0.5834978750026494,0.5834978750026494
train,train_n18_0042_mixed,18,124,0,3.635836492321687e-06,0,2,1782.54,1782.54,0.3496278339989658,0.3496278339989658
train,train_n18_0043_deep,18,210,0,4.4915267061185205e-09,0,2,4326.05,4326.05,0.7457872499981022,0.7457872499981022
train,train_n18_0044_mixed,18,126,0,7.85009342507692e-06,0,2,2041.99,2041.99,0.3600957069975266,0.3600957069975266
train,train_n18_0045_shallow,18,50,1,0.9999659061431885,1,1,716.1349999999999,716.1349999999999,0.01804729200011934,0.035543792000680696
train,train_n18_0046_mixed,18,125,0,2.709014324864256e-06,0,2,2250.1699999999996,2250.1699999999996,0.355872375996114,0.355872375996114
train,train_n18_0047_deep,18,204,0,6.710150302069451e-08,0,2,3748.45,3748.45,0.6452011249966745,0.6452011249966745
train,train_n18_0048_mixed,18,112,0,0.00012695101031567901,0,2,1822.7849999999999,1822.7849999999999,0.3121250010008225,0.3121250010008225
train,train_n18_0049_shallow,18,71,0,0.0005581457517109811,0,2,1312.7500000000002,1312.7500000000002,0.1764223329955712,0.1764223329955712
train,train_n18_0050_shallow,18,78,0,3.367254564068389e-08,0,2,798.32,798.32,0.19944904200019664,0.19944904200019664
train,train_n18_0051_shallow,18,41,1,0.9954830408096313,1,1,588.5500000000001,588.5500000000001,0.015293000000383472,0.04728054100269219
train,train_n18_0052_deep,18,144,0,7.715671927144285e-06,0,2,2538.535,2538.535,0.4304478750018461,0.4304478750018461
train,train_n18_0053_deep,18,136,0,6.295852585935791e-07,0,2,1953.63,1953.63,0.38751604199569556,0.38751604199569556
train,train_n18_0054_mixed,18,116,0,2.0242673315351567e-07,0,2,1590.4899999999998,1590.4899999999998,0.31392112499815994,0.31392112499815994
train,train_n18_0055_shallow,18,65,0,0.005304276943206787,0,2,1053.0349999999999,1053.0349999999999,0.17259887399632134,0.17259887399632134
train,train_n18_0056_shallow,18,69,0,6.651026751569589e-08,0,2,712.4250000000001,712.4250000000001,0.17136803999892436,0.17136803999892436
train,train_n18_0057_deep,18,176,0,4.719488231330615e-07,0,2,3250.8450000000003,3250.8450000000003,0.5347677910067432,0.5347677910067432
train,train_n18_0058_deep,18,211,0,4.932142516622662e-08,0,2,3836.82,3836.82,0.6792478740026127,0.6792478740026127
train,train_n18_0059_shallow,18,62,0,0.00040079501923173666,0,2,733.8649999999999,733.8649999999999,0.1580933740006003,0.1580933740006003
train,train_n18_0060_shallow,18,60,0,0.010399393737316132,0,2,766.3850000000001,766.3850000000001,0.14377679199969862,0.14377679199969862
train,train_n18_0061_shallow,18,68,0,0.0005754056037403643,0,2,849.08,849.08,0.17849649999698158,0.17849649999698158
train,train_n18_0062_shallow,18,53,0,9.131049409916159e-06,0,2,559.0149999999999,559.0149999999999,0.11751483299667598,0.11751483299667598
train,train_n18_0063_shallow,18,66,0,6.268018478294834e-05,0,2,864.345,864.345,0.11582920800356078,0.11582920800356078
train,train_n18_0064_mixed,18,84,0,5.688209512300091e-06,0,2,1536.335,1536.335,0.23321329300233629,0.23321329300233629
train,train_n18_0065_mixed,18,94,0,1.6143124337286707e-10,0,2,892.47,892.47,0.25006491700332845,0.25006491700332845
train,train_n18_0066_mixed,18,64,0,0.014629176817834377,0,2,940.78,940.78,0.1574194169988914,0.1574194169988914
train,train_n18_0067_shallow,18,62,1,0.9927605390548706,1,1,1017.485,1017.485,0.03137024999887217,0.12104445799923269
train,train_n18_0068_shallow,18,37,1,0.9999402761459351,1,1,503.665,503.665,0.009011333997477777,0.017327791996649466
train,train_n18_0069_shallow,18,70,0,0.016681918874382973,0,2,1355.1750000000002,1355.1750000000002,0.08986483300031978,0.08986483300031978
train,train_n18_0070_mixed,18,99,0,2.7634539492282784e-06,0,2,1459.3149999999998,1459.3149999999998,0.27123708299768623,0.27123708299768623
train,train_n18_0071_shallow,18,51,0,0.00036933214869350195,0,2,633.055,633.055,0.1093293750018347,0.1093293750018347
train,train_n18_0072_mixed,18,146,0,1.3231971074390003e-10,0,2,3370.735,3370.735,0.44815825000114273,0.44815825000114273
train,train_n18_0073_shallow,18,41,1,1.0,1,1,649.0899999999999,649.0899999999999,0.005076082998130005,0.007603832997119753
train,train_n18_0074_deep,18,140,0,1.3969356871257332e-07,0,2,1905.875,1905.875,0.4116814169974532,0.4116814169974532
train,train_n18_0075_deep,18,195,0,4.877289825344633e-07,0,2,3399.465,3399.465,0.6071330000049784,0.6071330000049784
train,train_n18_0076_mixed,18,92,0,3.504012420307845e-05,0,2,1376.3400000000001,1376.3400000000001,0.2554189589973248,0.2554189589973248
train,train_n18_0077_shallow,18,34,1,0.9999305009841919,1,1,458.42,458.42,0.008153833001415478,0.014132917000097223
train,train_n18_0078_mixed,18,131,0,1.783673360478133e-05,0,2,1901.29,1901.29,0.3633672500072862,0.3633672500072862
train,train_n18_0079_mixed,18,116,0,0.00045257507008500397,0,2,1869.6,1869.6,0.32467820799865876,0.32467820799865876
valid,valid_n14_0000_shallow,14,38,0,0.10632501542568207,0,2,433.71,433.71,0.05786345899832668,0.05786345899832668
valid,valid_n14_0001_shallow,14,35,0,0.8059626221656799,0,2,532.175,532.175,0.03733924999687588,0.03733924999687588
valid,valid_n14_0002_deep,14,207,0,5.559401550225829e-11,0,2,4156.0,4156.0,0.4384145419971901,0.4384145419971901
valid,valid_n14_0003_mixed,14,72,0,8.895201972336508e-06,0,2,1146.8,1146.8,0.12742212500234018,0.12742212500234018
valid,valid_n14_0004_mixed,14,152,0,3.446843521714982e-08,0,2,2714.095,2714.095,0.3082111249968875,0.3082111249968875
valid,valid_n14_0005_shallow,14,49,0,0.37720200419425964,0,2,736.74,736.74,0.07848662499964121,0.07848662499964121
valid,valid_n14_0006_mixed,14,70,0,1.054714402926038e-06,0,2,1207.14,1207.14,0.12177349999910803,0.12177349999910803
valid,valid_n14_0007_shallow,14,39,1,0.9927761554718018,1,1,654.815,654.815,0.007932124997751089,0.013967499995487742
valid,valid_n14_0008_mixed,14,99,0,0.001200521131977439,0,2,1229.98,1229.98,0.18288779099748353,0.18288779099748353
valid,valid_n14_0009_deep,14,169,0,6.262098062315147e-10,0,2,3280.82,3280.82,0.34625241700268816,0.34625241700268816
valid,valid_n14_0010_deep,14,146,0,0.00011808730778284371,0,2,1960.22,1960.22,0.290730042001087,0.290730042001087
valid,valid_n14_0011_deep,14,160,0,6.48247919343703e-07,0,2,2688.7200000000003,2688.7200000000003,0.3227868749963818,0.3227868749963818
valid,valid_n14_0012_deep,14,111,0,8.982845429272857e-06,0,2,1850.805,1850.805,0.2137432080016879,0.2137432080016879
valid,valid_n14_0013_mixed,14,87,0,8.572263141104486e-06,0,2,1208.06,1208.06,0.1558294999995269,0.1558294999995269
valid,valid_n14_0014_mixed,14,87,0,6.869772187201306e-05,0,2,1054.6,1054.6,0.16006949999791686,0.16006949999791686
valid,valid_n14_0015_mixed,14,102,0,1.7909227878476486e-08,0,2,1908.75,1908.75,0.19052274999557994,0.19052274999557994
valid,valid_n14_0016_deep,14,128,0,6.793263310100883e-06,0,2,2146.7,2146.7,0.2524720410001464,0.2524720410001464
valid,valid_n14_0017_mixed,14,175,0,4.048346102791811e-10,0,2,3547.4700000000003,3547.4700000000003,0.3702194170000439,0.3702194170000439
valid,valid_n14_0018_deep,14,196,0,6.6435310586143714e-09,0,2,3532.835,3532.835,0.40953370799979893,0.40953370799979893
valid,valid_n14_0019_deep,14,161,0,7.3953532186976645e-09,0,2,3106.065,3106.065,0.33709095800077193,0.33709095800077193
valid,valid_n14_0020_deep,14,151,0,9.16230286085451e-11,0,2,3070.665,3070.665,0.32017495800027973,0.32017495800027973
valid,valid_n14_0021_deep,14,186,0,1.6708318062441663e-10,0,2,3659.73,3659.73,0.39800641700276174,0.39800641700276174
valid,valid_n14_0022_mixed,14,90,0,0.00020568276522681117,0,2,1139.7299999999998,1139.7299999999998,0.168737541003793,0.168737541003793
valid,valid_n14_0023_mixed,14,73,0,9.376243542646989e-05,0,2,1144.765,1144.765,0.12655270799950813,0.12655270799950813
valid,valid_n16_0000_shallow,16,61,0,3.5360756100999424e-07,0,2,486.01000000000005,486.01000000000005,0.11726729300062289,0.11726729300062289
valid,valid_n16_0001_deep,16,162,0,2.7561266051634448e-06,0,2,2341.5,2341.5,0.41511687399543007,0.41511687399543007
valid,valid_n16_0002_mixed,16,123,0,0.000301724678138271,0,2,1978.7250000000001,1978.7250000000001,0.30344529199646786,0.30344529199646786
valid,valid_n16_0003_mixed,16,114,0,7.894741429481655e-06,0,2,2026.245,2026.245,0.2616754579976259,0.2616754579976259
valid,valid_n16_0004_deep,16,144,0,1.252019465880494e-08,0,2,2934.765,2934.765,0.3666339170013089,0.3666339170013089
valid,valid_n16_0005_deep,16,238,0,4.836132605490207e-10,0,2,4969.799999999999,4969.799999999999,0.7725541250001697,0.7725541250001697
valid,valid_n16_0006_deep,16,118,0,1.9986879124189727e-05,0,2,2077.24,2077.24,0.2877098749995639,0.2877098749995639
valid,valid_n16_0007_deep,16,156,0,1.4638196262239944e-05,0,2,2854.1299999999997,2854.1299999999997,0.38708924999809824,0.38708924999809824
valid,valid_n16_0008_deep,16,133,0,9.869634959613904e-05,0,2,1790.025,1790.025,0.3267400410004484,0.3267400410004484
valid,valid_n16_0009_deep,16,110,0,0.00014566034951712936,0,2,1382.6,1382.6,0.25063941599728423,0.25063941599728423
valid,valid_n16_0010_shallow,16,69,0,0.000876961334142834,0,2,1100.73,1100.73,0.1435049580031773,0.1435049580031773
valid,valid_n16_0011_shallow,16,55,0,1.484684048591589e-06,0,2,515.5500000000001,515.5500000000001,0.10887220900258399,0.10887220900258399
valid,valid_n16_0012_mixed,16,91,0,0.00042600027518346906,0,2,1184.2749999999999,1184.2749999999999,0.20057037500373553,0.20057037500373553
valid,valid_n16_0013_mixed,16,77,0,0.5911674499511719,0,2,1185.08,1185.08,0.16861208400587202,0.16861208400587202
valid,valid_n16_0014_deep,16,188,0,7.032733839729133e-10,0,2,4030.395,4030.395,0.48750658399876556,0.48750658399876556
valid,valid_n16_0015_deep,16,124,0,7.238956641231198e-06,0,2,2220.765,2220.765,0.29336408400558867,0.29336408400558867
valid,valid_n16_0016_shallow,16,44,0,0.00018992573313880712,0,2,770.23,770.23,0.08022420800261898,0.08022420800261898
valid,valid_n16_0017_deep,16,132,0,2.8390143143042224e-06,0,2,2429.8549999999996,2429.8549999999996,0.32698912499836297,0.32698912499836297
valid,valid_n16_0018_mixed,16,134,0,2.0003368206289451e-07,0,2,2575.74,2575.74,0.33137345900104265,0.33137345900104265
valid,valid_n16_0019_deep,16,137,0,7.684600404900266e-07,0,2,2488.0050000000006,2488.0050000000006,0.33647737600040273,0.33647737600040273
valid,valid_n16_0020_mixed,16,124,0,1.075480213330593e-05,0,2,2179.63,2179.63,0.30429616699984763,0.30429616699984763
valid,valid_n16_0021_deep,16,236,0,2.9670990109309514e-09,0,2,4558.080000000001,4558.080000000001,0.6471177919993352,0.6471177919993352
valid,valid_n16_0022_deep,16,233,0,1.9113224891675884e-10,0,2,5016.775,5016.775,0.6349731669979519,0.6349731669979519
valid,valid_n16_0023_mixed,16,84,0,5.302092631609412e-06,0,2,1506.35,1506.35,0.19233591600641375,0.19233591600641375
valid,valid_n18_0000_shallow,18,44,0,8.12146481621312e-07,0,2,351.64000000000004,351.64000000000004,0.10885325100025511,0.10885325100025511
valid,valid_n18_0001_mixed,18,107,0,7.666329793210025e-07,0,2,1555.3,1555.3,0.2943927500018617,0.2943927500018617
valid,valid_n18_0002_shallow,18,71,0,0.15155857801437378,0,2,1121.365,1121.365,0.18944579100207193,0.18944579100207193
valid,valid_n18_0003_shallow,18,83,0,3.4612094168551266e-07,0,2,902.9900000000001,902.9900000000001,0.21848025000144844,0.21848025000144844
valid,valid_n18_0004_shallow,18,87,0,0.0009573737042956054,0,2,1455.5849999999998,1455.5849999999998,0.24435924999852432,0.24435924999852432
valid,valid_n18_0005_deep,18,211,0,1.604826938006454e-09,0,2,4304.195,4304.195,0.6708205409995571,0.6708205409995571
valid,valid_n18_0006_shallow,18,31,1,0.999687910079956,1,1,557.765,557.765,0.006015375001879875,0.009923125002387678
valid,valid_n18_0007_deep,18,169,0,7.641939858693547e-11,0,2,3934.9500000000003,3934.9500000000003,0.5384395840010257,0.5384395840010257
valid,valid_n18_0008_shallow,18,78,0,0.005457358900457621,0,2,1211.645,1211.645,0.2058634999957576,0.2058634999957576
valid,valid_n18_0009_shallow,18,28,1,0.9999097585678101,1,1,585.3299999999999,585.3299999999999,0.0038214580017665867,0.0057329160008521285
valid,valid_n18_0010_deep,18,137,0,2.8050533273926703e-07,0,2,2743.2799999999997,2743.2799999999997,0.4213570419997268,0.4213570419997268
valid,valid_n18_0011_deep,18,177,0,1.4614939480850353e-08,0,2,3858.7700000000004,3858.7700000000004,0.5728715410004952,0.5728715410004952
valid,valid_n18_0012_mixed,18,103,0,0.00011491803161334246,0,2,1876.9099999999999,1876.9099999999999,0.292529583995929,0.292529583995929
valid,valid_n18_0013_mixed,18,109,0,2.303408791703987e-06,0,2,2101.315,2101.315,0.3153597080017789,0.3153597080017789
valid,valid_n18_0014_shallow,18,73,0,0.0181416105479002,0,2,1386.7,1386.7,0.13977429199803737,0.13977429199803737
valid,valid_n18_0015_mixed,18,123,0,7.80898244556738e-06,0,2,2161.5049999999997,2161.5049999999997,0.3552706249975017,0.3552706249975017
valid,valid_n18_0016_shallow,18,66,0,1.2729681486689515e-07,0,2,673.755,673.755,0.1685704590017849,0.1685704590017849
valid,valid_n18_0017_shallow,18,74,0,0.07552828639745712,0,2,1298.315,1298.315,0.19100337499912712,0.19100337499912712
valid,valid_n18_0018_deep,18,117,0,1.8242290025227703e-05,0,2,2012.2700000000002,2012.2700000000002,0.3487891260010656,0.3487891260010656
valid,valid_n18_0019_deep,18,141,0,2.2644151158601744e-06,0,2,2664.7349999999997,2664.7349999999997,0.4313539159957145,0.4313539159957145
valid,valid_n18_0020_mixed,18,163,0,1.1930895027489896e-07,0,2,2963.175,2963.175,0.5191111239983002,0.5191111239983002
valid,valid_n18_0021_deep,18,146,0,6.47993886104814e-07,0,2,2880.85,2880.85,0.4463330830039922,0.4463330830039922
valid,valid_n18_0022_mixed,18,143,0,7.0081073317851406e-06,0,2,2140.475,2140.475,0.425719292001304,0.425719292001304
valid,valid_n18_0023_mixed,18,151,0,2.8485169423220214e-06,0,2,2594.1800000000003,2594.1800000000003,0.4467154589983693,0.4467154589983693
test,test_n20_0000_shallow,20,65,0,5.064312426839024e-05,0,2,830.875,830.875,0.17220074900251348,0.17220074900251348
test,test_n20_0001_mixed,20,138,0,5.2099839997765685e-09,0,2,1754.405,1754.405,0.46955466699728277,0.46955466699728277
test,test_n20_0002_mixed,20,120,0,1.166484707937343e-05,0,2,2235.41,2235.41,0.4186052089971781,0.4186052089971781
test,test_n20_0003_deep,20,179,0,2.211004046515086e-09,0,2,3691.4,3691.4,0.6595072090058238,0.6595072090058238
test,test_n20_0004_mixed,20,87,0,5.466950096888468e-05,0,2,1322.1899999999998,1322.1899999999998,0.2858582090011623,0.2858582090011623
test,test_n20_0005_shallow,20,55,0,0.3688366115093231,0,2,847.9599999999999,847.9599999999999,0.11165604100096971,0.11165604100096971
test,test_n20_0006_mixed,20,111,0,1.3122526979714166e-05,0,2,1897.0,1897.0,0.37232187599511235,0.37232187599511235
test,test_n20_0007_deep,20,189,0,1.7225457327185723e-07,0,2,2971.9750000000004,2971.9750000000004,0.6958882079998148,0.6958882079998148
test,test_n20_0008_deep,20,149,0,7.019392711526962e-08,0,2,2762.73,2762.73,0.5435460009975941,0.5435460009975941
test,test_n20_0009_mixed,20,112,0,7.809473572706338e-06,0,2,1661.415,1661.415,0.3739550850041269,0.3739550850041269
test,test_n20_0010_mixed,20,91,0,7.955381443025544e-05,0,2,1575.92,1575.92,0.30096995799976867,0.30096995799976867
test,test_n20_0011_mixed,20,110,0,1.9085381097738718e-07,0,2,1593.4199999999998,1593.4199999999998,0.36135141600243514,0.36135141600243514
test,test_n20_0012_shallow,20,42,1,0.0072847832925617695,0,2,554.2200000000001,554.2200000000001,0.015330958001868566,0.015330958001868566
test,test_n20_0013_shallow,20,62,1,0.0001980327069759369,0,2,903.9449999999999,903.9449999999999,0.03657133399974555,0.03657133399974555
test,test_n20_0014_deep,20,191,0,3.1228260866100754e-08,0,2,3057.335,3057.335,0.7310456259983766,0.7310456259983766
test,test_n20_0015_mixed,20,118,0,1.3596696817330667e-06,0,2,1786.77,1786.77,0.39518300100098713,0.39518300100098713
test,test_n20_0016_shallow,20,54,1,2.8178046704852022e-05,0,2,840.4799999999999,840.4799999999999,0.02012454099894967,0.02012454099894967
test,test_n20_0017_deep,20,179,0,5.028378824434299e-10,0,2,4141.179999999999,4141.179999999999,0.6867705829972692,0.6867705829972692
test,test_n20_0018_shallow,20,55,0,7.960744369484019e-06,0,2,500.595,500.595,0.15034479099995224,0.15034479099995224
test,test_n20_0019_shallow,20,37,1,0.0,0,2,483.94,483.94,0.013679749001312302,0.013679749001312302
test,test_n20_0020_mixed,20,110,0,2.9015541258559097e-07,0,2,1833.755,1833.755,0.3715884160010319,0.3715884160010319
test,test_n20_0021_shallow,20,41,0,4.63809774373658e-05,0,2,471.23,471.23,0.09511658399787848,0.09511658399787848
test,test_n20_0022_deep,20,210,0,7.742882029981857e-11,0,2,4554.469999999999,4554.469999999999,0.8071384159993613,0.8071384159993613
test,test_n20_0023_deep,20,218,0,1.2487826328566598e-09,0,2,4541.405000000001,4541.405000000001,0.8336416249985632,0.8336416249985632
test,test_n20_0024_deep,20,233,0,5.4824605966175e-10,0,2,4779.775,4779.775,0.9114604160022282,0.9114604160022282
test,test_n20_0025_shallow,20,39,1,0.8877101540565491,1,1,637.8699999999999,637.8699999999999,0.01790837500084308,0.051087542004097486
test,test_n20_0026_deep,20,202,0,2.2716774594755407e-07,0,2,2944.055,2944.055,0.7424387069986551,0.7424387069986551
test,test_n20_0027_mixed,20,124,0,6.410244282051281e-07,0,2,1726.1850000000002,1726.1850000000002,0.4129268750002666,0.4129268750002666
test,test_n20_0028_mixed,20,167,0,1.3706679169445124e-07,0,2,3065.585,3065.585,0.6074289999996836,0.6074289999996836
test,test_n20_0029_shallow,20,38,1,3.511692921165377e-05,0,2,373.48499999999996,373.48499999999996,0.034400874999846565,0.034400874999846565
test,test_n20_0030_shallow,20,52,1,0.010518773458898067,0,2,565.515,565.515,0.1461171659975662,0.1461171659975662
test,test_n20_0031_deep,20,197,0,1.972833842955879e-07,0,2,3217.79,3217.79,0.7401747929980047,0.7401747929980047
test,test_n20_0032_mixed,20,136,0,2.8577633770510147e-07,0,2,2104.9399999999996,2104.9399999999996,0.47118591599792126,0.47118591599792126
test,test_n20_0033_mixed,20,128,0,2.233031324294643e-07,0,2,2373.995,2373.995,0.44095291599660413,0.44095291599660413
test,test_n20_0034_shallow,20,42,1,0.019272511824965477,0,2,707.625,707.625,0.04181958400295116,0.04181958400295116
test,test_n20_0035_deep,20,186,0,2.7141042746592348e-09,0,2,3575.6150000000002,3575.6150000000002,0.6943197909968148,0.6943197909968148
test,test_n20_0036_mixed,20,95,0,4.969925271325337e-07,0,2,1665.22,1665.22,0.32804987599956803,0.32804987599956803
test,test_n20_0037_mixed,20,112,0,2.1659748199454043e-06,0,2,1911.2100000000003,1911.2100000000003,0.3903512489996501,0.3903512489996501
test,test_n20_0038_mixed,20,122,0,7.95876431425313e-08,0,2,1421.7600000000002,1421.7600000000002,0.41575700099929236,0.41575700099929236
test,test_n20_0039_shallow,20,52,1,0.011870804242789745,0,2,600.8699999999999,600.8699999999999,0.033440833001805004,0.033440833001805004
test,test_n20_0040_deep,20,160,0,1.0746602185918164e-07,0,2,2485.215,2485.215,0.5719735410020803,0.5719735410020803
test,test_n20_0041_deep,20,159,0,4.586209740864433e-07,0,2,2826.27,2826.27,0.5816135830027633,0.5816135830027633
test,test_n20_0042_mixed,20,109,0,3.236562804431742e-07,0,2,2248.61,2248.61,0.37976904200331774,0.37976904200331774
test,test_n20_0043_deep,20,139,0,1.1051488399971277e-06,0,2,2405.355,2405.355,0.4937912919995142,0.4937912919995142
test,test_n20_0044_shallow,20,55,1,0.9993896484375,1,1,1019.955,1019.955,0.008832999999867752,0.013230749998911051
test,test_n20_0045_mixed,20,56,1,0.9999738931655884,1,1,1009.4399999999999,1009.4399999999999,0.013291125000250759,0.02197337499819696
test,test_n20_0046_mixed,20,112,0,6.140107866592359e-11,0,2,1208.6299999999999,1208.6299999999999,0.36885316699408577,0.36885316699408577
test,test_n20_0047_deep,20,179,0,2.8118746442373777e-08,0,2,2507.4600000000005,2507.4600000000005,0.6414492490002885,0.6414492490002885
